status	base_mode	working_mode	base_blob	working_blob	path	upstream_change	default_decision
M	100644	100644	c1e874d719fe032ee272d0e90ce8919c1960c32a	50b2d78a7373d8be5ae9cc3ebf8bd398525138e8	.env.example	yes:M	three-way-preserve-musuw
D	100644	000000	1f7bce20da3266a48be55ce9c75429a8b1de51f2	0000000000000000000000000000000000000000	.github/workflows/app.yml	yes:M	three-way-preserve-musuw
D	100644	000000	e4602a0f23807b1c1bca22cb8cfaff3636710c25	0000000000000000000000000000000000000000	.github/workflows/cli-e2e.yml	no	preserve-local-deletion
D	100644	000000	1227dd76ef551c68e18769b8afae25b0995b7ef2	0000000000000000000000000000000000000000	.github/workflows/cli.yml	yes:M	three-way-preserve-musuw
D	100644	000000	fe1a8669b3d156f5078b8a5bd7afb8b20d2f3215	0000000000000000000000000000000000000000	.github/workflows/docker-image.yml	yes:M	three-way-preserve-musuw
D	100644	000000	93ece72bd5952ec3ba3690b9a6ae4fc80bce1baf	0000000000000000000000000000000000000000	.github/workflows/docreader.yml	yes:M	three-way-preserve-musuw
D	100644	000000	14df10f217624bfeba937d61f423ca76db76504f	0000000000000000000000000000000000000000	.github/workflows/frontend.yml	no	preserve-local-deletion
D	100644	000000	07ede56f80abe4e86a36553888e6a7ad98ba232c	0000000000000000000000000000000000000000	.github/workflows/mcp-server.yml	no	preserve-local-deletion
D	100644	000000	6a48c13132d953185c66614e88812fff1a72215d	0000000000000000000000000000000000000000	.github/workflows/release-lite.yml	no	preserve-local-deletion
M	100644	100644	1423ddab11659dc7d3aa35a8d560122ac7e03cec	b26303eca3e04ad9deed3dcf5bc941d1f5d81d18	.gitignore	yes:M	three-way-preserve-musuw
M	100644	100644	acad8462c6fc14f2f2cb02c4a9f97fbbf776f878	3bb44243e57911fc961dfbb35a26b27cdd95d9a1	Makefile	yes:M	three-way-preserve-musuw
M	100755	100755	464bab7b305f1cc2aec880c56749ecb71a8af93a	2b34c40813b219164b5f4e1c6cd7c82db6ed2529	cli/scripts/check-secret-tokens.sh	no	preserve-local-modification
M	100644	100644	5afd8f9e8172102a63850f81137414403e6701c9	54b7fca3804d6789981da0ed2a9dad623f435e8a	client/tenant.go	yes:M	three-way-preserve-musuw
D	100644	000000	654185a187fa3e6af5b90ad5a93674966cbfdfcf	0000000000000000000000000000000000000000	cmd/desktop/app.go	no	preserve-local-deletion
D	100644	000000	63617fe4f746b8a878bd5f44725f4f317b9d9850	0000000000000000000000000000000000000000	cmd/desktop/build/appicon.png	no	preserve-local-deletion
D	100644	000000	d17a7475c585599a6928cc2af63a1dcbae7ee6c9	0000000000000000000000000000000000000000	cmd/desktop/build/darwin/Info.plist	no	preserve-local-deletion
D	100644	000000	b5c0efd1a2706e4b7a84056d479529c47ce435e4	0000000000000000000000000000000000000000	cmd/desktop/main.go	no	preserve-local-deletion
D	100644	000000	650d377d535b26f022a328b525cb46962d2e718e	0000000000000000000000000000000000000000	cmd/desktop/main_bindings.go	no	preserve-local-deletion
D	100644	000000	45a1a63501f2d02167a546448a73a09a15af969a	0000000000000000000000000000000000000000	cmd/desktop/prefs.go	no	preserve-local-deletion
D	100644	000000	a1bd868402b31352bf80a3d815cd3c00beb8cff3	0000000000000000000000000000000000000000	cmd/desktop/update.go	no	preserve-local-deletion
D	100644	000000	72932f447823a63a4fb7df3b187097ac24c9349f	0000000000000000000000000000000000000000	cmd/desktop/wails.json	no	preserve-local-deletion
M	100644	100644	22b0ce52767d37344fe5eb52bbd892cc0665c819	6e1c7e2cec24a4e8a5ef2f58f5a201ec697fc4cc	config/builtin_agents.yaml	yes:M	three-way-preserve-musuw
A	000000	100644	0000000000000000000000000000000000000000	25b3eca7bea042f0cba1bf8ab1f0d82cbcb962d5	config/builtin_models.yaml	no	preserve-local-addition
M	100644	100644	c6b69f3c1d9039d52e0215f3de87d868269157ac	7ca9102c7f55b6a71c13ac975e86184427b86b73	config/config.yaml	no	preserve-local-modification
M	100644	100644	f46f72d36b747989ab6569e7730288b9f957424a	277ca8b093c8ed935d2a926fdea4fd3fd6932f90	config/prompt_templates/agent_system_prompt.yaml	yes:M	three-way-preserve-musuw
M	100644	100644	66036a407834b96e9f1b39626c23f7f77ce2a914	64568a5c9551afbc21850093ba5feb54461b59eb	config/prompt_templates/fallback.yaml	no	preserve-local-modification
M	100644	100644	4d600f16e157e55103beb491938ca30a39b91e1d	d4f952c792260e08cb83bcc03b64b1de76eb2bf2	config/prompt_templates/intent_prompts.yaml	no	preserve-local-modification
M	100644	100644	2cd239b00bcb30f11979267dfe3a9b1c482ebb84	3ae504933a8b5b7579b8e15a8822826555561e54	config/prompt_templates/system_prompt.yaml	no	preserve-local-modification
M	100644	100644	5155038267587643d69e331efcd3447562451455	21170a79703f473966c22b65d0fcf10ea9fbd39d	docker-compose.yml	yes:M	three-way-preserve-musuw
M	100644	100644	3fd561c98fa05b6ce7d248e795025c3504f7af88	82f1d28279a3628f158a4b5a5697a300ae168676	docker/searxng/settings.yml	no	preserve-local-modification
M	100644	100644	7f89d961de67210ce283ec6d2cc5135418cb75ac	0f158122836ede2b5059cef5dfcc24061ca3b871	docs/QA.md	no	preserve-local-modification
M	100644	100644	06864e1d830666ad0bd778869d120c3b58d052c1	eeb800d815b6aa82871d5aebbe38abc558f3e043	docs/api/tenant.md	yes:M	three-way-preserve-musuw
M	100644	100644	9f87c24c8fefe009b10e5917f9eb81b1257c02f5	e65c06f11bd4cfa8c7bb2a255c4bb9613e133f1d	docs/docs.go	yes:M	three-way-preserve-musuw
M	100644	100644	39cf40362829a953ee9034caa65407ecfc79a3ee	0a339c9a4e69c00a7c07740af0e41f4b0fe9c0fd	docs/embed-secure-mode.md	no	preserve-local-modification
M	100644	100644	863b797433396e0aada0d6544602e85d97d2aa22	cdaec21081950b7d258a781239dd05a37cc1d979	docs/embed-subdomain.md	no	preserve-local-modification
M	100644	100644	e1eb820d5fbba43ff418057b1ee0092c72b73f9f	83294c63d8779639547738cd3ab5e2a633ec8bae	docs/swagger.json	yes:M	three-way-preserve-musuw
M	100644	100644	72a2a86fd6ab97e4263b6db6a05a7f4185c59ec7	ccade079cf08f16f79c7665b97f2c92cf59672e7	docs/swagger.yaml	yes:M	three-way-preserve-musuw
M	100644	100644	f0a7bd4148de01e972b8a7fa137766ec7aca73da	319d063c5909a76e1b5c67025370c896dd2436ad	frontend/docker-entrypoint.sh	yes:M	three-way-preserve-musuw
M	100644	100644	79a4e944a9eb0b4a9f5d5e27ac5c2540154d4f22	de977639553792698cc7279fd460b950fe324cd7	frontend/embed.html	no	preserve-local-modification
M	100644	100644	f067d83773a859638ee987c648fb171142606e8d	5725c12d79a4ecac9b7b0af2fdafbbce298472f9	frontend/index.html	no	preserve-local-modification
M	100644	100644	11c8fd2cb481a49d099387e8396afb6728598a05	f78be4c3509a18328f5d85f61fd0d8b49d1ca37f	frontend/nginx.conf	no	preserve-local-modification
A	000000	100644	0000000000000000000000000000000000000000	39a0cceaf770893a1d1f58d11656a663a0caafef	frontend/operations.html	no	preserve-local-addition
M	100644	100644	439e7e4043b46be3009bfee190d11c121382376b	5c60b5664f7beb4545a6ad6782e4dbc5ec5527de	frontend/package-lock.json	yes:M	three-way-preserve-musuw
M	100644	100644	8d030668c9b39a4c1d2607a4ec3341143240b0c8	86af2b3842e637b8f2d15edd1489178f97e0893d	frontend/package.json	no	preserve-local-modification
M	100644	100644	c8931efa974c3004862c65fd72dfd1437ed8a7f5	23ca0291594381bb5f8b1cfe1ade07891195dc1e	frontend/public/favicon.ico	no	preserve-local-modification
A	000000	100644	0000000000000000000000000000000000000000	8f274960e871d5dbb103c39ea96b565e854867f4	frontend/public/musuw-logo.png	no	preserve-local-addition
A	000000	100644	0000000000000000000000000000000000000000	9143e4db5714b436232e105108eb8c4416d55085	frontend/public/musuw-widget.js	no	preserve-local-addition
A	000000	100644	0000000000000000000000000000000000000000	d33b148cafc0d8898916b5cb838c5b0f9764ff65	frontend/public/vendor/obsidian-1.13.7/README.md	no	preserve-local-addition
A	000000	100644	0000000000000000000000000000000000000000	362337778dade7ebf2477911eb19a64981cc5440	frontend/public/vendor/obsidian-1.13.7/graph-sim.js	no	preserve-local-addition
D	100644	000000	3207d0111429743aaa6d777c3da79bc4f2b0a276	0000000000000000000000000000000000000000	frontend/public/weknora-widget.js	no	preserve-local-deletion
A	000000	100644	0000000000000000000000000000000000000000	a3c07150a72e95ccc53a7a3c6743fb8f3ead20fb	frontend/src/App.oidc-error.test.mjs	no	preserve-local-addition
A	000000	100644	0000000000000000000000000000000000000000	6172260ef5aea97e348deace9d532edd87129a49	frontend/src/App.oidc-performance.test.mjs	no	preserve-local-addition
M	100644	100644	9b50e3b424d2e0fdaec162a854b3261ac15fa29b	c77a9b284e236e548273e29a0f196409b37f350e	frontend/src/App.vue	yes:M	three-way-preserve-musuw
M	100644	100644	44a5871a2fea697cab291e1cd7ae8242c716acb5	9efafdcf7de918d7d3aa3e55fb5f73156faa43dc	frontend/src/api/auth/index.ts	yes:M	three-way-preserve-musuw
M	100644	100644	1ec712201821729c4571836a9cc39065661a01b4	91e747a7c9b287b01ac56a1175b5c1f3571ba610	frontend/src/api/chat/streame.ts	no	preserve-local-modification
M	100644	100644	1e541fec65d18ce26a5ad5646eb6690919b2afef	f56b291760ed832bef2685fc329d054bdadd68e7	frontend/src/api/embed/index.ts	no	preserve-local-modification
A	000000	100644	0000000000000000000000000000000000000000	dcc1191d91d6a4582dac33151f65826ce1a59749	frontend/src/api/entitlement.ts	no	preserve-local-addition
M	100644	100644	7eecec5199c5168b8280322b241d8f818f226412	8304b88f5ef32b701b4372b2ca9fa52000aa0390	frontend/src/api/knowledge-base/index.ts	yes:M	three-way-preserve-musuw
A	000000	100644	0000000000000000000000000000000000000000	88efe876477e4b0de01bef43e0552a3e4d879de2	frontend/src/api/model/consumerSceneOptions.test.mjs	no	preserve-local-addition
M	100644	100644	e18d9657af45015d0c8bb5903f6406197d33073f	d75e604f04045c10e62f3b947b7be5a325ee96bb	frontend/src/api/model/index.ts	no	preserve-local-modification
M	100644	100644	9fc038a0af4b0a5724127582fdec44c371cd6ea4	67221fe611676e0b95eb6e3879a90cc52defd292	frontend/src/api/organization/index.ts	no	preserve-local-modification
A	000000	100644	0000000000000000000000000000000000000000	deacaba120a8a37bb470c70bc92274c106a8bcbe	frontend/src/assets/AgentKnowledgeCardParity.test.mjs	no	preserve-local-addition
A	000000	100644	0000000000000000000000000000000000000000	bfe05d85e3a516bd64afa6d69bfa6f9dddf3e5c5	frontend/src/assets/business-baselines/ChatIndex.pre-view.vue	no	preserve-local-addition
A	000000	100644	0000000000000000000000000000000000000000	bfa653c206ebb7d579e294e18f8220ffb83f5682	frontend/src/assets/business-baselines/Input-field.pre-view.vue	no	preserve-local-addition
A	000000	100644	0000000000000000000000000000000000000000	75996e898b170fe61e0c32eac39ca71b79bee9a0	frontend/src/assets/business-baselines/KnowledgeBase.pre-view.vue	no	preserve-local-addition
A	000000	100644	0000000000000000000000000000000000000000	c49c30b1e68b3e99b8965b447eadac4bfc268249	frontend/src/assets/business-baselines/KnowledgeBaseList.pre-view.vue	no	preserve-local-addition
A	000000	100644	0000000000000000000000000000000000000000	4b6090b0ee24ffbcc97ccdd3f70220cd44966a8e	frontend/src/assets/business-baselines/manual-knowledge-editor.pre-view.vue	no	preserve-local-addition
A	000000	100644	0000000000000000000000000000000000000000	7686bad141078b5c7ad25f8bae21a3b4a8d158b1	frontend/src/assets/business-baselines/menu.pre-view.vue	no	preserve-local-addition
A	000000	100644	0000000000000000000000000000000000000000	1dde5c4cf7f4c2c7538cf50e32caf8a062bd2190	frontend/src/assets/drawerRootPaintContract.test.mjs	no	preserve-local-addition
D	100644	000000	3a524896e3f10ee88e3bb120eb8e95c5b9aaf9ef	0000000000000000000000000000000000000000	frontend/src/assets/fonts.css	no	preserve-local-deletion
D	100644	000000	386dd20f5cfaaada243f5bd5e009cb886bba077a	0000000000000000000000000000000000000000	frontend/src/assets/fonts/TencentSans.ttf	no	preserve-local-deletion
M	100644	100644	1ec48493fd29e75e3367e1290a68ad1626926404	21fd4b036b687ada66356802a1035316f4786691	frontend/src/assets/img/screenshot-1.svg	no	preserve-local-modification
D	100644	000000	23a2cc453b6e74d1bf32a538938e988b2bf797f7	0000000000000000000000000000000000000000	frontend/src/assets/img/weknora.png	no	preserve-local-deletion
A	000000	100644	0000000000000000000000000000000000000000	19cf1b65f17b7dea8ad4ab7b1c5a94c50b5ca27d	frontend/src/assets/musnowSettingsReferenceVisual.test.mjs	no	preserve-local-addition
A	000000	100644	0000000000000000000000000000000000000000	7048ab4a7ca7a15689cb2cb8ffcf91f2c6c45580	frontend/src/assets/musuw-document-list-reference-final.css	no	preserve-local-addition
A	000000	100644	0000000000000000000000000000000000000000	39547cb8f96bf773f333a880355c5c6ab9043124	frontend/src/assets/musuw-document-preview-final.css	no	preserve-local-addition
A	000000	100644	0000000000000000000000000000000000000000	db0a4a09e21f998f560892eec1a992d2715b73cd	frontend/src/assets/musuw-final-contract-closure.css	no	preserve-local-addition
A	000000	100644	0000000000000000000000000000000000000000	731cd95b3824be0dcfb97cc6afb3a74d84bbf901	frontend/src/assets/musuw-final-theme-closure.css	no	preserve-local-addition
A	000000	100644	0000000000000000000000000000000000000000	036947a3b51e64583026a72fae8cd30f3732a413	frontend/src/assets/musuw-guide-reference.css	no	preserve-local-addition
A	000000	100644	0000000000000000000000000000000000000000	1a713966128ac375623db936c736cda02d374642	frontend/src/assets/musuw-kb-editor-inner-final.css	no	preserve-local-addition
A	000000	100644	0000000000000000000000000000000000000000	6ae24029f80b9945a55516b5586255f0b4bc810b	frontend/src/assets/musuw-model-editor-inner-final.css	no	preserve-local-addition
A	000000	100644	0000000000000000000000000000000000000000	d4bba5f05db69266dda68a88ee05bf00c417be99	frontend/src/assets/musuw-native-directory-reference.css	no	preserve-local-addition
A	000000	100644	0000000000000000000000000000000000000000	7b2f921587cd58e4b0381d4367ae2a12c72cad0c	frontend/src/assets/musuw-onboarding-native.css	no	preserve-local-addition
A	000000	100644	0000000000000000000000000000000000000000	7d560bbd215c497f63e5278f7dc1af12460e4e3b	frontend/src/assets/musuw-qapanel-reference-final.css	no	preserve-local-addition
A	000000	100644	0000000000000000000000000000000000000000	2c6a51b2448017570422cf5715232f74fbbb5a37	frontend/src/assets/musuw-reachable-surface-final.css	no	preserve-local-addition
A	000000	100644	0000000000000000000000000000000000000000	b00fecd1c8831e56d67e35bfa302035538470fb4	frontend/src/assets/musuw-reference-lucide-precision.css	no	preserve-local-addition
A	000000	100644	0000000000000000000000000000000000000000	cda06e8df19f25f44aa09ae98b109f89442066f2	frontend/src/assets/musuw-reference-precision-fixes.css	no	preserve-local-addition
A	000000	100644	0000000000000000000000000000000000000000	5caf987e2a29be8698452ed8ef29674f381df476	frontend/src/assets/musuw-settings-reference-inner.css	no	preserve-local-addition
A	000000	100644	0000000000000000000000000000000000000000	2fc6778b25ec78138ec1f3ce8b948ac05a06b285	frontend/src/assets/musuw-tdesign-overlay-bridge.css	no	preserve-local-addition
A	000000	100644	0000000000000000000000000000000000000000	16a5690e5e0be1470a65b884cdda73df6136928e	frontend/src/assets/musuw-ui-primitives.css	no	preserve-local-addition
A	000000	100644	0000000000000000000000000000000000000000	02018ed39790c66df0e0ebca6f325e1442158e30	frontend/src/assets/musuw-visual-contract-final.css	no	preserve-local-addition
A	000000	100644	0000000000000000000000000000000000000000	d19fe38d646400d1bbf0895e45c7141e2959d647	frontend/src/assets/musuw-visual-preference-compat.css	no	preserve-local-addition
A	000000	100644	0000000000000000000000000000000000000000	cda963c4a2b6f75db2d8f7b1590144b084cf5d04	frontend/src/assets/musuw-visual.less	no	preserve-local-addition
A	000000	100644	0000000000000000000000000000000000000000	370bb72e68e86ca0bb281db795bab0ec83733a31	frontend/src/assets/musuwAdapterEventContract.test.mjs	no	preserve-local-addition
A	000000	100644	0000000000000000000000000000000000000000	9d1a9134dcd66300a9b7862493880c2e81a8230b	frontend/src/assets/musuwBrandSurfaceContract.test.mjs	no	preserve-local-addition
A	000000	100644	0000000000000000000000000000000000000000	cbdcfcc855fdd09773bedbcf22473c89d55ed1aa	frontend/src/assets/musuwBusinessBaselineFingerprint.test.mjs	no	preserve-local-addition
A	000000	100644	0000000000000000000000000000000000000000	25de88b89ecbb4ea9b69af74516c1351434613cd	frontend/src/assets/musuwBusinessControllerBuildContract.test.mjs	no	preserve-local-addition
A	000000	100644	0000000000000000000000000000000000000000	c7df68c0fa583901bc1e315c9de6e2f5f3e6e051	frontend/src/assets/musuwBusinessPresentationParity.test.mjs	no	preserve-local-addition
A	000000	100644	0000000000000000000000000000000000000000	965cf5c41491fefab4958232629556eafa66ee14	frontend/src/assets/musuwChatDarkTheme.test.mjs	no	preserve-local-addition
A	000000	100644	0000000000000000000000000000000000000000	b26410f8cb5b38b0fc85254c9b9ac235608a311b	frontend/src/assets/musuwChatParentBusinessParity.test.mjs	no	preserve-local-addition
A	000000	100644	0000000000000000000000000000000000000000	2f0b927b7d4dfbd097f5d1460f94431ce4a75eab	frontend/src/assets/musuwChatViewGuard.test.mjs	no	preserve-local-addition
A	000000	100644	0000000000000000000000000000000000000000	29efb5944e120734d4aea1a9781b7d77101622da	frontend/src/assets/musuwComposerViewGuard.test.mjs	no	preserve-local-addition
A	000000	100644	0000000000000000000000000000000000000000	cd092d976af48453e28faade5814885c2ab5f01c	frontend/src/assets/musuwDarkInteractiveSurfaceContract.test.mjs	no	preserve-local-addition
A	000000	100644	0000000000000000000000000000000000000000	0abba880e19505bc092fc224aa409ae5109e687c	frontend/src/assets/musuwDocumentPreviewFinal.test.mjs	no	preserve-local-addition
A	000000	100644	0000000000000000000000000000000000000000	4d7809a8eb2b1a2f1431bc6b3caaa5bbb007e398	frontend/src/assets/musuwFinalVisualContract.test.mjs	no	preserve-local-addition
A	000000	100644	0000000000000000000000000000000000000000	c8d209cf63dd49e0ed8de7cf53470606143043e5	frontend/src/assets/musuwInputFieldBusinessParity.test.mjs	no	preserve-local-addition
A	000000	100644	0000000000000000000000000000000000000000	c05b49a6126236eca7b0a23906fd001adbdfb1c2	frontend/src/assets/musuwKBEditorInnerFinal.test.mjs	no	preserve-local-addition
A	000000	100644	0000000000000000000000000000000000000000	97e2d8f41bb4fb923df99763e58ed7427c4ffe03	frontend/src/assets/musuwKnowledgeBaseBusinessParity.test.mjs	no	preserve-local-addition
A	000000	100644	0000000000000000000000000000000000000000	d1faf1fead013042bd086116786df8e9bbcc262c	frontend/src/assets/musuwKnowledgeBaseListBusinessParity.test.mjs	no	preserve-local-addition
A	000000	100644	0000000000000000000000000000000000000000	bd253c9ca79f8643e81ddabdf43f73c067cd3de6	frontend/src/assets/musuwKnowledgeDarkTheme.test.mjs	no	preserve-local-addition
A	000000	100644	0000000000000000000000000000000000000000	b55e0e7b3cc95b3df9d89c8a2dd064a5a18675dd	frontend/src/assets/musuwManualEditorBusinessParity.test.mjs	no	preserve-local-addition
A	000000	100644	0000000000000000000000000000000000000000	31a2696eed4adca445a97bc78e0410400e8b2e00	frontend/src/assets/musuwMeasuredVisualContract.test.mjs	no	preserve-local-addition
A	000000	100644	0000000000000000000000000000000000000000	6e5b245ab18e074f39293270636edecf13d44b0c	frontend/src/assets/musuwMigratedViewGuard.test.mjs	no	preserve-local-addition
A	000000	100644	0000000000000000000000000000000000000000	21af6bbcb91eb7293ae327ab88aa4e024f521c86	frontend/src/assets/musuwModelEditorInnerFinal.test.mjs	no	preserve-local-addition
A	000000	100644	0000000000000000000000000000000000000000	eef0ba4d48c168feff11be77519ab1f03b1e69a2	frontend/src/assets/musuwOnboardingNative.test.mjs	no	preserve-local-addition
A	000000	100644	0000000000000000000000000000000000000000	45c97220313ff3a737484dd634d620b86c10196c	frontend/src/assets/musuwReachableSurfaceFinal.test.mjs	no	preserve-local-addition
A	000000	100644	0000000000000000000000000000000000000000	97673357cbb9acddd7dfff17543118e12933695e	frontend/src/assets/musuwReferenceBusinessBaseline.test.mjs	no	preserve-local-addition
A	000000	100644	0000000000000000000000000000000000000000	e33162a245b7a8405efeeecbb90056cfe91853f9	frontend/src/assets/musuwReferenceBusinessDomContract.test.mjs	no	preserve-local-addition
A	000000	100644	0000000000000000000000000000000000000000	efaf905a98f6e53349a332d5d33b2f81709cf44e	frontend/src/assets/musuwReferenceLucidePrecision.test.mjs	no	preserve-local-addition
A	000000	100644	0000000000000000000000000000000000000000	2e3ffd7c8f37cf504247fe0395cefbad466a9d2d	frontend/src/assets/musuwReferencePixelContract.test.mjs	no	preserve-local-addition
A	000000	100644	0000000000000000000000000000000000000000	8c831aa8dc2bdb7f85bf80c4cacb1a7b0b125ce9	frontend/src/assets/musuwReferencePrecisionFixes.test.mjs	no	preserve-local-addition
A	000000	100644	0000000000000000000000000000000000000000	29c74adce07e80b61d7043f3ce08f8d380f8b86d	frontend/src/assets/musuwReferenceSourceTokenContract.test.mjs	no	preserve-local-addition
A	000000	100644	0000000000000000000000000000000000000000	5f628d892f8eb774c769c7bf45cd9c6010fea4c1	frontend/src/assets/musuwResponsiveContract.test.mjs	no	preserve-local-addition
A	000000	100644	0000000000000000000000000000000000000000	b6c43d90fb1649bd85c24ffc746d1a408ea9a8cb	frontend/src/assets/musuwSettingsRhythmContract.test.mjs	no	preserve-local-addition
A	000000	100644	0000000000000000000000000000000000000000	b20b62ef47c2a476ced0d9f83d4074ebe428d046	frontend/src/assets/musuwSidebarBusinessParity.test.mjs	no	preserve-local-addition
A	000000	100644	0000000000000000000000000000000000000000	93b90aff06df740bbba3cc6be84b35e241ac46a6	frontend/src/assets/musuwTDesignOverlayBridge.test.mjs	no	preserve-local-addition
A	000000	100644	0000000000000000000000000000000000000000	c71aaa2d903fe7ec8d4c0ff3f855c2f93d62ebbe	frontend/src/assets/musuwThemeBootCanvas.test.mjs	no	preserve-local-addition
A	000000	100644	0000000000000000000000000000000000000000	2db29a7e59f3aece01349d22be74b125613f14f8	frontend/src/assets/musuwThemeColorContract.test.mjs	no	preserve-local-addition
A	000000	100644	0000000000000000000000000000000000000000	cb2055a18ab1da52d8efe903f2932e36792ecb15	frontend/src/assets/musuwVisualContract.test.mjs	no	preserve-local-addition
A	000000	100644	0000000000000000000000000000000000000000	f0c5e1c5a150f4e9d95e780d067c14d96c7dd763	frontend/src/assets/musuwWeKnoraVisibleBehaviorContract.test.mjs	no	preserve-local-addition
M	100644	100644	e62ec6f17198bc99e948e704b72aab7f53a1ac44	baa43d95c89353615fbd3f702d87f790b0c6bdb5	frontend/src/assets/theme/theme.css	no	preserve-local-modification
A	000000	100644	0000000000000000000000000000000000000000	8d217e7a9ba1ad20267582b9fefd0b5da367620e	frontend/src/components/AgentListContextualGuideBridge.vue	no	preserve-local-addition
A	000000	100644	0000000000000000000000000000000000000000	a5bea3f6c11c1b941416612376db5dfd1a627042	frontend/src/components/AgentSelector.native-contract.test.mjs	no	preserve-local-addition
D	100644	000000	8994260810362d22f63e5bea684dff5ee9ccfffa	0000000000000000000000000000000000000000	frontend/src/components/AgentSelector.vue	no	preserve-local-deletion
M	100644	100644	088d5164a770d213e2175a9ca27afb339aeff4e4	16a12821c66739adde2fcf0f781f12d513aba75e	frontend/src/components/AttachmentUpload.vue	no	preserve-local-modification
M	100644	100644	edcd08c1a04395d54db318a556a5332ad31a9f5d	0590ff11ef7817dbe56b017ec24b1e7f237aaa78	frontend/src/components/ChatAttachmentPreviewDrawer.vue	no	preserve-local-modification
M	100644	100644	b2a42b84fc7a76ecbe8fb5f1c8079dddf6ef555b	02a15ab783c5de2973f447e3ae7170e8cdb8d24c	frontend/src/components/ChatCitationFloat.vue	no	preserve-local-modification
M	100644	100644	79aec898f1e90c21a9f63fa77bce0dca509750c4	c0816edeecbb4340dbc5bd71418097a1b3965e7c	frontend/src/components/ChatHeader.vue	yes:M	three-way-preserve-musuw
M	100644	100644	9001acea76aae131cc7420f3e1ffd275b58fce52	6fcf9c24d2321d97c8e70266160336ee1c5c4b2f	frontend/src/components/ChatReferencesDrawer.vue	no	preserve-local-modification
M	100644	100644	2919cfc635677812f2e407c06ebf0f5661952900	72d6928d0fc272ed753aef99a974d476be724242	frontend/src/components/ChatRequestInfoButton.vue	yes:M	three-way-preserve-musuw
M	100644	100644	37829b5566546e48f39e8d344b5cb0647da65824	f956f77923457d9fbcbc2aee7b0a2d3cbfe0a4d5	frontend/src/components/CreateTenantDialog.vue	no	preserve-local-modification
M	100644	100644	65f74a2dcc098caab26dc419eeb9b4385230746f	8fca04f8abbe1d59fb9abc22f73da9bc4e7df4a4	frontend/src/components/EmbedInputField.vue	no	preserve-local-modification
M	100644	100644	3476bf74eb04c64948038b89d6f985ab73e92d51	3288b6a1beb9acce714cc86a707c6fe939efbf27	frontend/src/components/GlobalCommandPalette.vue	yes:M	three-way-preserve-musuw
M	100644	100644	337458a0cafce8fb418ce93f46257375408b5676	000847a165b50f4658ba6ee7b0be53e6ac95cb5c	frontend/src/components/GlobalCommandPalette/ResultGroup.vue	no	preserve-local-modification
M	100644	100644	596367743dca39555a4981713bc5e7bd82358bbd	cec0c8ed8ce014532b80ca701b0123c8201bf598	frontend/src/components/GlobalCommandPalette/ResultItem.vue	no	preserve-local-modification
M	100644	100644	4db0f49b2541f2752c4b3bff80e4c0c916835867	8f41581bf5033b4ef9697e0b587037cd5510d651	frontend/src/components/GlobalCommandPalette/commands.ts	no	preserve-local-modification
M	100644	100644	eeeba21bde1f20ff25b67c113fbda52173a25f13	a06c4981da89a5b5e02a4dcd40b43af2d0cd91af	frontend/src/components/GlobalCommandPalette/useSearch.ts	yes:M	three-way-preserve-musuw
M	100644	100644	0847b644a9375dc08fc725b94090268dafb0e6f3	53f3c8ab793c9f4547b44fafcad9d0f0e934d06e	frontend/src/components/GlobalInvitationBell.vue	no	preserve-local-modification
M	100644	100644	59f1df8ca2d1239be70c67a0fbcf80e31973182a	da4c313019601a879003a69a104ce1d5d935ad77	frontend/src/components/Input-field.agent-switch.test.mjs	no	preserve-local-modification
A	000000	100644	0000000000000000000000000000000000000000	fbac2dd2c27cadef7e748bd47acee73c5fcc3833	frontend/src/components/Input-field.consumerScene.test.mjs	no	preserve-local-addition
M	100644	100644	e1cfef13cef9f2d61e53be8c6e4d33268867b2b7	2ab22704670facaff37ea60ea9b833ff9fd8bc96	frontend/src/components/Input-field.vue	yes:M	three-way-preserve-musuw
M	100644	100644	f06ecd48d12d6bb9dcd364720826ac7f9e37f946	306f365e4a989cd70092b66648de023b39dca2eb	frontend/src/components/KBSwitcherDropdown.vue	no	preserve-local-modification
M	100644	100644	98fc31d76351af5988a3b2445daa147048bab6fd	137b402bb9f52ba23755af8498adcea3ac314111	frontend/src/components/KnowledgeBaseSelector.vue	no	preserve-local-modification
M	100644	100644	14e2dc8149385e0996df397ca23932f0254c6d45	159694840e2c12ed11c313e177a2817cec84aaf2	frontend/src/components/MentionSelector.vue	yes:M	three-way-preserve-musuw
M	100644	100644	9a4e8055dd52f862edc19f4e703cf4e068852dc5	413981dc2e58fd56b3555c5e057955b4fa6d0b42	frontend/src/components/ModelDebugDrawer.vue	yes:M	three-way-preserve-musuw
M	100644	100644	478346614c0072e0d5f6dabaace2bc13b865702f	464102c8cf3af4393dba9c1baa0f4361dcc21667	frontend/src/components/ModelEditorDialog.vue	no	preserve-local-modification
A	000000	100644	0000000000000000000000000000000000000000	10f1569263f1bacb503be939df6a3c7138dd2848	frontend/src/components/ModelSelector.chat.test.mjs	no	preserve-local-addition
A	000000	100644	0000000000000000000000000000000000000000	1d5d47fd44aaac37be9d3fc5a7097a49076790fe	frontend/src/components/ModelSelector.sourceInteraction.test.mjs	no	preserve-local-addition
M	100644	100644	402713d0904156e32aba974b144b3e745511e344	500e449f0fa816d91624fd05fc5f6c825de6d866	frontend/src/components/ModelSelector.vue	yes:M	three-way-preserve-musuw
M	100644	100644	d7370672edd47d1583535c2e2fbd1e90224caa84	e44c8f8fb9efefb07e8a76f441ca001352512ea5	frontend/src/components/NewUserGuide.vue	no	preserve-local-modification
A	000000	100644	0000000000000000000000000000000000000000	cb5b33ea42de873a56a086cd301afda61d078e53	frontend/src/components/SessionBatchManageModal.vue	no	preserve-local-addition
M	100644	100644	0ff2076685ff1d4c779eaa002ea57ac1dc4cd798	93642acb51d6a6e937f22aad38e6e3e6039e1072	frontend/src/components/SessionSidebarRow.vue	no	preserve-local-modification
M	100644	100644	4f307ffe65e4fc433dace9b69d32cda1cf94d2eb	8110b8b314fb3834c2db57a4af4550be36a4684f	frontend/src/components/SessionSourceFilter.vue	no	preserve-local-modification
M	100644	100644	c8d0cae55c4f07a54be08e715fa1470161657b4e	b416b113b8849b6378b8a03600e0a6bc38235423	frontend/src/components/TenantModelsGuide.vue	no	preserve-local-modification
M	100644	100644	c41c57ce94c07a78a360c3f1033e2635f749cd54	7c9558ddd090a1ae13e06814f2bd13339b90151e	frontend/src/components/UserMenu.vue	no	preserve-local-modification
M	100644	100644	a6c0ec981b9c0b3a1370edf5dadf74f584f90b3f	b57af83faede1390b326c3fe891370ba6f1e4717	frontend/src/components/css/chat-citations.less	no	preserve-local-modification
M	100644	100644	0da9af39e4538b0f84f14188b041efb6e0b9a602	73e4bce02572caa906f754176253f357ad2002bb	frontend/src/components/css/chat-citations.test.mjs	no	preserve-local-modification
M	100644	100644	1a3fe844cab0bec8bcaf4c97ff25848422eb816b	650b9aecfb7aaadd76298239bf8dc8363349f4dc	frontend/src/components/css/chat-markdown.less	yes:M	three-way-preserve-musuw
M	100644	100644	950c66acbf0adf5132964f9b07ae0cb5a1c5f806	8c512a88e1895335ca8bb44863c10fef53f070a2	frontend/src/components/css/chat-resource-chips.less	no	preserve-local-modification
M	100644	100644	0e04a2db052fc6d825708ad0c81bc8ef7decdff2	c0fba650a833f438b50ffd606c227745ff43c109	frontend/src/components/doc-content.vue	yes:M	three-way-preserve-musuw
M	100644	100644	7a15bbc605dab156ee07e284952dda815d1815cf	53d36f775f7f7a3009eddbdde0b4df2a4b08c233	frontend/src/components/document-preview.vue	yes:M	three-way-preserve-musuw
A	000000	100644	0000000000000000000000000000000000000000	277c9950b5d71a40a05d0e2e9a302297c2d08b2a	frontend/src/components/empty-knowledge.test.mjs	no	preserve-local-addition
M	100644	100644	87defe3e5acac1d20bb1a877910a976bd7e88887	671a1a38024108722fcb481233a7a73e45863027	frontend/src/components/empty-knowledge.vue	no	preserve-local-modification
M	100644	100644	5eecf5a2cf1d723cbfa1f68649924acd99811f93	5a6f9366b3e63c5042f11d8bb0c9fb54ff5d8adc	frontend/src/components/manual-knowledge-editor.vue	no	preserve-local-modification
A	000000	100644	0000000000000000000000000000000000000000	c5945ad56f45238f991b478ad049cb516b2de01c	frontend/src/components/menu.resource-nav.visual-contract.test.mjs	no	preserve-local-addition
M	100644	100644	2e3082b131b4f6e6d37ad1c1eae000efe3a769f7	ff4876b033ffcbb55f5106308d0b9e41699470bd	frontend/src/components/menu.vue	yes:M	three-way-preserve-musuw
M	100644	100644	7a349964b8cef5fa24b5d7860a0d9cadb1237907	091576c55e3fdfb1c72dbc340c478e427494785f	frontend/src/components/settings/SettingCard.vue	no	preserve-local-modification
M	100644	100644	b5a88b5037556d969e911f9165ea7a8b5bfbe3cd	f4469a321c483fd2d7f8db179e79549f01b2296e	frontend/src/components/settings/SettingDrawer.vue	yes:M	three-way-preserve-musuw
M	100644	100644	900dd9dd58c1d956e770fa47ad549ce74490743e	94cd200215a556c0e56cda9c5d4c914d96cf0ec1	frontend/src/components/upload-mask.vue	no	preserve-local-modification
M	100644	100644	239ea1bc2d0918360acf947b4751c124afd4594e	31a39beda601e9466e78e567dd01861d65c53b37	frontend/src/composables/preferenceStorage.ts	no	preserve-local-modification
M	100644	100644	b1142ec34ee9dec81600e6f3bda0c418cd478967	948dad67061997eafc97664fabdf2d1307b203c4	frontend/src/composables/useChatCitationPopover.ts	no	preserve-local-modification
M	100644	100644	e3e1619b56e95dbe4b5b3b43a13af7ee195afc89	8d0cfe021c09100c1ca97a4ab192f46ede1200dc	frontend/src/composables/useChatStreamHandler.ts	yes:M	three-way-preserve-musuw
M	100644	100644	38f23a7aa594cc10d94f267d5d0c2727b730cdbe	77fbc2fbe7b0e5df7549ad152d54511533ca7740	frontend/src/composables/useEmbedChatSession.ts	yes:M	three-way-preserve-musuw
M	100644	100644	701f37fa59be81109cd92d8d7a04a458b71f7039	344beadc8ed7f7fefd90fe7a8e249fd1dfefb4df	frontend/src/composables/useFont.ts	no	preserve-local-modification
M	100644	100644	1a2724a5b111acdd2d286cc51d9905a340249f4c	fd26ef4d39e52177d16d018f7e658e172037d31e	frontend/src/composables/useResourcePins.ts	no	preserve-local-modification
A	000000	100644	0000000000000000000000000000000000000000	23a73b2bebe4c1905651302396ab8f889a87b4c1	frontend/src/composables/useTheme.preference.test.ts	no	preserve-local-addition
M	100644	100644	24718a59421627d3bad0341cddc3de7a5478b41d	ee24784e912bfc944376d3cb5ada54b2a5b5e99d	frontend/src/composables/useTheme.ts	no	preserve-local-modification
A	000000	100644	0000000000000000000000000000000000000000	4462d7c660e957c9f2218371d3a1581acd2ef0a7	frontend/src/config/managedExperienceUi.test.mjs	no	preserve-local-addition
M	100644	100644	29005519e091f0563a359dc4cd6eef1e9a2bdaf5	db4894c645f3698c0ea0d1921ff4f05739b2ab1c	frontend/src/config/settingsAccess.test.ts	yes:M	three-way-preserve-musuw
M	100644	100644	c5b9507f64ead131acb8a296dc65411531eef5dc	57ec4daecea804ec5f82c4e5360b51156d079b0f	frontend/src/config/settingsAccess.ts	yes:M	three-way-preserve-musuw
M	100755	100755	da405b6189302356058316fa5ac09b6a0b484ea4	af46db6a00332e99e2d0727f40559bfa9c370932	frontend/src/i18n/index.ts	yes:M	three-way-preserve-musuw
A	000000	100644	0000000000000000000000000000000000000000	a7378f53a43902fc7d4054cc2619b29396dca291	frontend/src/i18n/locale.test.ts	no	preserve-local-addition
A	000000	100644	0000000000000000000000000000000000000000	46da765b1d6ae71c7f62ea9722f75935d8170f49	frontend/src/i18n/locale.ts	no	preserve-local-addition
M	100755	100755	d28822f68e34a4b6d2c6ffc57df2442e1dc337d6	d6761d519c0cf36f2d67f64d9e870fbccf6dc331	frontend/src/i18n/locales/en-US.ts	yes:M	three-way-preserve-musuw
M	100755	100755	4f7b4cfefaee1768a3549cb7cd3f7f9f58b378de	b92d94048c0a76e0964af1f45311d0a63e53c817	frontend/src/i18n/locales/ko-KR.ts	yes:M	three-way-preserve-musuw
M	100755	100755	dbb4af1ac3e7426fa9c8626ab8659133b7e3b968	91e7d01fd5b4d6b1f83c24cd578509421f7a4c7d	frontend/src/i18n/locales/ru-RU.ts	yes:M	three-way-preserve-musuw
M	100755	100755	06eb7a75cbfe675e2afe39ff02afa085656a6c85	cce6dee78b46d898ba86c34014d41e5fc87b1d84	frontend/src/i18n/locales/zh-CN.ts	yes:M	three-way-preserve-musuw
M	100644	100644	5da03f654b087f55229ce98789b5b4a8b72fb2e1	ec2ec7207c58496b742e00dd3954961844ce2234	frontend/src/main.ts	yes:M	three-way-preserve-musuw
A	000000	100644	0000000000000000000000000000000000000000	33bbafbe83a1a73811cc60248736168a91af9543	frontend/src/operations-main.ts	no	preserve-local-addition
A	000000	100644	0000000000000000000000000000000000000000	37d5131db2fc7cacb89505878be20ace36bc9fc9	frontend/src/operations/AccountErasureOperations.test.mjs	no	preserve-local-addition
A	000000	100644	0000000000000000000000000000000000000000	3d6904657898adb6496b4edcaf9a93959e76715c	frontend/src/operations/ComplimentaryPlanOperations.test.mjs	no	preserve-local-addition
A	000000	100644	0000000000000000000000000000000000000000	0da789c3cd303580a86637cdd4729dec4fb8beab	frontend/src/operations/EnvironmentSwitch.test.mjs	no	preserve-local-addition
A	000000	100644	0000000000000000000000000000000000000000	ee9747549be3c9f8a39b03a81cba32ed0eca3c07	frontend/src/operations/ModelsPolicyPage.test.mjs	no	preserve-local-addition
A	000000	100644	0000000000000000000000000000000000000000	b373a292857893697db2d0d8f764c19e143bfd61	frontend/src/operations/OperationsApp.vue	no	preserve-local-addition
A	000000	100644	0000000000000000000000000000000000000000	ad3ebfe03953e354e7ef56644752e8c89cf0ac17	frontend/src/operations/OperationsCsrf.test.ts	no	preserve-local-addition
A	000000	100644	0000000000000000000000000000000000000000	100dc53c9d608e2129ced74c76af13a550aec96d	frontend/src/operations/api.ts	no	preserve-local-addition
A	000000	100644	0000000000000000000000000000000000000000	fd24b5a83c871d754ec433c82a10fabdfdc77695	frontend/src/operations/csrf.ts	no	preserve-local-addition
A	000000	100644	0000000000000000000000000000000000000000	067fb8fd2e93524a2c633631ea6c6f6caf344246	frontend/src/operations/format.ts	no	preserve-local-addition
A	000000	100644	0000000000000000000000000000000000000000	9bc98203561796cbcde3ae704ec17881b4e06e1c	frontend/src/operations/operations-console.less	no	preserve-local-addition
A	000000	100644	0000000000000000000000000000000000000000	532a276db62a8c0a3b8e0a9511c1daeb0d790695	frontend/src/operations/pages/BillingPage.vue	no	preserve-local-addition
A	000000	100644	0000000000000000000000000000000000000000	676b60bd3b1367fee98b3d78464edbded174dd71	frontend/src/operations/pages/IdentityPage.vue	no	preserve-local-addition
A	000000	100644	0000000000000000000000000000000000000000	ab6d02fbd1b113e28a0b5298abbc446ffc310ace	frontend/src/operations/pages/KnowledgePage.vue	no	preserve-local-addition
A	000000	100644	0000000000000000000000000000000000000000	0c6c3a93bd4bfc2d25d870d0356d9a6d90d565df	frontend/src/operations/pages/LogsPage.vue	no	preserve-local-addition
A	000000	100644	0000000000000000000000000000000000000000	8c1faf5b8879a56e1bde3282b2a783567f535fdb	frontend/src/operations/pages/ModelsPolicyPage.vue	no	preserve-local-addition
A	000000	100644	0000000000000000000000000000000000000000	2502e54fd9e3568ab9d364a8b96eb4d2404af904	frontend/src/operations/pages/OverviewPage.vue	no	preserve-local-addition
A	000000	100644	0000000000000000000000000000000000000000	642c98c34d1925e96d41e1f842ebe426150d7129	frontend/src/operations/pages/StoragePage.vue	no	preserve-local-addition
A	000000	100644	0000000000000000000000000000000000000000	3b6e46ccbd76c505889aab6469680c038a652ac0	frontend/src/operations/pages/UsersPage.vue	no	preserve-local-addition
A	000000	100644	0000000000000000000000000000000000000000	67b38e29475fa987fd612d8e6398585fc0beeeaa	frontend/src/operations/types.ts	no	preserve-local-addition
A	000000	100644	0000000000000000000000000000000000000000	01d5637d015e25ef742dfa4ccb8613a2d205ea20	frontend/src/router/index.test.mjs	no	preserve-local-addition
M	100644	100644	8e46dd80d51faecd26223bc3946ba08d58c6a65e	cb70f70fc67995625754b2ed15f78e09f21e46d9	frontend/src/router/index.ts	yes:M	three-way-preserve-musuw
M	100644	100644	216b98b19ceb2be009c6581488ea82309195452c	6b95b250b9cd09cf05af51a00e9c1bb6c440a3cc	frontend/src/stores/auth.ts	yes:M	three-way-preserve-musuw
M	100644	100644	0bd51bda58071b3e55da547524830a44dab4b81a	5455dfe299daaffc204d9b5b99533c8ea9a2d4ca	frontend/src/stores/chatResources.ts	yes:M	three-way-preserve-musuw
M	100644	100644	3a06ee67b85927f7b370cee92183c29bd58bda6f	4588b2fc6890531c1c75602d99a8273be302ad09	frontend/src/stores/commandPalette.ts	no	preserve-local-modification
A	000000	100644	0000000000000000000000000000000000000000	219a8c369982cb5023d2313304c6e3bf8f64cd3e	frontend/src/stores/liteChatSettings.test.ts	no	preserve-local-addition
M	100644	100644	ca520eca9271632deccfe4ce545ced167e2f8abe	2278c0574677087e6dfe674acfcacc89039c76da	frontend/src/stores/menu.ts	yes:M	three-way-preserve-musuw
M	100644	100644	f4995917baf6b3a85d47f6762149ae94fb3902a7	871cb7ab4082ae933b02eb36f0e4a39e28d5a448	frontend/src/stores/settings.ts	no	preserve-local-modification
M	100644	100644	e3ba21e2147cd0c179bd25fccabb5057c24e0354	a2cdec5e2d22c473800c9e2f5ef77bfa0d69ca63	frontend/src/stores/settingsStorage.test.mjs	no	preserve-local-modification
M	100644	100644	bf5849b2f7a3e0a1a14dc2116c88301f6b7d809f	dc28273144dc31f5ae0c6016f34f3251d1c54df9	frontend/src/stores/settingsStorage.ts	no	preserve-local-modification
A	000000	100644	0000000000000000000000000000000000000000	323ce5c8747ad943bac650e89dfe9f0fb6293739	frontend/src/types/business-controller-shim.d.ts	no	preserve-local-addition
A	000000	100644	0000000000000000000000000000000000000000	9835bcc3e1d0089f02b6777ebd99fab7af3c50a2	frontend/src/types/d3-force-3d.d.ts	no	preserve-local-addition
M	100644	100644	e5fafb382cd13f9bb0a15c9a34d535cf6483fde5	8fc22944ac90792e08e57f417f7c5b1df10424da	frontend/src/utils/agent-readiness.test.mjs	no	preserve-local-modification
M	100644	100644	6b6bebccf7954787c9b8c69d0d6702bd6df60779	850c5ba795000d5ac075eb42e9fa687add69cc45	frontend/src/utils/agent-readiness.ts	no	preserve-local-modification
M	100644	100644	d860b55739d72288f0c6afab4f22aeedad7791cd	eff891ba3340f5d37debad096d77e4188a6b61fd	frontend/src/utils/chatMarkdownRenderer.test.ts	no	preserve-local-modification
M	100644	100644	1eb0d9412a880e0856bcfd82b8f03163d9fd08a9	149f2390ad14ebc0bca724a7f1396d3f44a7e5b2	frontend/src/utils/chatMarkdownRenderer.ts	yes:M	three-way-preserve-musuw
A	000000	100644	0000000000000000000000000000000000000000	6c08f730eb34a5b8575ca6a4231a8adc72edb78d	frontend/src/utils/consumerPlanError.ts	no	preserve-local-addition
A	000000	100644	0000000000000000000000000000000000000000	bfc51ab66fdd5761d2537fdf9e244bf0ae627bf3	frontend/src/utils/consumerSceneModels.test.ts	no	preserve-local-addition
A	000000	100644	0000000000000000000000000000000000000000	8d280f9fd1ebc92eca80cd050384baa3e9358349	frontend/src/utils/consumerSceneModels.ts	no	preserve-local-addition
M	100644	100644	338f9ef60d4c9cc66de68db7e01a9604c8e87d67	d6a9b713a2e86865c8be6868bc571ed05e9e70c9	frontend/src/utils/fileTypeVerification.test.ts	no	preserve-local-modification
M	100644	100644	24d46ddde0a9a91a4e871f253e76759590937e6a	fb5b1aebec5fdbbaaba5a47d8ca341046b20833f	frontend/src/utils/fileTypeVerification.ts	no	preserve-local-modification
M	100644	100644	235afda699168e2951c0e47c31dc5796faa0a2a6	f337c046d3f12e9f4e6fefc0d2c6ecbf35217aa0	frontend/src/utils/index.ts	yes:M	three-way-preserve-musuw
A	000000	100644	0000000000000000000000000000000000000000	c2794c5323afc41bf58f5c90ebfbf27bed57d22f	frontend/src/utils/liteChatSettings.ts	no	preserve-local-addition
A	000000	100644	0000000000000000000000000000000000000000	2b23bf5884b0060be6152c1c8d0351c1a87a2e81	frontend/src/utils/managedChatModels.test.ts	no	preserve-local-addition
A	000000	100644	0000000000000000000000000000000000000000	cf3f81a067a1e4c1f91b809a31eed18ddb80a834	frontend/src/utils/managedChatModels.ts	no	preserve-local-addition
A	000000	100644	0000000000000000000000000000000000000000	e90b64a4ccdbb5a5c340935033df346299146064	frontend/src/utils/nativeAuthHandoff.test.ts	no	preserve-local-addition
A	000000	100644	0000000000000000000000000000000000000000	2ea6d4c0a675f25d2c2fc1892c77fa70e68e90b6	frontend/src/utils/nativeAuthHandoff.ts	no	preserve-local-addition
A	000000	100644	0000000000000000000000000000000000000000	b8ea23f98bffb592399f5f17e3ca18db6e97299d	frontend/src/utils/paddleCheckout.test.mjs	no	preserve-local-addition
A	000000	100644	0000000000000000000000000000000000000000	8cfb5155f121a1592367b8a701119216add61cd6	frontend/src/utils/paddleCheckout.ts	no	preserve-local-addition
A	000000	100644	0000000000000000000000000000000000000000	a5c3372550ad3f8315f071932e8c03739b05f179	frontend/src/utils/referenceTextareaAutosize.ts	no	preserve-local-addition
A	000000	100644	0000000000000000000000000000000000000000	1b3fe708040e66ecc2a844b1a73b97c4506a8fa9	frontend/src/utils/request.auth-recovery.test.mjs	no	preserve-local-addition
A	000000	100644	0000000000000000000000000000000000000000	606f33608cd99a31ec33102467ec0c835fd5ca2b	frontend/src/utils/request.consumer-plan-errors.test.ts	no	preserve-local-addition
M	100644	100644	c12ac32e9872207b1a570482167e1b85b076e543	57b6fd3ce913b75351986b39e8d1f97584fe7a60	frontend/src/utils/request.ts	yes:M	three-way-preserve-musuw
A	000000	100644	0000000000000000000000000000000000000000	90167ef9c5c276ace6f025a6cb5e068b4766f108	frontend/src/utils/userFacingAIError.test.ts	no	preserve-local-addition
A	000000	100644	0000000000000000000000000000000000000000	734ab4a956c458aba49d0635d2109b414f4bad1e	frontend/src/utils/userFacingAIError.ts	no	preserve-local-addition
A	000000	100644	0000000000000000000000000000000000000000	10e2c026d585d11798b8bd30c7fc1a942b192ed2	frontend/src/views/agent/AgentConsumerSurface.visual-contract.test.mjs	no	preserve-local-addition
M	100644	100644	834c402dd67da78d28433fe0c79fdb8ad34e249b	0d84cee9f4f2ba69c70ec9c756ab9528aa0ce8ae	frontend/src/views/agent/AgentEditorModal.test.mjs	yes:M	three-way-preserve-musuw
M	100644	100644	2561e9c89193642076014f7323fd9b2a00064642	2041b0c4fcf8a89abf60d01c3ce09fee6b21242c	frontend/src/views/agent/AgentEditorModal.vue	yes:M	three-way-preserve-musuw
M	100644	100644	8ae184e369cb6a1fa45d6da3ae9c5bcb470f92b6	10c79824f7a9ccd9bdaebe96d769b080a42d9c1b	frontend/src/views/agent/AgentList.vue	yes:M	three-way-preserve-musuw
M	100755	100755	b33a355b19f540398854de152d2f0468a21496da	bb4a3466c6851b49144e661724875ee4e02ac580	frontend/src/views/auth/Login.vue	yes:M	three-way-preserve-musuw
M	100644	100644	55aaaba93cb0323084a343b6e4c414cd992892f7	01efc0af65963ba2bde17bca3d967f0d2ffe9282	frontend/src/views/auth/WorkspaceOnboarding.vue	yes:M	three-way-preserve-musuw
A	000000	100644	0000000000000000000000000000000000000000	1a0b672b4e30b79d1f4bd255d5a20c9ac0ba975e	frontend/src/views/billing/Checkout.test.mjs	no	preserve-local-addition
A	000000	100644	0000000000000000000000000000000000000000	2545187a995bc69783d890f7fc280de76714b5f6	frontend/src/views/billing/Checkout.vue	no	preserve-local-addition
A	000000	100644	0000000000000000000000000000000000000000	6000d1c006519b857a0e42a1eae46c8d4dac6299	frontend/src/views/billing/CheckoutSyncTimeout.test.mjs	no	preserve-local-addition
A	000000	100644	0000000000000000000000000000000000000000	aefbb118f0b6346e4cca79d72f3186fe2fe45f3e	frontend/src/views/billing/PaymentLink.test.mjs	no	preserve-local-addition
A	000000	100644	0000000000000000000000000000000000000000	4b4a3ca1fd340faa89248c48e021b3781c84ba2c	frontend/src/views/billing/PaymentLink.vue	no	preserve-local-addition
A	000000	100644	0000000000000000000000000000000000000000	e5dad648bd8620b24cec4f90bb1d2003626abb07	frontend/src/views/billing/Plans.test.mjs	no	preserve-local-addition
A	000000	100644	0000000000000000000000000000000000000000	80e4d8f6494bf1ba57d6886a1f002eba5a511fc9	frontend/src/views/billing/Plans.vue	no	preserve-local-addition
A	000000	100644	0000000000000000000000000000000000000000	f41b6a6f87a9f1529b1276e7a63320390922ddbf	frontend/src/views/billing/RetainLanding.test.mjs	no	preserve-local-addition
A	000000	100644	0000000000000000000000000000000000000000	8006ec8ce9e2963026781df7e7ac7ae3e2b2d124	frontend/src/views/billing/RetainLanding.vue	no	preserve-local-addition
A	000000	100644	0000000000000000000000000000000000000000	636731cda5b4a04b26d1b9fcdbb73917c42eaf3e	frontend/src/views/billing/entitlementCopy.test.mjs	no	preserve-local-addition
M	100644	100644	069fb6763dd1067f5e54e7e3290b3e8def526c4e	0c362925ea9a094a77e938c329852b3e7c84012e	frontend/src/views/chat/components/AgentStreamDisplay.vue	yes:M	three-way-preserve-musuw
M	100644	100644	b29b837eea4def18601b7f04e5dec7116025861a	2cf4f8028ce714879020879b74aac3e99edf0578	frontend/src/views/chat/components/RagPipelineProgress.style.test.mjs	yes:M	three-way-preserve-musuw
M	100644	100644	7e75ef52428adaf44eb97e5e5cee35932b18b5c8	e907ad74cc2dff20763a4a732a5911bc735d14da	frontend/src/views/chat/components/RagPipelineProgress.vue	yes:M	three-way-preserve-musuw
M	100644	100644	b901e54e3a8ab1737992794590da11c9bfb5e669	4e9eefde3c319b3c9f8c2ab285cf44dcd1209cc9	frontend/src/views/chat/components/answerToolbarCompletion.test.mjs	yes:M	three-way-preserve-musuw
M	100644	100644	f696550fc980c2a648ce19a631729950fe3b0e6b	04a2ab79dde3a3f8862dc594c0ba59fc2f282678	frontend/src/views/chat/components/botmsg.vue	yes:M	three-way-preserve-musuw
M	100644	100644	06264f42bcecab8457e590ef64f6a575d37d9f60	d9c0bc77095c50d339d91cf48600b56fae62fe33	frontend/src/views/chat/components/chatLinksNewTab.test.mjs	no	preserve-local-modification
A	000000	100644	0000000000000000000000000000000000000000	bcd44a53ae84508f6cdf61ca9c8c0c15e92f5689	frontend/src/views/chat/components/chatVisualContract.test.mjs	no	preserve-local-addition
M	100644	100644	506f3340d4a66382c11f462031de20e11c987a57	a5c05b6f1766b367ed1feab1109d60391a70c35a	frontend/src/views/chat/components/deepThink.vue	no	preserve-local-modification
M	100644	100644	23f907877f852f472fd1c930b4a293d7861873a4	10a0ebd31d7efcab9d2c88979f84556fb1acceaf	frontend/src/views/chat/components/docInfo.style.test.mjs	no	preserve-local-modification
M	100644	100644	927afa7a36e30a65fe4695e1e40aaa3664b4dbfe	4f4468aa0cdffce4499cf1f80b3fd5e561e89aa0	frontend/src/views/chat/components/docInfo.vue	no	preserve-local-modification
M	100644	100644	f0b691c92bf9695dd29bf29bc6e2ab3329d927cb	ce1b047e286b3fab8c309c3718b6138b204db8fd	frontend/src/views/chat/components/tool-results/WikiEditResult.vue	no	preserve-local-modification
M	100644	100644	63d80a823989d0080291b33c70b8ffec0188c672	38e9b77552bef58b26c6755e8528ae4ca7a469a8	frontend/src/views/chat/components/tool-results/tool-results.less	no	preserve-local-modification
M	100644	100644	6dd0f2e44e4fc382d6f40702aa4b5eebc2467fea	7a9584c21e64a3af3e3f0c55df379c018c7dced0	frontend/src/views/chat/components/usermsg.vue	yes:M	three-way-preserve-musuw
M	100644	100644	8544e69f1d153164af88bb9a3f2748a9ece735b8	c236b9893d2764db551e027d6aed39022720e6a0	frontend/src/views/chat/index.vue	yes:M	three-way-preserve-musuw
M	100644	100644	8850ec6540604393d42a41a2b72ec613d9a75da5	d32ca511bf44f1205a3eb61bb80895f8c7ba21e8	frontend/src/views/creatChat/creatChat.vue	no	preserve-local-modification
M	100644	100644	7a1dc9292d38b80b60ec8e4c8506b44a01dd5d42	b8a77a1f59d678bbc43090f383a22f1c47c66f1a	frontend/src/views/integrations/ApiIntegrationSettings.vue	yes:M	three-way-preserve-musuw
M	100644	100644	017235ae3f1122e0fef73a6e1b6265dd850e2d76	52a7b26f72552c3380187106e26f19d52bc7b754	frontend/src/views/integrations/IntegrationSettingsSection.vue	no	preserve-local-modification
A	000000	100644	0000000000000000000000000000000000000000	69f40010cdad8847e328261b78cd0e60c739ebd1	frontend/src/views/knowledge/KnowledgeBase.test.mjs	no	preserve-local-addition
M	100644	100644	1b1963bfcea822a4aaec34d7df7352dc9de1ba3f	b36df7381aa109cdd33cdfb70a73dab4e1ce1488	frontend/src/views/knowledge/KnowledgeBase.vue	yes:M	three-way-preserve-musuw
A	000000	100644	0000000000000000000000000000000000000000	75789892d72d79edaf91f932a5b826111f852299	frontend/src/views/knowledge/KnowledgeBaseCreateVisibleStrategy.test.mjs	no	preserve-local-addition
A	000000	100644	0000000000000000000000000000000000000000	2ec7f9e5e18d40cd25c80d127737bbd78e1543a9	frontend/src/views/knowledge/KnowledgeBaseDuplicateNativeCopy.test.mjs	no	preserve-local-addition
A	000000	100644	0000000000000000000000000000000000000000	f5ef1b2f641e4a87a1dadc6abc2a757c979dff40	frontend/src/views/knowledge/KnowledgeBaseEditorModal.consumerScene.test.mjs	no	preserve-local-addition
M	100644	100644	224b955e2440dfadbd1af0c06ee352a16b8d537c	0e341f97f19217867692875a9eed417610b1f877	frontend/src/views/knowledge/KnowledgeBaseEditorModal.test.mjs	no	preserve-local-modification
M	100644	100644	372e181aba4bf95ebfcfc417a0469ce798121fab	3ad551f657b41dfe68bd05eb144b0840b1dbb4b2	frontend/src/views/knowledge/KnowledgeBaseEditorModal.vue	yes:M	three-way-preserve-musuw
A	000000	100644	0000000000000000000000000000000000000000	3bc328f538101780ffa65c3a198dcbac6c2ca925	frontend/src/views/knowledge/KnowledgeBaseList.test.mjs	no	preserve-local-addition
A	000000	100644	0000000000000000000000000000000000000000	84505b87b88063a4314dc85e167ffa771ae69b13	frontend/src/views/knowledge/KnowledgeBaseList.visual-contract.test.mjs	no	preserve-local-addition
M	100644	100644	0da588be9c707bac596b6cfe90491c40a2667d92	9f895910e89e74ade22c91d512e2d5ef2623d26e	frontend/src/views/knowledge/KnowledgeBaseList.vue	no	preserve-local-modification
M	100644	100644	2cecdf2012ef924bfabe6f7fdbf3a3ab55c7ef8d	3ed7f1be6897c8509ba30bab7bd5ae5a6609c070	frontend/src/views/knowledge/components/BatchTagDialog.test.ts	no	preserve-local-modification
M	100644	100644	dde15cb2dd4c8019b2f5f7b03277039a4c5af0b0	c3ebb1dbcf6da710b5ab59d8ff8350143aab3ccf	frontend/src/views/knowledge/components/BatchTagDialog.vue	no	preserve-local-modification
M	100644	100644	0d85aa2ab1ce2b5f85412427e9ee16530b6dab71	2869b1b78604693abc97f31ec90af812d73fdfde	frontend/src/views/knowledge/components/DocumentActionMenu.vue	yes:M	three-way-preserve-musuw
A	000000	100644	0000000000000000000000000000000000000000	2abd05bfd3343e6909dc8fb5adde53622048f16a	frontend/src/views/knowledge/components/DocumentBatchBar.test.mjs	no	preserve-local-addition
M	100644	100644	de5e7b6ed2685b9754a4d7c1becbf574a27abdfe	501467239c8f03f396e75b95157cf0c420ce9d93	frontend/src/views/knowledge/components/DocumentBatchBar.vue	no	preserve-local-modification
M	100644	100644	7fdddb98988e06b2cd6b99b7ab991574abc58964	9fe1206a49ea75312ed08314128017f7aab95dda	frontend/src/views/knowledge/components/DocumentCardView.vue	yes:M	three-way-preserve-musuw
M	100644	100644	dc553565d2c1818878c3c34631dc4d33010f96c6	be1d01e65edc141b669b390477c6ca737ddcdcf5	frontend/src/views/knowledge/components/DocumentListView.vue	yes:M	three-way-preserve-musuw
M	100644	100644	8ef88177805cf7de9ea3cc64c62f24bc6411e275	28a5dfd717ff8abfd0b40d69be16980d35802a99	frontend/src/views/knowledge/components/FAQEntryManager.vue	yes:M	three-way-preserve-musuw
M	100644	100644	ecc3a74e8bda5b96691c89fd00fd5803edac6c4f	614ab8e262fe9ae9358975c3fa75fdf4059c2b5d	frontend/src/views/knowledge/components/FolderPickerMenu.vue	no	preserve-local-modification
M	100644	100644	61c36c6e815817be9339ce4aa68cdcf82fd6feb8	5ab878034c9e8d9afefd85a8e731f5132a979995	frontend/src/views/knowledge/components/KbFolderTree.test.ts	yes:M	three-way-preserve-musuw
M	100644	100644	7475054ca4afb6ebb133fb47c394e2f57c1d8aea	472761f627494758cc0dae7fba0a0520af65a682	frontend/src/views/knowledge/components/KbFolderTree.vue	no	preserve-local-modification
M	100644	100644	cc60b273a36ce031dc906cb3a680bb48496745b3	31d0c928ddbf04c0cbb3cefe8ef009350c6ebaef	frontend/src/views/knowledge/components/KbTagManageDrawer.vue	no	preserve-local-modification
A	000000	100644	0000000000000000000000000000000000000000	adf40c302851e65d5a7b6d872f9959b74aab0fe9	frontend/src/views/knowledge/components/KbUploadSourceDropdown.share-input.test.mjs	no	preserve-local-addition
M	100644	100644	e0e83fcb20897a205f9b6ee1f65b1ebe8ca1da68	60c8b8cfc3ecb09c1e67bd57e496bd3bd1867a04	frontend/src/views/knowledge/components/KbUploadSourceDropdown.vue	no	preserve-local-modification
A	000000	100644	0000000000000000000000000000000000000000	3321ce0ad12351563ea8853b32e59136174658b9	frontend/src/views/knowledge/components/KnowledgeBaseListReferenceCard.test.mjs	no	preserve-local-addition
A	000000	100644	0000000000000000000000000000000000000000	cd94ca1184e12664d19d8b18c117392d82d1923e	frontend/src/views/knowledge/components/KnowledgeBaseListReferenceCard.vue	no	preserve-local-addition
M	100644	100644	9c26837db390555b9a97372775b5738b19b0f1ce	04a93c89bd54bbb425a0e1d4414f98ad3d8a6ef5	frontend/src/views/knowledge/components/TagEditDialog.test.ts	no	preserve-local-modification
M	100644	100644	9127b181a073395a3b2de2e3b527594ba0a7ec86	979f98c3d75a409492bf3c17e4c08eea46c1106f	frontend/src/views/knowledge/components/TagEditDialog.vue	no	preserve-local-modification
M	100644	100644	312c68017d6b0cbbcf474e44b6cc27d23c8eb208	31f6f3cf9fb591c2237d70b4b6e7f7c729e74d5d	frontend/src/views/knowledge/components/UploadConfirmDialog.test.ts	no	preserve-local-modification
A	000000	100644	0000000000000000000000000000000000000000	a84de4b80d7eb0d46876ef8001b30d9b5b9f7c23	frontend/src/views/knowledge/components/UrlImportPolicy.test.mjs	no	preserve-local-addition
A	000000	100644	0000000000000000000000000000000000000000	f05904b48f883d20b51da35ad1c2ec4534f3651f	frontend/src/views/knowledge/liteFaqVisibility.test.mjs	no	preserve-local-addition
M	100644	100644	468df615c8b58c0acad01c6f81aed8d1e3777b56	f919f75d5078d3e9e3c8e907e8d85f898140e5b8	frontend/src/views/knowledge/settings/GraphSettings.vue	no	preserve-local-modification
M	100644	100644	1e6a440bb39c78e5493d658a639d8e99d32d1716	37b14ed18df72d97ef93b53f250c39c3057537a2	frontend/src/views/knowledge/settings/KBModelConfig.vue	yes:M	three-way-preserve-musuw
M	100644	100644	87517cd05ba047b535082588d99c5d4389f265bd	6716362006d503d771cc6a41bb227784c8a85901	frontend/src/views/knowledge/settings/chunkingSamples.ts	no	preserve-local-modification
M	100644	100644	895b57753927c85e16b7c0fdabb5f47874e9c1b3	7eb6141e1a55d5470ae769440af772588cf4085a	frontend/src/views/knowledge/utils/uploadSources.ts	no	preserve-local-modification
M	100644	100644	5803c8aa29b114efaea673c57cfd2911ccebdc2e	abba8ffdffe88eebc4ed42b291bbb96772833f84	frontend/src/views/knowledge/wiki/WikiBrowser.vue	yes:M	three-way-preserve-musuw
M	100644	100644	c5bc3908e72da6cb30e5265ac85ee45797faedc5	ad87842ea929a642f6001bcf5c97ced49ab17cf5	frontend/src/views/knowledge/wiki/WikiRevisionDrawer.vue	no	preserve-local-modification
A	000000	100644	0000000000000000000000000000000000000000	383123f6d62a191c1c855ef4ea1bc8d249e22718	frontend/src/views/knowledge/wiki/graph/ObsidianGraphSettingsPanel.vue	no	preserve-local-addition
A	000000	100644	0000000000000000000000000000000000000000	33be2a40dd4aa02137c265be783ceda0fa011fcd	frontend/src/views/knowledge/wiki/graph/g6WikiGraphRenderer.test.ts	no	preserve-local-addition
A	000000	100644	0000000000000000000000000000000000000000	066f99f3a08680887a4efd7b013ca8ae293b2d0a	frontend/src/views/knowledge/wiki/graph/g6WikiGraphRenderer.ts	no	preserve-local-addition
A	000000	100644	0000000000000000000000000000000000000000	80e2b9732a8ba521b35efc33b5f492107b317d0b	frontend/src/views/knowledge/wiki/graph/obsidianForce.worker.ts	no	preserve-local-addition
A	000000	100644	0000000000000000000000000000000000000000	aab802e68832161204655c780225c31cc67453ac	frontend/src/views/knowledge/wiki/graph/obsidianGraphSettings.test.ts	no	preserve-local-addition
A	000000	100644	0000000000000000000000000000000000000000	de407672ae7af08be2f724b21f9680bd9f9d0971	frontend/src/views/knowledge/wiki/graph/obsidianGraphSettings.ts	no	preserve-local-addition
A	000000	100644	0000000000000000000000000000000000000000	ad118ce938e318fb6c995a41043079d1c5e39ad9	frontend/src/views/knowledge/wiki/graph/obsidianGraphWorkerProtocol.test.ts	no	preserve-local-addition
A	000000	100644	0000000000000000000000000000000000000000	130f011efd5f7b4af409eda8dba284ec987ec8f2	frontend/src/views/knowledge/wiki/graph/obsidianGraphWorkerProtocol.ts	no	preserve-local-addition
A	000000	100644	0000000000000000000000000000000000000000	c59f60a86d796db9ef00b97fb4a465c12f65d77e	frontend/src/views/knowledge/wiki/graph/obsidianNativeGraphContract.test.ts	no	preserve-local-addition
A	000000	100644	0000000000000000000000000000000000000000	78e15910bfc306188db4f1f025697979c5fda275	frontend/src/views/knowledge/wiki/graph/obsidianNativeGraphContract.ts	no	preserve-local-addition
A	000000	100644	0000000000000000000000000000000000000000	900b6e0ef53965ac0297a91d260d0f959866e53f	frontend/src/views/knowledge/wiki/graph/obsidianWikiGraphRenderer.ts	no	preserve-local-addition
A	000000	100644	0000000000000000000000000000000000000000	72be9d3a8a37c3cfc6a29128bb9666df7872df9b	frontend/src/views/knowledge/wiki/graph/obsidianWikiGraphRendererInteraction.test.ts	no	preserve-local-addition
A	000000	100644	0000000000000000000000000000000000000000	faa7130ea0455e149411abb0d0195a0ffa912692	frontend/src/views/knowledge/wiki/graph/sigmaWikiGraphRenderer.ts	no	preserve-local-addition
A	000000	100644	0000000000000000000000000000000000000000	42ae3a18b76141b7d752df50297d400ade9f358e	frontend/src/views/knowledge/wiki/graph/threeWikiGraphRenderer.ts	no	preserve-local-addition
A	000000	100644	0000000000000000000000000000000000000000	78f2685545a0fd9245611254d3093e089af9b395	frontend/src/views/knowledge/wiki/graph/weknoraGraphTheme.ts	no	preserve-local-addition
A	000000	100644	0000000000000000000000000000000000000000	a694c01864479f44ae2c6b3dfabb41965cc7ba1b	frontend/src/views/knowledge/wiki/graph/weknoraNativeWikiGraphRenderer.ts	no	preserve-local-addition
A	000000	100644	0000000000000000000000000000000000000000	cb1cd925e7e5485a190fc889beed51cb0b5d8b7d	frontend/src/views/knowledge/wiki/graph/wikiGraphRenderer.test.ts	no	preserve-local-addition
A	000000	100644	0000000000000000000000000000000000000000	2985a231dd0253c5fef719aab94bf6bff33051d1	frontend/src/views/knowledge/wiki/graph/wikiGraphRenderer.ts	no	preserve-local-addition
A	000000	100644	0000000000000000000000000000000000000000	652cb6908a6e664ebdc1def297b9725cf07c3cc7	frontend/src/views/knowledge/wiki/graph/wikiGraphUiContract.test.ts	no	preserve-local-addition
A	000000	100644	0000000000000000000000000000000000000000	3267213d49717a8109f085d1f49bd4d0aac5a691	frontend/src/views/knowledge/wiki/wikiGraphData.test.ts	no	preserve-local-addition
A	000000	100644	0000000000000000000000000000000000000000	5c7d21dade4c144208b1f4d155d7992be13c109c	frontend/src/views/knowledge/wiki/wikiGraphData.ts	no	preserve-local-addition
M	100644	100644	7b662caa8aa88513af19a1482e4a081aa6e3364e	dd552ffa2e233868cc460a489542e20bb83b56a8	frontend/src/views/platform/index.vue	yes:M	three-way-preserve-musuw
M	100755	100644	74ad9e6ba348af78f36a959bd76b9252b70d6f54	f38fcba97943521f7a604f6f499d407fd58c3aa7	frontend/src/views/settings/GeneralSettings.vue	no	preserve-local-modification
M	100644	100644	0c8b523c6be14ce0ea10a085bc6cd7894332728e	a72ce2dd0eade8b3b7ea50e04fc704563e809a72	frontend/src/views/settings/McpSettings.vue	no	preserve-local-modification
A	000000	100644	0000000000000000000000000000000000000000	e45a8e7595cb87e35b919e011efd601fe89653b3	frontend/src/views/settings/ModelSettings.consumerScene.test.mjs	no	preserve-local-addition
M	100644	100644	afb70a96ca15fc792a3268fb2b2788987cd82060	6a9e2974e68ca4e647060b650f244008592240d6	frontend/src/views/settings/ModelSettings.vue	yes:M	three-way-preserve-musuw
M	100644	100644	df87f00af2982ac58411f40d3f080416a5214048	2f85e6695d05dc276b1d8cd8fa80edd4c08e9512	frontend/src/views/settings/Settings.vue	yes:M	three-way-preserve-musuw
M	100644	100644	4c5fb971748d0615eda183fd07ca34cbd10b9eaf	d9f28ef8a3741e67c23f19517018387aa6722ddb	frontend/src/views/settings/StorageBackendSettings.vue	no	preserve-local-modification
M	100644	100644	eddae20562adeddaebcf381e078e9745a4aff95a	2661d8c6eba5177b63f871673c88594750de8063	frontend/src/views/settings/SystemInfo.vue	no	preserve-local-modification
M	100644	100644	463f80a50ba08433db5531cd309fd885b6a88ce8	cf9f692c8ef5904f34abceac3c167c0749a75b4a	frontend/src/views/settings/TenantInfo.vue	no	preserve-local-modification
M	100644	100644	f69148621113524fda89bce04aee34cb08c55f25	365edb6b9918f1ae1aca7dd42059f80e5aaf9fd5	frontend/src/views/settings/TenantMembers.vue	yes:M	three-way-preserve-musuw
A	000000	100644	0000000000000000000000000000000000000000	c249fe183c0e96da5519c4d0ee53d4a8a5d868c5	frontend/src/views/settings/UsageBillingSettings.vue	no	preserve-local-addition
M	100644	100644	63d569aaaacf728ae333b8856fcd32790fafea53	b346acbf0a7f088e0d45b6153cb27bc9aa66cf83	frontend/src/views/settings/UserProfile.vue	yes:M	three-way-preserve-musuw
M	100644	100644	0ae1488cca8ba7a4d37d56d780dcda4c9b03bbb8	2a726032bef7123d274ff56c94216322cfbabbe8	frontend/src/views/settings/WeKnoraCloudSettings.vue	no	preserve-local-modification
M	100644	100644	08bc6cc6d7ccc4a9138acfcde0694140ec0f644a	ed59e9b61a3cc9a364ece879f6d79f0e42125628	frontend/src/views/settings/components/McpServiceDialog.vue	no	preserve-local-modification
A	000000	100644	0000000000000000000000000000000000000000	7684d863be7b50eebf7ab842d24bc06abc7fd80a	frontend/src/views/settings/components/VisualSettingsShell.vue	no	preserve-local-addition
A	000000	100644	0000000000000000000000000000000000000000	36be1c8727ce6e259f67f7d9730a77afed105b35	frontend/src/views/settings/generalEntitlementCredits.test.mjs	no	preserve-local-addition
A	000000	100644	0000000000000000000000000000000000000000	d1669fb75b602d465ded037e5c313d955a4031eb	frontend/src/views/settings/mcpVisualContract.test.mjs	no	preserve-local-addition
A	000000	100644	0000000000000000000000000000000000000000	25747266f66e8025c0a7952a64766816f306a57a	frontend/src/views/settings/settingsNavigation.test.ts	no	preserve-local-addition
A	000000	100644	0000000000000000000000000000000000000000	0c71b7bdfb12658fc518a39b765f89bb35f1eed9	frontend/src/views/settings/settingsNavigation.ts	no	preserve-local-addition
A	000000	100644	0000000000000000000000000000000000000000	694ab118c7d72a0011283927e8060e6e358bf769	frontend/src/views/settings/settingsPageHeader.test.mjs	no	preserve-local-addition
M	100644	100644	69dea611e2896648d7524a8ec579d2f676d1ec48	c758b7111efc739c96f41a0ff34395ab76e32661	frontend/src/views/system/RuntimeQueues.vue	no	preserve-local-modification
A	000000	100644	0000000000000000000000000000000000000000	9d7e2bea5a258e3bbc342a5f169c8f326d1d8725	frontend/src/views/system/SystemSettings.consumerScene.test.mjs	no	preserve-local-addition
M	100644	100644	1effc24c59da6db69d26dce228bf44c11c7096ca	9d1813997454812b09c0fe41846000a09e2537d9	frontend/src/views/system/SystemSettings.vue	no	preserve-local-modification
M	100644	100644	fcd4b4337db902a596043cd94fb04d396f195e16	ed77fdee8aefcf6e5ee29cb7945eb3f291b20d18	frontend/tsconfig.app.json	no	preserve-local-modification
M	100644	100644	7b9a7bbc9830f7a427939a658ced638ea86a547b	bd7c9f63f26b1211e4803055b9a938e2c35253ef	frontend/vite.config.ts	no	preserve-local-modification
M	100644	100644	35593daa61173a806f9efd5b634e50154dd19cff	a4f7e4c7e1a8d39d3e1e5c91ec5a1f3d8d8edb51	go.mod	yes:M	three-way-preserve-musuw
M	100644	100644	e9e289427716670a71862b3815a9f270dc6369d7	0e7fb25c07d53acbbe3a615c39b4405df034ec40	go.sum	yes:M	three-way-preserve-musuw
M	100644	100644	56188daa1132ab472d39fb11a5f2e33d72c49095	de00cf7513f1e1a46b9bfdf4ce20e3aac6f6fed0	internal/agent/engine.go	yes:M	three-way-preserve-musuw
M	100644	100644	c5c4b2fa6ae1af45a97597ccecc74eef97ab2392	1b51c520a86ae0d5a2b7e494597d7025bf8cef51	internal/agent/finalize.go	yes:M	three-way-preserve-musuw
M	100644	100644	45e599d88b8cef26069bf9101b44a400662f2432	cd36542273b9cc0dec0dd0502ca7a09a537bf82a	internal/agent/observe.go	yes:M	three-way-preserve-musuw
M	100644	100644	220442ae6ca926527cd8b2cb5e4a33a5ebf0ab3e	6221a9a07334294b3c40cb6192f4b6cf695d4dc3	internal/agent/prompts_wiki.go	no	preserve-local-modification
M	100644	100644	d22d7f3db26512f03516c8431f4afcfb7d90c9c6	72b49d61ff94c247b5fea4471a49d5a6762dca31	internal/agent/think.go	yes:M	three-way-preserve-musuw
M	100644	100644	53b7014774dbfecb2330e6b6ff0d86e65cae92d3	f0b78be8107da545e9f409c94c3c9874300c1262	internal/agent/tools/registry.go	yes:M	three-way-preserve-musuw
M	100644	100644	570cd4022690b13d4cfb782b49d9993aaec9819e	42c537c57f31fd588432f4eb3ef921a5943fd2a1	internal/agent/tools/todo_write.go	no	preserve-local-modification
A	000000	100644	0000000000000000000000000000000000000000	2a2ff258d0f66c8d8d5e3ec36ab2dc4cb9a90343	internal/application/repository/account_erasure.go	no	preserve-local-addition
A	000000	100644	0000000000000000000000000000000000000000	65add49ac6a23bac714ba316b73ec229ce243d29	internal/application/repository/account_erasure_test.go	no	preserve-local-addition
A	000000	100644	0000000000000000000000000000000000000000	b90b0338aa2bdfcbcbca64d407f74c62d679196d	internal/application/repository/entitlement.go	no	preserve-local-addition
A	000000	100644	0000000000000000000000000000000000000000	98e44dc962c82594b37fa5d68a179048bc6e1f71	internal/application/repository/entitlement_test.go	no	preserve-local-addition
M	100644	100644	c2989e8f2ae5f171420932d65ba04b27572f3578	5f6768fbec46cb4de9b67a02891a851a5159fb3f	internal/application/repository/knowledge.go	yes:M	three-way-preserve-musuw
M	100644	100644	f7279d046ab197de1ca6db82146cee9f83b50f57	79d4afdf2232f5b8783e8b996d6772648931f369	internal/application/repository/knowledge_duplicate_test.go	no	preserve-local-modification
A	000000	100644	0000000000000000000000000000000000000000	acf8158e2f4e9c4eb9aa4d4a3d16c7aeeed299ea	internal/application/repository/knowledge_storage_atomic_test.go	no	preserve-local-addition
M	100644	100644	cbada3168495edd48e94fb183a5b31b05f8ea216	d7ff3d1dcec086fa84f4ecb6e7d6b2d1bfa85f01	internal/application/repository/mcp_oauth_test.go	no	preserve-local-modification
A	000000	100644	0000000000000000000000000000000000000000	0ddbe8f3be66163561adb134375d1f52ae752360	internal/application/repository/paddle_billing_operation.go	no	preserve-local-addition
A	000000	100644	0000000000000000000000000000000000000000	efda9c3bd4abf53116bce6129676cd5c41a3d6a7	internal/application/repository/paddle_billing_operation_test.go	no	preserve-local-addition
M	100644	100644	f89b94632dad4a15b7c8aac237cb4d6d718fe055	9268751b4139701ac8d64ef636a1767eee226846	internal/application/repository/retriever/postgres/repository.go	no	preserve-local-modification
M	100644	100644	2496d99d06af938221c49a0f09400ea67202c680	f5b9920eea2c136d171e424ac69cb742991fc7e5	internal/application/repository/retriever/sqlite/repository.go	no	preserve-local-modification
M	100644	100644	9d026574dd998f01e7c275fa2052ebf2557e1b29	cab78116a80b8a7f3f6ac8f0d31e540ee168c9f8	internal/application/repository/tenant.go	no	preserve-local-modification
M	100644	100644	c7a3a0cfec8b788b9ec4f98cb974ec3298d6592e	9be3b125e94ee915ea96fabd3d43a3281b6ee514	internal/application/repository/tenant_api_key_test.go	yes:M	three-way-preserve-musuw
A	000000	100644	0000000000000000000000000000000000000000	a6da26e6cce95e5134802292855424342bd75415	internal/application/service/account_erasure.go	no	preserve-local-addition
A	000000	100644	0000000000000000000000000000000000000000	6c9eb4db5e639b15cd27f2da3f7636aa1a7e10b2	internal/application/service/account_erasure_providers.go	no	preserve-local-addition
A	000000	100644	0000000000000000000000000000000000000000	af53e35657509ffb7e8ec01705e5741b268cfd45	internal/application/service/account_erasure_providers_test.go	no	preserve-local-addition
A	000000	100644	0000000000000000000000000000000000000000	1b014ee6333415f158fef633442f4e76eb7de39a	internal/application/service/account_erasure_test.go	no	preserve-local-addition
M	100644	100644	c9c2c68695d4ccb57f3b00c3ad3316b8501b9143	03d95c48ae16007dcd2cc032a52d91a158a343af	internal/application/service/agent_history.go	yes:M	three-way-preserve-musuw
M	100644	100644	46e3b2226e15d80c788fe91629ac2ff0258d1ff8	de203ee3a956d10f3827f3525dcf5b174be0373e	internal/application/service/chat_pipeline/chat_completion_stream.go	no	preserve-local-modification
M	100644	100644	604c36f9d7624a824734c73cdf82676d122f7615	9bd2f7b885dfbbda4e7cbc9d84b66873ff074543	internal/application/service/chat_pipeline/chat_completion_stream_test.go	no	preserve-local-modification
M	100644	100644	2c8544a2d76966883ae3d56c5089154c8cc244c3	2c61a1b0bf3a6e9fd0ef60acd7b68d42aec39aab	internal/application/service/chat_pipeline/chat_pipeline.go	no	preserve-local-modification
M	100644	100644	d78551a2eb1786c7e0b1509e2c53a539cb9402a4	119f6cdb34b7e19a7ade1d2dae078b82c96ecbfb	internal/application/service/chat_pipeline/common.go	yes:M	three-way-preserve-musuw
M	100644	100644	38c4071b6527ad2b5ea08f242e599cefc9928758	08ff36f4da5fe89da152e0a1bf010ceeaa07b6d0	internal/application/service/chat_pipeline/data_analysis.go	no	preserve-local-modification
A	000000	100644	0000000000000000000000000000000000000000	bdd1b7d75e837c9a7d43f0137f53d050cf256ca1	internal/application/service/chat_pipeline/data_analysis_thinking_test.go	no	preserve-local-addition
A	000000	100644	0000000000000000000000000000000000000000	24d4fadd133d3548a7cc6f18596485753debf5e4	internal/application/service/consumer_model_policy_test.go	no	preserve-local-addition
A	000000	100644	0000000000000000000000000000000000000000	14cd5df4faae4ab1b1860de557aa7b7891fdff33	internal/application/service/consumer_model_resolver.go	no	preserve-local-addition
A	000000	100644	0000000000000000000000000000000000000000	020f8d9cade9c357cfecec54bfc4f955a2b8453b	internal/application/service/consumer_model_resolver_test.go	no	preserve-local-addition
A	000000	100644	0000000000000000000000000000000000000000	647f0cc9e69eab6e510ce7361e8fcf764aff9622	internal/application/service/consumer_native_policy_test.go	no	preserve-local-addition
A	000000	100644	0000000000000000000000000000000000000000	ead95c915932cd37cd4c94c0bcd1521a9962b9bf	internal/application/service/consumer_plan.go	no	preserve-local-addition
A	000000	100644	0000000000000000000000000000000000000000	9381eb872e07a6379e98f2d29c1e63fff5b8987d	internal/application/service/consumer_plan_enforcement_test.go	no	preserve-local-addition
A	000000	100644	0000000000000000000000000000000000000000	85165237b89693f98f0b3f8593b77afa31bcd046	internal/application/service/consumer_scene_callsite_contract_test.go	no	preserve-local-addition
A	000000	100644	0000000000000000000000000000000000000000	294ee29777d248ee92bada693326c0f6cdb6a614	internal/application/service/consumer_scene_runtime_test.go	no	preserve-local-addition
M	100644	100644	8cd38f38fa23d9e5529dee79d94961337e41c112	082117af9f756f2861516f2f1440b3ed88544a92	internal/application/service/custom_agent.go	yes:M	three-way-preserve-musuw
A	000000	100644	0000000000000000000000000000000000000000	c6bb8cbf3a119939dda14b05fe51e66e8a64d9ae	internal/application/service/custom_agent_platform_managed_test.go	no	preserve-local-addition
M	100644	100644	85a8b3e8f1e69c06290b41a7d1b66ad62529269b	4b12845992700b84585d41e26381161e8eb82b13	internal/application/service/embed_webhook.go	no	preserve-local-modification
A	000000	100644	0000000000000000000000000000000000000000	71fc757151fc5185f308e672c545511a306a9509	internal/application/service/entitlement.go	no	preserve-local-addition
A	000000	100644	0000000000000000000000000000000000000000	2cf1ba94b33a20d2150d50399e74a8b388f81132	internal/application/service/entitlement_free_allowance_transition_test.go	no	preserve-local-addition
A	000000	100644	0000000000000000000000000000000000000000	1ffba39157e1782e8b9aa3698bcfca3f06671948	internal/application/service/entitlement_test.go	no	preserve-local-addition
M	100644	100644	46b4d892c05fb8399815a3dbd80475bfff90151d	193fca15f8e12fdb9d3411ebb73dac165ebce725	internal/application/service/image_multimodal.go	no	preserve-local-modification
M	100644	100644	590a6b38ca2e20e1a1d64ea49ffe654c827e9e04	eefc0ce1dce72917e0c62a8331cc3725d68bd25b	internal/application/service/knowledge.go	yes:M	three-way-preserve-musuw
M	100644	100644	1742c534385c5f3d86ecf897788ac41af4589b84	3d532faa86796c5210ea930cda8cd113498fafdd	internal/application/service/knowledge_clone_move.go	no	preserve-local-modification
M	100644	100644	b1d26ec430dd98fca1418f5784c6398f062f8883	69e928d4bdda2c95e1a11eea751daf29fee0de21	internal/application/service/knowledge_create.go	yes:M	three-way-preserve-musuw
M	100644	100644	856b6cec33015c09fe8a2c3aae577376057ed91e	af1991c50640a8a9c46b1ffd53925a060039c4f1	internal/application/service/knowledge_create_test.go	no	preserve-local-modification
M	100644	100644	d3aa09a8c1b52750d87977908f9d80cda0179c6f	5472619b617fb0edce55f5233b7d1ba7b9d91f9c	internal/application/service/knowledge_delete.go	yes:M	three-way-preserve-musuw
M	100644	100644	c253d0110d8fb841b3749a5238f72f43b99a553f	406ddf9e905529372cfc6f79fcf8a4921225ef91	internal/application/service/knowledge_faq_import.go	no	preserve-local-modification
M	100644	100644	95abd863bb4760760461d23a208bdc1acfd822de	859ad95d14a06127f969d85a278ee3c1ad329c85	internal/application/service/knowledge_housekeeping.go	yes:M	three-way-preserve-musuw
M	100644	100644	465cbe11e039729de79b9341f68166283252b15a	ee9c449d4a15847904d7d9f05fc310263201cbbe	internal/application/service/knowledge_image_cleanup_test.go	no	preserve-local-modification
M	100644	100644	64b9eb6847e47fc0be822edd4be195b6f4756a63	d87c8bda87d90f30cdf0fc00fb71dd20365b3aeb	internal/application/service/knowledge_process.go	yes:M	three-way-preserve-musuw
M	100644	100644	c65dab3397af0e1a6af152a182bdb220cdbe5c09	1554033cd0d15fb57887b4d3ff73477a23a3f0e8	internal/application/service/knowledge_process_config.go	no	preserve-local-modification
M	100644	100644	b72330d227fe01dab896dbcc458ec769a97a85ff	628dc1ab5a1f64a5dc758ddc51a6e9488431cd53	internal/application/service/knowledge_process_config_test.go	no	preserve-local-modification
A	000000	100644	0000000000000000000000000000000000000000	0a97e747be72b3ec633d2412a8b92af7567a8e25	internal/application/service/knowledge_process_embedding_failure_test.go	no	preserve-local-addition
A	000000	100644	0000000000000000000000000000000000000000	5bb50068a0dcb0e1698223bdebf29ef4d2aeaac1	internal/application/service/knowledge_storage_accounting_contract_test.go	no	preserve-local-addition
A	000000	100644	0000000000000000000000000000000000000000	b681afe0631625f304407f20cf7b3a92fd124c1f	internal/application/service/knowledge_storage_failure_test.go	no	preserve-local-addition
A	000000	100644	0000000000000000000000000000000000000000	23bdee90f0734fd1d518604d60ea4d8f54270355	internal/application/service/knowledge_storage_reparse_contract_test.go	no	preserve-local-addition
A	000000	100644	0000000000000000000000000000000000000000	dd1015aaf1e2226be64d002299212a14dcd7cd5f	internal/application/service/knowledge_tikhub.go	no	preserve-local-addition
A	000000	100644	0000000000000000000000000000000000000000	370b9068ad14392b72df9a997e553ccc8759a64e	internal/application/service/knowledge_tikhub_worker_test.go	no	preserve-local-addition
M	100644	100644	7cd6673b78f973c3ddc2d9027edabf7b339c2a03	c0f47e52a2b4a27ef73ea95f2e5abf3eda2dc949	internal/application/service/knowledge_util.go	no	preserve-local-modification
M	100644	100644	a902409f8c749325fa7a612e09e7e0c245391153	1bdf9f833e89e901e03cab7c9368b1ddb60672f1	internal/application/service/knowledge_util_filetype_test.go	no	preserve-local-modification
M	100644	100644	9f6b0169afb334ce6229e0cf1ebd0bd610fc0a15	40e66c5f9e5823eca9448cb8f4dd1c5e70ee0f3e	internal/application/service/knowledgebase.go	yes:M	three-way-preserve-musuw
A	000000	100644	0000000000000000000000000000000000000000	f235f4a8ec4aca84f8ab7b2801501e98a139ed16	internal/application/service/knowledgebase_consumer_models_test.go	no	preserve-local-addition
A	000000	100644	0000000000000000000000000000000000000000	535908815c2c9698d84046dab1e311ae469319f7	internal/application/service/knowledgebase_lite_policy_test.go	no	preserve-local-addition
A	000000	100644	0000000000000000000000000000000000000000	2037c22c42e3da85c674b699f6ed990b1102dab4	internal/application/service/knowledgebase_platform_catalog_test.go	no	preserve-local-addition
M	100644	100644	5b75bbbfcb5818c99c183b6ce033eecc75e184e8	f48b2bb76578f0e368c94377fdb209d876a1655f	internal/application/service/knowledgebase_pr3_test.go	no	preserve-local-modification
M	100644	100644	991024a797280d2a17baf2e02e6f785f4a9030c0	bc4e4cde3fb389f1b5d75ecb6ff223ef7a88a69f	internal/application/service/knowledgebase_search.go	yes:M	three-way-preserve-musuw
A	000000	100644	0000000000000000000000000000000000000000	bb7384ed40a95daa464ab2a862cea5810a0bde86	internal/application/service/knowledgebase_strict_delete_test.go	no	preserve-local-addition
M	100644	100644	250b860792b1bb07c249a5867cefba04deb2b7e4	f61e86f3dbe662c9e12c8d02f1243c0b28ba8744	internal/application/service/knowledgebase_task_cancel_test.go	no	preserve-local-modification
M	100644	100644	bc6adfad4d51c46ec07d394280e391d73dd0b404	b1b26c821ee04da502ab9fbd25220ddb0f08c42a	internal/application/service/message.go	yes:M	three-way-preserve-musuw
M	100644	100644	d25da56c56f3c588f6860ae25316e53feae06725	8d89cca0f1cd212f402226b7b974a120436f27be	internal/application/service/model.go	yes:M	three-way-preserve-musuw
A	000000	100644	0000000000000000000000000000000000000000	005b12dc9518df20c1788bda90cea2548fe55249	internal/application/service/model_default_test.go	no	preserve-local-addition
M	100644	100644	3e62ceb86e5357808d8f4bb4f11c74550b498f38	00bbf9df0ff98fdc5a38ffc4eaa5f8e990446a82	internal/application/service/retriever/keywords_vector_hybrid_indexer.go	no	preserve-local-modification
M	100644	100644	3d3749098624e0974dd70d15cb9ab857d3e9b884	cf24052379634e0498fc4c83046e9622b04aaf13	internal/application/service/retriever/keywords_vector_hybrid_indexer_test.go	no	preserve-local-modification
M	100644	100644	801bb5bbad3802e63a865fec5e878419fb544ea9	eec8109a9b55692f0be239a73e66606a80f405d4	internal/application/service/session.go	yes:M	three-way-preserve-musuw
M	100644	100644	aed7b305d962ccdd099241886a0ab3b674804686	d349320e31251d87b83b631b892b680310ebe157	internal/application/service/session_agent_qa.go	yes:M	three-way-preserve-musuw
A	000000	100644	0000000000000000000000000000000000000000	abed5c6adec18bd236535c36b42b3f1c4d3e27d4	internal/application/service/session_agent_qa_rerank_test.go	no	preserve-local-addition
M	100644	100644	938f1048fc90760c6daf48c00fa4fb9ac2c80658	bb671992ef217738d5a3b617e416ef5c6d67d6f4	internal/application/service/session_knowledge_qa.go	yes:M	three-way-preserve-musuw
M	100644	100644	7f73fdc24e5c89ad801b9da0c9b320893969ce19	6a5af47a39df04c086bc7262ed9e2bc2abaae336	internal/application/service/session_knowledge_qa_test.go	yes:M	three-way-preserve-musuw
A	000000	100644	0000000000000000000000000000000000000000	e429473ce24f8837ee2ff2a66ece35c39db277b8	internal/application/service/session_lite_web_search_policy_test.go	no	preserve-local-addition
M	100644	100644	ee8897cf960d4dc7abc38a1c8a26b87f2e715cd2	8bc427de9c6dc52f2dcfb0c1882fcd4cc537e8cf	internal/application/service/session_model_requirement_test.go	yes:M	three-way-preserve-musuw
M	100644	100644	df3e9a1351c23d9224e0b1c7456f537c697fd14b	68e925206d5fec0f1489e7c28aff59e56791b79c	internal/application/service/session_qa_helpers.go	yes:M	three-way-preserve-musuw
A	000000	100644	0000000000000000000000000000000000000000	adea9bb6e766074b1bfdaa5f1b6815eef9c3bea3	internal/application/service/session_thinking_override_test.go	no	preserve-local-addition
A	000000	100644	0000000000000000000000000000000000000000	e8ed79f32bfdeac271059c0b8bcf195e4975f09a	internal/application/service/social_url.go	no	preserve-local-addition
A	000000	100644	0000000000000000000000000000000000000000	aa157f45cfe474e1df9d5035164ec28af3f7451d	internal/application/service/social_url_test.go	no	preserve-local-addition
M	100644	100644	fa3c586e8f6bd94e51b332b1474d768b60177c4d	0b40ef9e011b37a7932b5436d14a209efe43e27b	internal/application/service/system_setting.go	yes:M	three-way-preserve-musuw
M	100644	100644	0523e6b26ae07d54b60fbb38acaf8e725d6aed6c	ab77f09c21d4c3f07356e612e0687b5129643b61	internal/application/service/system_setting_validation_test.go	no	preserve-local-modification
M	100644	100644	d7a108924b987a86305a0767482f18d9f5f4c568	a1274003a8bcf6503d4655501ed06fe1d60cf91c	internal/application/service/tenant.go	no	preserve-local-modification
M	100644	100644	7c192f77ef88a4d8c7852017f50a0dc6ca6abadd	4630a124ea9e785399ba9b954f0438649b664bea	internal/application/service/tenant_api_key_test.go	yes:M	three-way-preserve-musuw
A	000000	100644	0000000000000000000000000000000000000000	d3ef2ce97fe3541f4685f59af5c92119c15cc4e6	internal/application/service/tenant_openrouter_lifecycle_test.go	no	preserve-local-addition
M	100644	100644	a007d26aeffc64982b86cf9435e25f6a72ce2ca9	3d1830f59bd6ab6c18c7c8c4c49d05657dbf9801	internal/application/service/user.go	yes:M	three-way-preserve-musuw
M	100644	100644	87d98e3cea0c92a99139e0811154936316a2adea	955532c4c29489ff72ad6f191485c13ce1cb52ff	internal/application/service/user_auth_token_test.go	yes:M	three-way-preserve-musuw
A	000000	100644	0000000000000000000000000000000000000000	560ddcf291807b5df67ecdf8de00f68b6887a95a	internal/application/service/user_oidc_identity_test.go	no	preserve-local-addition
A	000000	100644	0000000000000000000000000000000000000000	4e9616ddbb7bcdeec6aa6593686daa344baa74e5	internal/application/service/user_oidc_pkce_test.go	no	preserve-local-addition
M	100644	100644	1ed336d1b0e72db27d323d3b7718b145cf720152	ec113ac7ef40483c3acfc37382b3bf2df62cc3cc	internal/application/service/user_oidc_security_test.go	no	preserve-local-modification
A	000000	100644	0000000000000000000000000000000000000000	3573061b9b8d51f15d33116ef9b8f134c76a660c	internal/application/service/video_ingestion.go	no	preserve-local-addition
M	100644	100644	4b5d7caf8c7dfe4f19fc0da6f05505bd16cb63e5	1c848c0655d4fba77b7b0ed2808d00562614641e	internal/application/service/wiki_ingest.go	yes:M	three-way-preserve-musuw
M	100644	100644	4fb7e7a9d3975c0b087ac528885c5643c771eada	ad6d56216593ebe7b9b983cb08ec228b6683497f	internal/application/service/wiki_ingest_batch.go	yes:M	three-way-preserve-musuw
A	000000	100644	0000000000000000000000000000000000000000	7377e0f46ad405284681795ea15f6e677e7776bc	internal/config/prompt_branding_test.go	no	preserve-local-addition
M	100644	100644	a5fe47f9f55c75b15d8f998c4ad449166d617903	daf707366bc191fb2e05206dde399862a1d848cf	internal/container/container.go	yes:M	three-way-preserve-musuw
M	100644	100644	5e6848adf163eb587207ed3974fa631c9f8ac7f3	384eae64e642db6b52d45ce92d367e159c8f53d9	internal/datasource/connector/notion/client_test.go	no	preserve-local-modification
M	100644	100644	670d0c88c0af9441a7b38f01d0e6d78e7be21ca4	75bf3305492d5a5f9d85911518b65ab098faef91	internal/datasource/connector/yuque/connector_test.go	yes:M	three-way-preserve-musuw
M	100644	100644	811aecaee98d5fea99336b7a47486fd4323aaac3	0f53759e80a5ecac1eb169758d413e138dc87be6	internal/datasource/httpclient_test.go	no	preserve-local-modification
A	000000	100644	0000000000000000000000000000000000000000	29be4da1e80a9f3013ec118f6b4bda805497a6e4	internal/handler/account_erasure.go	no	preserve-local-addition
A	000000	100644	0000000000000000000000000000000000000000	cbf0c8baa1d90428cd25d1415846aaa3505ae10c	internal/handler/account_erasure_test.go	no	preserve-local-addition
M	100644	100644	ed2c112bae6fb0b31307dba958c815800afaa624	d7828d76407b3378f0fe514ecf3f8d464326c2a1	internal/handler/auth.go	yes:M	three-way-preserve-musuw
A	000000	100644	0000000000000000000000000000000000000000	6182b79b6694792cd571af5fac01c550703a5c55	internal/handler/auth_oidc_pkce_test.go	no	preserve-local-addition
A	000000	100644	0000000000000000000000000000000000000000	cea7b41c18ab6a1605aeb5946dd867f205b034c0	internal/handler/auth_oidc_registration_policy.go	no	preserve-local-addition
A	000000	100644	0000000000000000000000000000000000000000	d00b5263150eb598def809a61f9823d359d8ae8c	internal/handler/auth_oidc_registration_policy_test.go	no	preserve-local-addition
A	000000	100644	0000000000000000000000000000000000000000	83e8c314bfd23fd445b70075859ab87482b56e8f	internal/handler/auth_unavailable_test.go	no	preserve-local-addition
A	000000	100644	0000000000000000000000000000000000000000	d6b7e1e3ac774415e17a42212c8579d0f7782863	internal/handler/consumer_model_options_test.go	no	preserve-local-addition
M	100644	100644	7456ef1ed619c4dcaab6572cda15261150713569	e5113a665b144371cf2337ab84f6d1125d68407c	internal/handler/dto/datasource_test.go	no	preserve-local-modification
M	100644	100644	4ebc9c76f978ffcc8b46d9d03000d07948536be2	c85d8b5a851b05feda943b4e9c3b3ff12a3b6d8a	internal/handler/dto/model.go	no	preserve-local-modification
A	000000	100644	0000000000000000000000000000000000000000	9bfbea4b4fb2164a1c93bf6f20ee99732c3895c1	internal/handler/entitlement.go	no	preserve-local-addition
A	000000	100644	0000000000000000000000000000000000000000	0cb7a3864f3fa17cec4c9b99707b3dc7e3fbc9b9	internal/handler/entitlement_public_config_test.go	no	preserve-local-addition
A	000000	100644	0000000000000000000000000000000000000000	562090a5d86514d8cfbdb5e3acdff575ed367e79	internal/handler/entitlement_test.go	no	preserve-local-addition
M	100644	100644	82146f4a1202e04477866d468ddb76a77b58ae60	5583aebd79465df9ee25a513dd23bfc8bccc8f2a	internal/handler/initialization.go	no	preserve-local-modification
A	000000	100644	0000000000000000000000000000000000000000	c03d299eabc9407fd3734240cf7b58bb4e4d24e2	internal/handler/initialization_consumer_models_test.go	no	preserve-local-addition
M	100644	100644	8bf2fe5aa2c83f9ed99ea2128de8edf8abcc783a	f91578e27ed9393b859d45bf8f5b41e9b1916062	internal/handler/knowledge.go	yes:M	three-way-preserve-musuw
M	100644	100644	387f59be06f66120b6c7bb36cd720229d7a16ae7	b6704280b292afb70690556434876b732894aa20	internal/handler/knowledgebase.go	yes:M	three-way-preserve-musuw
M	100644	100644	c164bcad26a3e6c26737594b4cd7fa7417d8cfaf	b927839555d0e7cedc0009b85488e235b5bc8eff	internal/handler/knowledgebase_copy_preflight_test.go	no	preserve-local-modification
A	000000	100644	0000000000000000000000000000000000000000	f1085ddaad98437808d4ebf2d67257c6ca68398d	internal/handler/knowledgebase_lite_visible_strategy_test.go	no	preserve-local-addition
M	100644	100644	991bcbc5cbadcc7b543b6b29d77db76352de5a53	b320142e2c57db87b07b760b19c04f88276c7b43	internal/handler/message.go	no	preserve-local-modification
M	100644	100644	4f8233899aee24001ce3cb13084cada4107c47fe	6b70a8291de87f4cb1be6ff7f17544aa3bb5f44b	internal/handler/model.go	no	preserve-local-modification
M	100644	100644	cde73e89245c41e619681e550ded1b891dd05067	9d55b13dcd8d938fa3f3e7fb491e906f34fc07c2	internal/handler/session/agent_stream_handler.go	yes:M	three-way-preserve-musuw
A	000000	100644	0000000000000000000000000000000000000000	965f73e608dcfacc8b09b124b2eabe5da88777c8	internal/handler/session/agent_stream_handler_error_test.go	no	preserve-local-addition
M	100644	100644	9fac5fea3c0c9756f5a40dd13aab0f9d7d94a18b	06e43911b5372990caa311bc5746b85da62900f5	internal/handler/session/qa.go	yes:M	three-way-preserve-musuw
A	000000	100644	0000000000000000000000000000000000000000	822dfdae7c54da5419bc2adacda5d433ef5bd72b	internal/handler/session/qa_title_routing_test.go	no	preserve-local-addition
A	000000	100644	0000000000000000000000000000000000000000	d4d9015db361325666328f477de9f1aaa78c8d10	internal/handler/session/request_thinking_test.go	no	preserve-local-addition
M	100644	100644	302c5bd763770f55f0cb3fcba61403f2d22dff5f	c84d6cb24a5299c315337a7001c4eb5b7f9375b7	internal/handler/session/resource_urls_test.go	no	preserve-local-modification
M	100644	100644	af5d6ea5bb2eb844a4999feb8c9fb305d9b2bb77	2761b424792b72c2c850411a5acb2b588f4200b7	internal/handler/session/stream.go	no	preserve-local-modification
M	100644	100644	6f0dc9a9d40da45bb69a4011f1a74225d8fee7ce	82add66664d5b1d54ff58635cf96a1427fc247dd	internal/handler/session/types.go	no	preserve-local-modification
M	100644	100644	c55e6cf494b5c5afae48bb83d5fe97368ffc4f80	bf1fef790976b24f9d1d3e017f3cbbcb21e8b01f	internal/handler/system.go	yes:M	three-way-preserve-musuw
A	000000	100644	0000000000000000000000000000000000000000	ce46c809776a4e8ba5b868aa40e403dae1932d78	internal/handler/system_consumer_model_policy.go	no	preserve-local-addition
A	000000	100644	0000000000000000000000000000000000000000	f3068a170307dbb94e3ff39c4c38626b4263f55b	internal/handler/system_consumer_model_policy_test.go	no	preserve-local-addition
A	000000	100644	0000000000000000000000000000000000000000	17f8d7b507f79309d9e1e05f166150d9b395b59a	internal/handler/system_runtime_revision_test.go	no	preserve-local-addition
M	100644	100644	0084115c749f8bfa8acbdd90b3797559039cb5f1	bbcfb74f28b493a5e16fa053846544e91906e4a8	internal/handler/system_runtime_test.go	yes:M	three-way-preserve-musuw
A	000000	100644	0000000000000000000000000000000000000000	fe89b0af47c1cb4f235a4070e808c11748098120	internal/handler/system_storage_quota_test.go	no	preserve-local-addition
A	000000	100644	0000000000000000000000000000000000000000	68978c285dd532a482b097354e391572290476ef	internal/handler/system_tenant_operations_test.go	no	preserve-local-addition
A	000000	100644	0000000000000000000000000000000000000000	8cd4580229a16c3d4040577191726384c839cb32	internal/handler/system_user_investigation.go	no	preserve-local-addition
A	000000	100644	0000000000000000000000000000000000000000	d20f7e0f6db6c1922a798fc79e467028371709f5	internal/handler/system_user_investigation_test.go	no	preserve-local-addition
M	100644	100644	5f92a329da3a41857ede47b1373cad9a231897da	a96fcc717ef9baac2c169d66ec1461ba26e3b077	internal/handler/tenant.go	yes:M	three-way-preserve-musuw
A	000000	100644	0000000000000000000000000000000000000000	6017b0f6e77145c51d4759e348ac2f26cb1a6b1e	internal/handler/tenant_openrouter_response_test.go	no	preserve-local-addition
M	100644	100644	a2812751238a041f133dfafa5eba1e0c695e77b8	41578e0f74043b9746adc5c174efba46f1c0ecad	internal/handler/tenant_policy.go	no	preserve-local-modification
A	000000	100644	0000000000000000000000000000000000000000	562729a2595b6230dc180dedb750125fd21e0e52	internal/handler/tenant_retrieval_consumer_test.go	no	preserve-local-addition
M	100644	100644	d4e02294312c5eebf09d6934df98c6d778f6ed8b	9fa9f0d3b8723997bc45da380f0ffed9367d1df2	internal/handler/tenant_secret_disclosure_test.go	no	preserve-local-modification
A	000000	100644	0000000000000000000000000000000000000000	bfb1632d746adffaa68796d1f7c819595ec5b640	internal/handler/wiki_page_graph_test.go	no	preserve-local-addition
M	100644	100644	e8db4297e31a02f9abfb837463b0cc2b6e8e3639	d8abc10bf1e4624f554e79460cbce9583fb1f74b	internal/infrastructure/docparser/image_resolver.go	no	preserve-local-modification
A	000000	100644	0000000000000000000000000000000000000000	ac79ad156620e8795a216f029cd65d167813c243	internal/infrastructure/tikhub/importer.go	no	preserve-local-addition
A	000000	100644	0000000000000000000000000000000000000000	cbabfc6645607c8027d16fdfbcd14895887566ca	internal/infrastructure/tikhub/importer_test.go	no	preserve-local-addition
A	000000	100644	0000000000000000000000000000000000000000	ff7a1e8e7a4f00136793d4a0be9c7be4dc59457a	internal/infrastructure/tikhub/route.go	no	preserve-local-addition
M	100644	100644	7e57c7383e33607f4df3f78b26d275d72310c5a7	b26d822bd20b08a91a8e121a34d2eae091852290	internal/infrastructure/web_search/searxng.go	no	preserve-local-modification
M	100644	100644	0d5ad034bcf9e19b142253379d0be2263a8b1d61	9142e129d5b6172f14943f7d0c7128a354d9345a	internal/middleware/access.go	no	preserve-local-modification
M	100644	100644	2ea5a54ee82baf0dab97c798364f202e4634b7bc	53924dac0cf3833f8f97f98149e261f146c99a0c	internal/middleware/auth.go	yes:M	three-way-preserve-musuw
M	100644	100644	661b61aa4c7d6deb47765dc7a187502e2b262b82	e8bb83cbe5c50cf0e92db04a70c8f4500e7aa00e	internal/middleware/auth_role_test.go	no	preserve-local-modification
A	000000	100644	0000000000000000000000000000000000000000	a36857eb93ffbc8104a13d206db321dbbb505040	internal/middleware/auth_unavailable_test.go	no	preserve-local-addition
M	100644	100644	ad7c5b920c8e2f5ef2d8059d3df46c7231076954	50c256d3454f7f0bbe2f9b93deff17064abdb80c	internal/middleware/logger.go	yes:M	three-way-preserve-musuw
M	100644	100644	e27ba2956e664116c7505e62d5b226b50dc6a4fc	de078f94d14f00b250eba2dabeec022046bcb5e2	internal/middleware/logger_test.go	no	preserve-local-modification
M	100644	100644	c241d52efe3e50b615795bcabe47acc44290d866	a9e0df06f10abfd2d8fcf078cda69649513a43fc	internal/models/asr/asr.go	no	preserve-local-modification
M	100644	100644	66dee48e849beba1e5e8252996b9c9b32163327d	d6a626ae1aa3375f36d429b1df1aaf337d8dbeec	internal/models/asr/openai.go	no	preserve-local-modification
M	100644	100644	aa2dc5efaf44c4c91f1392941729a2a8967ec558	891f8cdea8218466e435aacd1146a16eaf801a23	internal/models/chat/chat.go	no	preserve-local-modification
M	100644	100644	d1cf1abffdebc2fd96d7a76e69069c49dd7023b1	9b5f573cae30cb3090a3cd566f8fed82f8c35a1f	internal/models/chat/langfuse_wrapper.go	no	preserve-local-modification
M	100644	100644	c911108ec247d696490c29766ce4e53aa118b566	98c72d3d07f32378f65945443d927aab058178e0	internal/models/chat/langfuse_wrapper_test.go	no	preserve-local-modification
M	100644	100644	85b680d5bfa8eb3fb5525d95fa0ad6c207d4f5db	8b6e5524a7ccf89da591a81ca1f9722657988fda	internal/models/chat/openai_request.go	no	preserve-local-modification
M	100644	100644	c51e022b8d39a74bb90d91397a8092506573cc17	5d4d63fc5ada34f6ae20c9575a5323d812081bcc	internal/models/chat/openai_stream.go	no	preserve-local-modification
M	100644	100644	c596a3547396d17cd07951dc47b251c718af7e91	83b7a99396364d3279fc8833fd4af50cf71e88a3	internal/models/chat/provider.go	no	preserve-local-modification
M	100644	100644	bc1049fbc8d73b3f5a45f9ea384fdb5aae3daa26	534c7a404fed222952593438e741f844d6829ceb	internal/models/chat/provider_test.go	no	preserve-local-modification
M	100644	100644	9364cb710a53185e695e1a99c7d118b4831bddbc	8f1da31addb0a0ddcc99708b61d313aef92e5018	internal/models/chat/remote_api.go	yes:M	three-way-preserve-musuw
M	100644	100644	8652373970ae3221d2e0c52e429ad6afca5a9412	b0fd4128283ae83e945f339acfd0fdf6df1ce99a	internal/models/chat/remote_api_test.go	no	preserve-local-modification
M	100644	100644	838c4d8a00de01a4a792d3e3b95784382d3abb48	b538c4a56f5d213912f1bf371656f554bcd492d2	internal/models/chat/sse_reader.go	no	preserve-local-modification
A	000000	100644	0000000000000000000000000000000000000000	a3cce2ab50a0503b24829527007de2d627d9578d	internal/models/chat/sse_reader_test.go	no	preserve-local-addition
M	100644	100644	23e92372f7f735772ed1755555192055c272c1d6	b1442b749039f17ac82c72e17dc20558f287958a	internal/models/chat/thinking.go	no	preserve-local-modification
M	100644	100644	3b3fd10368d7ec75144554b1ae0482eeadbfb1c9	3c9b02c4d804b1dcf48829bf4e3727dc0c29f391	internal/models/chat/timeout_test.go	no	preserve-local-modification
M	100644	100644	8496bd1f392c2ee1a01b7a960f11a16f15b48a89	67045b35c22621f092b0f0208674ae19e0a671ed	internal/models/chat/transport.go	yes:M	three-way-preserve-musuw
M	100644	100644	b81110eff1744319a3c7db3b09985b580e396e0f	fb7009e1afb2eb9069ac9f8fd3fa5896dbf415d9	internal/models/embedding/azure_openai_test.go	no	preserve-local-modification
M	100644	100644	3e421a7c8c7d677cdc5e9ddc3eec714d5fdbbf60	0d203dd4760b1a99a7afb056879fb2da102aed34	internal/models/embedding/embedder.go	no	preserve-local-modification
M	100644	100644	e55c3070d1151a228d784a536c40f128bb7f0876	4560dbf13a90f4449ede53375e57324ac59e9be8	internal/models/embedding/openai.go	no	preserve-local-modification
M	100644	100644	c9650c161b1b4d4d2bcc81421b9aaeb09ef5b3f2	43030165abad2715f4af526ed94ec1ec227fecb4	internal/models/embedding/openai_test.go	no	preserve-local-modification
A	000000	100644	0000000000000000000000000000000000000000	3c563da978814de793c614f9027557b271695746	internal/models/openrouter/key_manager.go	no	preserve-local-addition
A	000000	100644	0000000000000000000000000000000000000000	c86d664dd3edad54b04ecb774d1148840ccb1bc9	internal/models/openrouter/key_manager_test.go	no	preserve-local-addition
A	000000	100644	0000000000000000000000000000000000000000	00421f5263a9b773cc4adb973a355ab74302bfdf	internal/models/openrouter/transport.go	no	preserve-local-addition
A	000000	100644	0000000000000000000000000000000000000000	8cac6ca3b5dc6b9d2f1f7817a899b1f0c89a27b0	internal/models/openrouter/transport_test.go	no	preserve-local-addition
M	100644	100644	02057519da09896dbc1618565eb4ed24c19495f4	b463de9229cbc7a382ce46445bb62329d297ad38	internal/models/provider/deepseek.go	no	preserve-local-modification
M	100644	100644	b2533aa4e979dc36d825b492c6862cd917fb87f0	e0641b4ceb0d5c984cc9d3bb32a198cfc362e8f1	internal/models/provider/openrouter.go	no	preserve-local-modification
M	100644	100644	bf13b22fe7a3de48e6cfd3ebfa2f373c89d42a93	9da2769d23d216ac8fbc3a31387febec1131ef75	internal/models/provider/provider_test.go	no	preserve-local-modification
M	100644	100644	fc0feb148d300288b76f337d0fabdb4e76eca375	d91a621a897d5a7413939595e5eea22b5ccdd993	internal/models/rerank/remote_api.go	no	preserve-local-modification
M	100644	100644	f944ad6e68bde7c346fef88b478025b68b09737e	3e82616f2ebe3a0bc81d613088c58b84695cd124	internal/models/rerank/reranker.go	no	preserve-local-modification
M	100644	100644	0586d94a010846fe98d9e25c5334fde6c30dbb05	ac9a8d6c57cce1841fbd28403f0decd5f45cfdb6	internal/models/vlm/concurrency_wrapper.go	no	preserve-local-modification
M	100644	100644	c707ca415642af2196102332e5e4d5bff35eb1d2	fe712b8b485172404b599085df62b382f03c92c7	internal/models/vlm/langfuse_wrapper.go	yes:M	three-way-preserve-musuw
M	100644	100644	18c1a5cae7c38e8c70c648c31e2bf2ad5c65fe3c	a031c6844b90bf4bf251ede923d20f58a8f0bc1a	internal/models/vlm/llm_debug.go	no	preserve-local-modification
M	100644	100644	6b511282302808694478640523e5131615056194	7568296b785715d0e3689c56e2f505a9e253280f	internal/models/vlm/remote_api.go	yes:M	three-way-preserve-musuw
A	000000	100644	0000000000000000000000000000000000000000	6c7f76ba1a1ce46bf4c790d8b74575fd3b2e317a	internal/models/vlm/remote_api_reasoning_test.go	yes:A	three-way-preserve-musuw
A	000000	100644	0000000000000000000000000000000000000000	ff758848e437615070aeee81bfa0e37956f4fe32	internal/models/vlm/remote_api_video_test.go	no	preserve-local-addition
M	100644	100644	b14cc99826d8286bef65e3a211e9062a13614c70	6d1a63267a71813c3326e692b0f9ac4f3ec62f39	internal/models/vlm/vlm.go	no	preserve-local-modification
A	000000	100644	0000000000000000000000000000000000000000	00099b2ca260306008e1f35843cdf846240ba6ef	internal/router/consumer_model_options_route_test.go	no	preserve-local-addition
A	000000	100644	0000000000000000000000000000000000000000	6c04dd9109c0de4d50f24abeee6451865ee60fea	internal/router/lite_product_edition_test.go	no	preserve-local-addition
A	000000	100644	0000000000000000000000000000000000000000	8c64d632a94e51db799bef2d2b32cdfac0a3c80d	internal/router/lite_product_gate.go	no	preserve-local-addition
A	000000	100644	0000000000000000000000000000000000000000	fc046381d2724a3e911f2e3c705f1a3142dbba27	internal/router/lite_product_gate_request_test.go	no	preserve-local-addition
A	000000	100644	0000000000000000000000000000000000000000	404508474a26677933d8f1823ba409d560262c6d	internal/router/lite_product_gate_test.go	no	preserve-local-addition
A	000000	100644	0000000000000000000000000000000000000000	37bd1221be65160723b79c92199ca6d1069e3985	internal/router/paddle_public_config_route_test.go	no	preserve-local-addition
A	000000	100644	0000000000000000000000000000000000000000	9e10f4ccce671dce77e6d831f993559ac2c9b7f3	internal/router/paddle_webhook_task.go	no	preserve-local-addition
A	000000	100644	0000000000000000000000000000000000000000	c63f4f7cc79fb52bd1a493f7fba1ec22a989eeee	internal/router/paddle_webhook_task_test.go	no	preserve-local-addition
M	100644	100644	90e950687f2431bc614071ea2c1fe84a28b6d60a	cc37c691d9975bb65a38ecb365d10f039eb102ea	internal/router/router.go	yes:M	three-way-preserve-musuw
M	100644	100644	5127a606462101a9dda90af3349c597667620abd	8184f5b223c92f49370a99372859f4fffdde6497	internal/router/router_api_key_capabilities_test.go	yes:M	three-way-preserve-musuw
M	100644	100644	97370ce2f75693585d459faa2a47e9d3e9c9d741	4272f314676d72f03226238119c091dd5bebd240	internal/router/routes_auth_tenant.go	yes:M	three-way-preserve-musuw
M	100644	100644	784d2a5f286ef47b190db83aa77a65e7ce8076a0	d8d4bb34ce949e5b1430ae3ca7e13f6b2e58448e	internal/router/routes_infra.go	yes:M	three-way-preserve-musuw
M	100644	100644	c31650032635e28dc0fac044bd1caf1b6aa2bd00	7f42591361d62783264e39f679e54996ca0e8f0a	internal/router/sync_task.go	yes:M	three-way-preserve-musuw
M	100644	100644	3f4113a7bb281f80c6a56de3857a86f12e95de90	2fdb1402dc5eb0c638249b4f74b958ed8db10fba	internal/router/sync_task_retry_test.go	no	preserve-local-modification
M	100644	100644	3097fa2abb6f4dd04572f78fc2bad7e14e412a8d	58f4f404c0db21a8be0bec364e64cfdcca883419	internal/router/task.go	yes:M	three-way-preserve-musuw
A	000000	100644	0000000000000000000000000000000000000000	12b264a7be73c1310dd1f54141f687adca0af9c4	internal/router/task_openrouter_credit.go	no	preserve-local-addition
A	000000	100644	0000000000000000000000000000000000000000	6090bb7c1014809764d7c5327ac27fef59001e79	internal/router/task_openrouter_credit_test.go	no	preserve-local-addition
A	000000	100644	0000000000000000000000000000000000000000	8c4a23bc27d50a80ac009c67351af28284b55764	internal/types/account_erasure.go	no	preserve-local-addition
A	000000	100644	0000000000000000000000000000000000000000	3071d193761ed8f9e028c403b2b8e75b547054e4	internal/types/account_erasure_identity_migration_contract_test.go	no	preserve-local-addition
A	000000	100644	0000000000000000000000000000000000000000	66e119ea76ac949d9f13cb46293c89610301893d	internal/types/account_erasure_task.go	no	preserve-local-addition
M	100644	100644	d14a154da6c314ebb4e9602780047dfcc57c6f09	9d8c9676190c14d44d6b442fd7880ebd3020516b	internal/types/agent.go	yes:M	three-way-preserve-musuw
M	100644	100644	70b3bf1ecf0ec069488b3df378a9ee0690d3f3da	2f85d3d48f2673067c7be1e6e618ffa7fe16c4d0	internal/types/audit_log.go	yes:M	three-way-preserve-musuw
A	000000	100644	0000000000000000000000000000000000000000	46acdd8c22daaa1f7c524d3984b35864e7902cf1	internal/types/builtin_agent_defaults_test.go	no	preserve-local-addition
M	100644	100644	7f1d508e5e4f649b05bc53742c5d6f184cf15e0e	473e9518b2f15aafa15c49a25090123b7f4f1724	internal/types/builtin_models_config.go	no	preserve-local-modification
M	100644	100644	3d799aebe437ec07cb5eed5c38dbf943697c5e4e	3a117b86cce198abc0cd5f8b4f9e6eac0b38431b	internal/types/builtin_models_config_test.go	no	preserve-local-modification
M	100644	100644	a05c7c18684f6847a0971abd238202ddf943e044	2083cec191e7d86fa6e5032087d8e2563d1f7747	internal/types/chat.go	yes:M	three-way-preserve-musuw
A	000000	100644	0000000000000000000000000000000000000000	1dcbe88ac5ea5ef7475ee755c4de738b2a7e018b	internal/types/complimentary_entitlement_migration_contract_test.go	no	preserve-local-addition
M	100644	100644	23389980505cce78a253a7f04103d3f18619b08e	a41ba845ed2904454b825276f2048fa5aea0fb72	internal/types/config_redaction.go	yes:M	three-way-preserve-musuw
A	000000	100644	0000000000000000000000000000000000000000	d120c03f2cb0c302b64b8bc2151c378addd208ff	internal/types/consumer_plan_storage_migration_contract_test.go	no	preserve-local-addition
A	000000	100644	0000000000000000000000000000000000000000	d2829694bd74b2d58e44daa0e04375f80c113633	internal/types/consumer_scene.go	no	preserve-local-addition
M	100644	100644	914e6b2872e1d03a077059b5acbd9919b72c64f2	f4a96ff3005427b156e940e0b5d70b323bb10c46	internal/types/datasource.go	yes:M	three-way-preserve-musuw
M	100644	100644	65be745a1a01db8005de5ab54cc32331001544ef	b670f3a148c829187389c1556f117a76ba9a1d97	internal/types/datasource_test.go	no	preserve-local-modification
A	000000	100644	0000000000000000000000000000000000000000	7bb607fade67ec0024766ef3021ac520d6bf47b8	internal/types/entitlement.go	no	preserve-local-addition
A	000000	100644	0000000000000000000000000000000000000000	5eb63435f76d625247470fa10d7f614554e1ba8f	internal/types/entitlement_test.go	no	preserve-local-addition
A	000000	100644	0000000000000000000000000000000000000000	e66ba44cf3db04c9623a9b9ecde72a6cf47cb035	internal/types/interfaces/account_erasure.go	no	preserve-local-addition
A	000000	100644	0000000000000000000000000000000000000000	a866b14ffbe32f4b0bc0d0af43d6638deee056ce	internal/types/interfaces/consumer_model_resolver.go	no	preserve-local-addition
A	000000	100644	0000000000000000000000000000000000000000	0b6f00883f3701fa4b6d3b237a761ab37420c467	internal/types/interfaces/entitlement.go	no	preserve-local-addition
M	100644	100644	d615c8bb37b3e1980abbfa4372abd6276c421bea	4392610ef7cec7d4c22f2ca5e4ce97e423a141c3	internal/types/interfaces/knowledge.go	yes:M	three-way-preserve-musuw
M	100644	100644	20e9fe377780b1c7b9405d18f910d8ac59db7850	c3f191e6ca2de4819af3dab78bedec7cb16990a5	internal/types/interfaces/knowledgebase.go	no	preserve-local-modification
A	000000	100644	0000000000000000000000000000000000000000	6040d18302e31d7abafce8470bb2b7b7d59523c1	internal/types/interfaces/paddle_billing_operation.go	no	preserve-local-addition
M	100644	100644	15e6d2b7e206be42acecd2afb715f9a94d2de309	0d4a8cb4ccac5160d2bd37705edd3a69efab958d	internal/types/interfaces/tenant.go	yes:M	three-way-preserve-musuw
M	100644	100644	1633fda46ab2f62d4e45a9c770f047b55f691358	07c6c0172332cb336918be897661a0e2a5cfc3dd	internal/types/interfaces/user.go	yes:M	three-way-preserve-musuw
M	100644	100644	2133997ac4e67847f978b3586d70d7a5cae683c8	61dcc158cbf55cc98e635615fda757d15d62e650	internal/types/knowledge.go	yes:M	three-way-preserve-musuw
M	100644	100644	6ca36ac381429dd276b38ef2b7f6c375f3b395b0	b026b064bda58315a953956d4a89125adb8bfdc1	internal/types/knowledgebase.go	yes:M	three-way-preserve-musuw
A	000000	100644	0000000000000000000000000000000000000000	543bf091c36ad06a75a38f26b1d830635d190ac1	internal/types/knowledgebase_platform_defaults_test.go	no	preserve-local-addition
M	100644	100644	bd27b2f301bc14365a48b35f2324bc1a4c6d236e	03e300b92b339a93a33a84753e907364ce3ba254	internal/types/mcp.go	no	preserve-local-modification
M	100644	100644	696b91347f1b5933aeab3c09b58893b9e4cf19b3	a8a888c97ac663380ba933e9a1608adca5f095ce	internal/types/mcp_oauth.go	no	preserve-local-modification
M	100644	100644	49b86368a6d7b08fc6306c869cb988b1c385df73	04f46db22ae23e9b8414aba03114d7bece510263	internal/types/mcp_test.go	no	preserve-local-modification
M	100644	100644	2af9828384e1dcfc19648ad2879df5469e572767	37a1781e7986f42566a9a948d415d33934f4e99f	internal/types/model.go	no	preserve-local-modification
A	000000	100644	0000000000000000000000000000000000000000	f4361ee20d9933f226952fdf8f17489c947ea5c1	internal/types/openrouter_credentials_test.go	no	preserve-local-addition
A	000000	100644	0000000000000000000000000000000000000000	ddeecd2e443c6dff62fbd840c49ad6f76f090be5	internal/types/paddle_billing_operation.go	no	preserve-local-addition
A	000000	100644	0000000000000000000000000000000000000000	12a8f5508604f42cbfe027b3586a8d43caff1787	internal/types/paddle_renewal_event_migration_contract_test.go	no	preserve-local-addition
A	000000	100644	0000000000000000000000000000000000000000	590238fd7087fd55a7ec2c6c88f66296216bf270	internal/types/paddle_webhook_task.go	no	preserve-local-addition
A	000000	100644	0000000000000000000000000000000000000000	9ad1effa6a5462ccb6f9d24db1915eb91a99a015	internal/types/paddle_webhook_task_test.go	no	preserve-local-addition
A	000000	100644	0000000000000000000000000000000000000000	c21b3fa0a8b6a3d1a1d99a371b5fa0830eec1203	internal/types/platform_knowledge_base_migration_contract_test.go	no	preserve-local-addition
M	100644	100644	5335ef77e0390d4e8eca0043d141f3390a47a7b5	9dd09784f34d8bf662e3d40be08d8e81a8d5bbac	internal/types/qa_request.go	no	preserve-local-modification
A	000000	100644	0000000000000000000000000000000000000000	a37dd0195456fe55841a8d32007712536c8dfd33	internal/types/secret_persistence_strict.go	no	preserve-local-addition
A	000000	100644	0000000000000000000000000000000000000000	316c7f71c548aa2bee4bb08905215426867920b6	internal/types/secret_persistence_strict_test.go	no	preserve-local-addition
M	100644	100644	e6f3b7a7482c6e51ff3f39ed7be4794185d0fc1c	56e91daf58cbd6d0ac3349cd5120169606ce00fb	internal/types/session.go	yes:M	three-way-preserve-musuw
A	000000	100644	0000000000000000000000000000000000000000	1f57eb70ed8797ca9e1707b97a65897acd2c38d6	internal/types/storage_source_usage_migration_contract_test.go	no	preserve-local-addition
M	100644	100644	4c9e64cea9a23603554d0935e0ddf9b23e3acf62	8bfcdbaaca711dc98e57d47d38d09717b0e8f6e0	internal/types/storagebackend.go	no	preserve-local-modification
M	100644	100644	9f16b2e727e68c875fd1e0a6d1b2c07be5d96b11	1bd1b7314a0fd26d9baf5ec06ba436f4728b67fe	internal/types/task.go	yes:M	three-way-preserve-musuw
M	100644	100644	ce24d61dc31545166967d777bceb6d29dad6fb81	219d78d7452da42c7078b3275adfda42697890bc	internal/types/tenant.go	yes:M	three-way-preserve-musuw
M	100644	100644	b3e68762122a1d6afc077fccb40f869a99f3c863	2bb77f8430d07aceb17fa566fdd199ee6f690e62	internal/types/tenant_api_key.go	no	preserve-local-modification
A	000000	100644	0000000000000000000000000000000000000000	6d9e9f4c68fba987537ba6bc4f4da8e529a16c68	internal/types/tenant_json.go	no	preserve-local-addition
M	100644	100644	8f5580971e3f5809aabc59a9729ee79c5e3db564	576b0e20cc0f562eaf5a093f4a0c6ad5283e4e8c	internal/types/user.go	yes:M	three-way-preserve-musuw
M	100644	100644	48b3d621a6db6710e696374dac36da040e26dd39	4fc6138c5061d1d249fc08f5a35419acf646894a	internal/types/vectorstore.go	no	preserve-local-modification
M	100644	100644	f21ad2e55c7b496174dbee31a44e31f89418539a	c99f3af8c9d0cd64c2528e2f6593c3fedbc8ab6e	internal/types/vectorstore_test.go	no	preserve-local-modification
M	100644	100644	45a7ea3c701ab772e071eb90d525ebcfbf3e78b2	c08e84f67adeaddc88eacfa57cf706b43ec6b2e8	internal/types/web_search_provider.go	yes:M	three-way-preserve-musuw
M	100644	100644	5b8b4157c56a3d4049622844cdebfc4d2bfb51f0	2f716bb2025bd5e9b0ed148a0153beccf2180c3f	internal/utils/security.go	yes:M	three-way-preserve-musuw
M	100644	100644	22fba126ad1856d7c52717b1408f5630c64eff3d	95e468c0e7b47493085b0b85fa196f23f3db2a50	internal/utils/security_test.go	yes:M	three-way-preserve-musuw
M	100644	100644	45d6e5553395a2ab9973d1ed4ac7fe3d1761d144	89f7cc0ebf9a35215742ac0a5b50aed4d8689e62	internal/utils/taskid.go	yes:M	three-way-preserve-musuw
M	100644	100644	af158b94bd2269c815cf4efb642233ef5f20a86f	9c322aea28248305be5c68824641d40ecd87d36f	mcp-server/weknora_mcp_server.py	no	preserve-local-modification
M	100644	100644	a4c7aec6083d0f8df83b49a1978c541827ef4b32	ad3caa1afa7adf9b05725742474f07e4073b58ed	migrations/mysql/00-init-db.sql	yes:M	three-way-preserve-musuw
M	100644	100644	73802249600f99e602db9078abb36faf07f3b084	b60ab34740aca274d4c2beab704b06db92332914	migrations/paradedb/00-init-db.sql	yes:M	three-way-preserve-musuw
M	100644	100644	2ad51b6ed45a4753db39fde56cedf6593c8b0ba5	1d0debd35993038395d505e8b9c9ae412ccee293	migrations/paradedb/01-migrate-to-paradedb.sql	no	preserve-local-modification
M	100644	100644	d1baea4af009d9951a4d7f72b559068e2971070b	22ca22a6b2e53ed48bb7dfbd07a0d691f210bb83	migrations/sqlite/000000_init.up.sql	yes:M	three-way-preserve-musuw
A	000000	100644	0000000000000000000000000000000000000000	d01e62ae24113204b648a24dc6d7744fba3222e9	migrations/sqlite/000003_consumer_plan_entitlements.down.sql	no	preserve-local-addition
A	000000	100644	0000000000000000000000000000000000000000	342a0c1d41f3fc603eaeaf23b633b787a3e4a30c	migrations/sqlite/000003_consumer_plan_entitlements.up.sql	no	preserve-local-addition
A	000000	100644	0000000000000000000000000000000000000000	cd2de130f446fcddb8e0f41449fba2eeb67520d7	migrations/sqlite/000004_openrouter_credit_period.down.sql	no	preserve-local-addition
A	000000	100644	0000000000000000000000000000000000000000	db0cdc1f4b7dbb44e849a835bec1387d26c8e7e7	migrations/sqlite/000004_openrouter_credit_period.up.sql	no	preserve-local-addition
A	000000	100644	0000000000000000000000000000000000000000	8680817dcb8ba7c9caf2799b520228a2e77a3463	migrations/sqlite/000005_paddle_billing_period.down.sql	no	preserve-local-addition
A	000000	100644	0000000000000000000000000000000000000000	251366b3acc285984a0f1fd97d3d66d9e6534c5f	migrations/sqlite/000005_paddle_billing_period.up.sql	no	preserve-local-addition
A	000000	100644	0000000000000000000000000000000000000000	c47701b71ebbfeb48c15648864c17ec61f36f1ad	migrations/sqlite/000006_paddle_current_period_end.down.sql	no	preserve-local-addition
A	000000	100644	0000000000000000000000000000000000000000	b520a581326c80d8efacbeb30498ce5d7dcf665f	migrations/sqlite/000006_paddle_current_period_end.up.sql	no	preserve-local-addition
A	000000	100644	0000000000000000000000000000000000000000	5e010c4c1d3d706f2e5ce37e7179ef13fb30a8ab	migrations/sqlite/000007_paddle_billing_operations.down.sql	no	preserve-local-addition
A	000000	100644	0000000000000000000000000000000000000000	d601eb019e6b700cf4cbb9218642159ba259f449	migrations/sqlite/000007_paddle_billing_operations.up.sql	no	preserve-local-addition
A	000000	100644	0000000000000000000000000000000000000000	d71602c9bc46dceb18e7709ab523610604d7c35d	migrations/sqlite/000008_consumer_plan_storage_quota.down.sql	no	preserve-local-addition
A	000000	100644	0000000000000000000000000000000000000000	79cf2ea684db52f9a1c5f53e276d4c221147505c	migrations/sqlite/000008_consumer_plan_storage_quota.up.sql	no	preserve-local-addition
A	000000	100644	0000000000000000000000000000000000000000	43dd3351bd7a83c6a3d4f7a02553cff0b511cdc7	migrations/sqlite/000009_account_erasure_identity.down.sql	no	preserve-local-addition
A	000000	100644	0000000000000000000000000000000000000000	0e106185be590304f20dc0ae880c735692e7eaac	migrations/sqlite/000009_account_erasure_identity.up.sql	no	preserve-local-addition
A	000000	100644	0000000000000000000000000000000000000000	eef4966a8dc96e8a1b85381c06b37d1b635448d9	migrations/sqlite/000010_paddle_renewal_event_at.down.sql	no	preserve-local-addition
A	000000	100644	0000000000000000000000000000000000000000	6302325f38f0a10be9e8669fc5dc071311e6bb01	migrations/sqlite/000010_paddle_renewal_event_at.up.sql	no	preserve-local-addition
A	000000	100644	0000000000000000000000000000000000000000	06613f225066639411233c5ffea18425996ffe99	migrations/sqlite/000011_storage_source_usage.down.sql	no	preserve-local-addition
A	000000	100644	0000000000000000000000000000000000000000	0c05542d474858c1fa01c2132480be0bf28f4dd5	migrations/sqlite/000011_storage_source_usage.up.sql	no	preserve-local-addition
A	000000	100644	0000000000000000000000000000000000000000	bb948ac8e04ada66ecac6f3b58e8a95039146c90	migrations/sqlite/000012_complimentary_entitlements.down.sql	no	preserve-local-addition
A	000000	100644	0000000000000000000000000000000000000000	67bab74b1aeefb532262633e0f73928f2da6ed08	migrations/sqlite/000012_complimentary_entitlements.up.sql	no	preserve-local-addition
M	100644	100644	57cbbbbe9e4e9eb17faf7041319efa769113704d	f47b79e027a5a595c609ca835b20ce49812a6a18	migrations/versioned/000000_init.up.sql	no	preserve-local-modification
A	000000	100644	0000000000000000000000000000000000000000	4b23f52ca899856bc21b6c72ccd80259b7a4cdf9	migrations/versioned/000080_default_searxng_provider.down.sql	no	preserve-local-addition
A	000000	100644	0000000000000000000000000000000000000000	9fdcdbe05affc0835b977ddaa5a59fdd2d54c38b	migrations/versioned/000080_default_searxng_provider.up.sql	no	preserve-local-addition
A	000000	100644	0000000000000000000000000000000000000000	edff2e46aa2246b0396c2af80e1d6d3ab6d3e60b	migrations/versioned/000081_builtin_agent_model_defaults.down.sql	no	preserve-local-addition
A	000000	100644	0000000000000000000000000000000000000000	bb2991644d66125f346e439de41aff59102fd287	migrations/versioned/000081_builtin_agent_model_defaults.up.sql	no	preserve-local-addition
A	000000	100644	0000000000000000000000000000000000000000	3efe825699b8af286cd405c3d39aa7e47f398a0e	migrations/versioned/000082_platform_knowledge_base_defaults.down.sql	no	preserve-local-addition
A	000000	100644	0000000000000000000000000000000000000000	796f2ff2c41581d0053c6d1de74420b58735da29	migrations/versioned/000082_platform_knowledge_base_defaults.up.sql	no	preserve-local-addition
A	000000	100644	0000000000000000000000000000000000000000	43aaa7479199960ff8d3c123ecf21f4a4d6c290d	migrations/versioned/000083_consumer_plan_entitlements.down.sql	no	preserve-local-addition
A	000000	100644	0000000000000000000000000000000000000000	197877d881efdb052c8d87684edf85954c6096a1	migrations/versioned/000083_consumer_plan_entitlements.up.sql	no	preserve-local-addition
A	000000	100644	0000000000000000000000000000000000000000	b1bd5fdf3df06a36125c04c53656ada74bb6bf97	migrations/versioned/000084_consumer_chat_catalog.down.sql	no	preserve-local-addition
A	000000	100644	0000000000000000000000000000000000000000	4a0be5e134aa95d2285efd78f239e170be3d003c	migrations/versioned/000084_consumer_chat_catalog.up.sql	no	preserve-local-addition
A	000000	100644	0000000000000000000000000000000000000000	d8817acebad66ac887b773657374226938e888dc	migrations/versioned/000085_openrouter_credit_period.down.sql	no	preserve-local-addition
A	000000	100644	0000000000000000000000000000000000000000	3426a9de36baeb0d01b13f68938da4e5cd9bdb02	migrations/versioned/000085_openrouter_credit_period.up.sql	no	preserve-local-addition
A	000000	100644	0000000000000000000000000000000000000000	2a0b5cbd610bd39e21b5138cc7fef818fe8a29be	migrations/versioned/000086_paddle_billing_period.down.sql	no	preserve-local-addition
A	000000	100644	0000000000000000000000000000000000000000	251366b3acc285984a0f1fd97d3d66d9e6534c5f	migrations/versioned/000086_paddle_billing_period.up.sql	no	preserve-local-addition
A	000000	100644	0000000000000000000000000000000000000000	8584dbed11488ad6a71e85d0dc0b6ba800aecf4e	migrations/versioned/000087_paddle_current_period_end.down.sql	no	preserve-local-addition
A	000000	100644	0000000000000000000000000000000000000000	2bc068b2e8da2239498eb0300bf79a982702360c	migrations/versioned/000087_paddle_current_period_end.up.sql	no	preserve-local-addition
A	000000	100644	0000000000000000000000000000000000000000	5e010c4c1d3d706f2e5ce37e7179ef13fb30a8ab	migrations/versioned/000088_paddle_billing_operations.down.sql	no	preserve-local-addition
A	000000	100644	0000000000000000000000000000000000000000	bd22951471dac4bc8ca4449eb945d96b2c9b9e92	migrations/versioned/000088_paddle_billing_operations.up.sql	no	preserve-local-addition
A	000000	100644	0000000000000000000000000000000000000000	9cd3218eaa554c859de9a00f0f4ba4efedfdb4ba	migrations/versioned/000089_consumer_storage_quotas.down.sql	no	preserve-local-addition
A	000000	100644	0000000000000000000000000000000000000000	f756fc98492f855befab5a0149fea7bad5ac4b71	migrations/versioned/000089_consumer_storage_quotas.up.sql	no	preserve-local-addition
A	000000	100644	0000000000000000000000000000000000000000	8a4903ee4cabfbcb3c7bd7010deccd34b4bae2e9	migrations/versioned/000090_account_erasure_identity.down.sql	no	preserve-local-addition
A	000000	100644	0000000000000000000000000000000000000000	fd0c45dad52926cc77aac138c8afad592b0baa58	migrations/versioned/000090_account_erasure_identity.up.sql	no	preserve-local-addition
A	000000	100644	0000000000000000000000000000000000000000	95cf04b98915c3f87295efe9e140aae6d9582043	migrations/versioned/000091_paddle_renewal_event_at.down.sql	no	preserve-local-addition
A	000000	100644	0000000000000000000000000000000000000000	19003aa73548cf383ca4798dfacd13c5b69fd6d2	migrations/versioned/000091_paddle_renewal_event_at.up.sql	no	preserve-local-addition
A	000000	100644	0000000000000000000000000000000000000000	47acd68cb327b4c7e55e5eceef298c41c1596920	migrations/versioned/000092_storage_source_usage.down.sql	no	preserve-local-addition
A	000000	100644	0000000000000000000000000000000000000000	84e7b0470114b3f79536366c660f0816396e6d60	migrations/versioned/000092_storage_source_usage.up.sql	no	preserve-local-addition
A	000000	100644	0000000000000000000000000000000000000000	1d30a64af8698c04ae09cf52711c30c30b432edc	migrations/versioned/000093_complimentary_entitlements.down.sql	no	preserve-local-addition
A	000000	100644	0000000000000000000000000000000000000000	8d2eaa73dcb00ae522e6e8b5da6bbfbb9647cf25	migrations/versioned/000093_complimentary_entitlements.up.sql	no	preserve-local-addition
M	100644	100644	b42b0e14bbc9f55062fc3ed4408ebabee9dc6ea7	555f6537685cab9369211ed3bb1cbc6153fe9172	skills/preloaded/openmaic-classroom/SKILL.md	no	preserve-local-modification
M	100644	100644	852befff446492c19d034b9871ad78c49fefe143	fc674915e109355dcd6181b0af6a3bb9b19edb25	skills/preloaded/openmaic-classroom/references/requirement-builder.md	no	preserve-local-modification
M	100644	100644	a71a81dd02610644eb1bccd7efcccc14ecb8b950	7e497821e0d92f659c35a759acce18517140fe5b	skills/preloaded/openmaic-classroom/scripts/concept-to-requirement.py	no	preserve-local-modification
M	100644	100644	f37290a7bf5443dd3961ea411ab11e71e46cec1a	a69caa99e2d2a5dfdfc0df5ea25e84b9db9dc485	skills/preloaded/openmaic-classroom/scripts/rag-to-requirement.py	no	preserve-local-modification
M	100644	100644	ff7a7c67d11b9369eef6290a43d5f1988f0209b7	c4ec1bf39a5beeba7d4276dc94e6f1c3b94c8c5e	website-docs/01-getting-started/01-introduction.md	yes:M	three-way-preserve-musuw
M	100644	100644	019522ebd496558abd9351ea0e4ef8fa3bc171cb	459a4247375036cbceb8da6c0d72949f6d8cde96	website-docs/01-getting-started/04-configuration.md	yes:M	three-way-preserve-musuw
M	100644	100644	990a7aef37216213dcaaf912e18476cd697064d1	775da328d6106f0e4202ce8f32e389ae3b9ddf2a	website-docs/02-architecture/03-document-pipeline.md	yes:M	three-way-preserve-musuw
M	100644	100644	7bde66a19036b298a9638a6f46c16803c69219c6	8f9bbfe19009042351d72054cef7f3816311e482	website-docs/03-features/01-tenant-auth.md	no	preserve-local-modification
M	100644	100644	4393aa2d4a6cb51ab3f7b269211dcc58e171e9e3	a28b2ca6fb8757799364134c9e65d888fb8e1365	website-docs/03-features/02-knowledge-base.md	no	preserve-local-modification
M	100644	100644	bcb5587b6d1a7aa2fd97ac2c1dda44f3b2e27c20	f381412fe79fff453e8e1fee2611f09f60a8e3f7	website-docs/03-features/13-embed-channel.md	no	preserve-local-modification
M	100644	100644	9b0e3fbae0007a1c374e6d4173bf23b7f8c2106b	d12ebadfa1dee2ca2d6c92bfbba78da8831379fc	website-docs/03-features/20-platform-admin.md	no	preserve-local-modification
M	100644	100644	add8c312b77433b75ec852545afebf667eb8a44c	4fb4cd3cf140a30b5ba26ed66c0e90a055e86e93	website-docs/05-clients/01-frontend.md	yes:M	three-way-preserve-musuw
