path	musuw_change	upstream_change	final_mode	final_blob	resolution	mapped_target_path	evidence
.air.toml	-	M	100644	5a4065be7433ce5bf2f64e47ce70d4e211b12b9d	adopt-upstream-exact		fixed-target upstream-only content is byte-identical
.env.example	M	M	100644	f3dd0f74ddc25cfe82290f9eed87ff5e70d55baa	compose-three-way		overlap review composed target capability with Musuw product semantics at the existing owner
.github/workflows/anydoc.yml	-	A	000000	0000000000000000000000000000000000000000	preserve-musuw-deletion		Musuw root CI builds audits vets and tests AnyDoc; the vendored nested workflow remains intentionally absent
.github/workflows/app.yml	D	M	000000	0000000000000000000000000000000000000000	preserve-musuw-deletion		Musuw root CI is the sole application build authority; vendored nested workflow remains intentionally absent
.github/workflows/cli-e2e.yml	D	-	000000	0000000000000000000000000000000000000000	preserve-musuw-deletion		audited local-only deletion remains authoritative
.github/workflows/cli.yml	D	M	000000	0000000000000000000000000000000000000000	preserve-musuw-deletion		Musuw root CI validates the vendored CLI; vendored nested workflow remains intentionally absent
.github/workflows/docker-image.yml	D	M	000000	0000000000000000000000000000000000000000	preserve-musuw-deletion		Musuw root delivery builds the product runtime images; vendored nested publisher remains intentionally absent
.github/workflows/docreader.yml	D	M	000000	0000000000000000000000000000000000000000	preserve-musuw-deletion		Musuw root CI validates active DocReader directly; vendored nested workflow remains intentionally absent
.github/workflows/dsh-plugin.yml	-	A	000000	0000000000000000000000000000000000000000	preserve-musuw-deletion		Musuw root CI validates the DSH package and pinned harness E2E; upstream npm publishing is not a Musuw release authority
.github/workflows/frontend.yml	D	-	000000	0000000000000000000000000000000000000000	preserve-musuw-deletion		audited local-only deletion remains authoritative
.github/workflows/go-lint-cache.yml	-	A	000000	0000000000000000000000000000000000000000	preserve-musuw-deletion		Musuw root CI owns Go caches and release gates; the vendored cache-only workflow remains intentionally absent
.github/workflows/go-lint.yml	-	A	000000	0000000000000000000000000000000000000000	preserve-musuw-deletion		Musuw root CI runs root CLI and client vet build tests plus new-findings golangci-lint; the vendored nested workflow remains intentionally absent
.github/workflows/mcp-server.yml	D	-	000000	0000000000000000000000000000000000000000	preserve-musuw-deletion		audited local-only deletion remains authoritative
.github/workflows/release-lite.yml	D	-	000000	0000000000000000000000000000000000000000	preserve-musuw-deletion		audited local-only deletion remains authoritative
.gitignore	M	M	100644	9804585db88832a44ef732c9c552d4baf2c6eb20	compose-three-way		overlap review composed target capability with Musuw product semantics at the existing owner
.golangci.yml	-	M	100644	63b35f01f000c06ceb672ae5783f5a2f271cb22a	adopt-upstream-exact		fixed-target upstream-only content is byte-identical
Makefile	M	M	100644	ec7d4268b4e7f2e1ad0791c3fbfd0ef23ed994e4	compose-three-way		overlap review composed target capability with Musuw product semantics at the existing owner
README.md	-	M	100644	c732ddb3741cfcc61252872bf92fcd69b7e38697	adopt-upstream-exact		fixed-target upstream-only content is byte-identical
README_CN.md	-	M	100644	e95ef83803a18bf999b9bc46696fc26990cae0db	adopt-upstream-exact		fixed-target upstream-only content is byte-identical
README_JA.md	-	M	100644	ccfa3b606338f0ff4186a1f27ddc5e79bf382041	adopt-upstream-exact		fixed-target upstream-only content is byte-identical
README_KO.md	-	M	100644	0aea145855f8482dce3b695d26499db0f748adcc	adopt-upstream-exact		fixed-target upstream-only content is byte-identical
cli/AGENTS.md	-	M	100644	6aef3641b79ec9a0c4b446722e91d2c668bdf73b	adopt-upstream-exact		fixed-target upstream-only content is byte-identical
cli/acceptance/testdata/wire/kb_list.success.json	-	M	100644	7882032b6e061193937a08889a238f4ef29bbdab	adopt-upstream-exact		fixed-target upstream-only content is byte-identical
cli/acceptance/testdata/wire/kb_view.success.json	-	M	100644	d00ac6db89e678e54c8855be7d891a8c5a2c8742	adopt-upstream-exact		fixed-target upstream-only content is byte-identical
cli/cmd/agent/edit.go	-	M	100644	40a9fb7838913a5802bb680d9c00945d3e198f39	adopt-upstream-exact		fixed-target upstream-only content is byte-identical
cli/cmd/agent/edit_test.go	-	M	100644	67592b96a7c7ec0c7005d133438bb429e19a503e	adopt-upstream-exact		fixed-target upstream-only content is byte-identical
cli/cmd/chat/chat.go	-	M	100644	68dc2b3900994cfa0942aeade87f4769f98a7887	adopt-upstream-exact		fixed-target upstream-only content is byte-identical
cli/cmd/chat/chat_test.go	-	M	100644	d28f06a0701dc6bd55cea2f9379b155602e83da3	adopt-upstream-exact		fixed-target upstream-only content is byte-identical
cli/cmd/message/list.go	-	M	100644	38cf52590d21fcfa3fb5309474317e863168388d	adopt-upstream-exact		fixed-target upstream-only content is byte-identical
cli/cmd/message/list_test.go	-	M	100644	38812654397b460ce4fc14f8e46059ad5c697945	adopt-upstream-exact		fixed-target upstream-only content is byte-identical
cli/cmd/session/ask.go	-	M	100644	b2d4493c91e33347955f8386da7200b7b87c02d3	adopt-upstream-exact		fixed-target upstream-only content is byte-identical
cli/cmd/session/ask_test.go	-	M	100644	5b98742b0ae347b7fa2bfa1f1172c8882eb005a0	adopt-upstream-exact		fixed-target upstream-only content is byte-identical
cli/cmd/session/resume.go	-	M	100644	3357a1f74bdb66babee6693fc165e4a9ff00bbbf	adopt-upstream-exact		fixed-target upstream-only content is byte-identical
cli/cmd/session/resume_test.go	-	M	100644	351516adbbec8884ace1d56b2dc6fe3dd73a6954	adopt-upstream-exact		fixed-target upstream-only content is byte-identical
cli/cmd/session/view.go	-	M	100644	0adb800f87fe9eab5be719dbd142e7bc46ca4966	adopt-upstream-exact		fixed-target upstream-only content is byte-identical
cli/cmd/session/view_test.go	-	M	100644	817e606677e26f885f1cd06bddfde5bdc312fa17	adopt-upstream-exact		fixed-target upstream-only content is byte-identical
cli/internal/cmdutil/confirm.go	-	M	100644	7473906f927ed1dc987dc213d7d8bb3c34dadfb8	adopt-upstream-exact		fixed-target upstream-only content is byte-identical
cli/internal/cmdutil/confirm_test.go	-	M	100644	48f32b7f9281bb405db7dfb71e99117709a9cb9b	adopt-upstream-exact		fixed-target upstream-only content is byte-identical
cli/internal/cmdutil/errors_doc_test.go	-	M	100644	32ffa40aa4b72c259fe8d0b00f4570a5dd3436ca	adopt-upstream-exact		fixed-target upstream-only content is byte-identical
cli/internal/cmdutil/exit.go	-	M	100644	2acac1c80e6e2390cfcac45ec71d9c01fd899c0a	adopt-upstream-exact		fixed-target upstream-only content is byte-identical
cli/internal/mcp/tools.go	-	M	100644	d70024cb711e7ed4b344e75082d78fee64ac7b55	adapt-upstream-for-musuw		fixed-target path is present with Musuw product/runtime adaptation
cli/internal/mcp/tools_test.go	-	M	100644	71a1a25be1fd6ce8e76acb6a46ced0e140ec66b1	adapt-upstream-for-musuw		fixed-target path is present with Musuw product/runtime adaptation
cli/scripts/check-secret-tokens.sh	M	-	100755	2b34c40813b219164b5f4e1c6cd7c82db6ed2529	preserve-musuw-exact		audited local-only content is byte-identical
cli/scripts/check-skill-wire-vocab.sh	-	M	100755	c3eb588d1f08cd2fc2cc701328fb3fe08c2f62bf	adopt-upstream-exact		fixed-target upstream-only content is byte-identical
client/README.md	-	M	100644	7b1c0456fdd4471ff016003d3a3d86b5092e7601	adopt-upstream-exact		fixed-target upstream-only content is byte-identical
client/README_EN.md	-	M	100644	2527fe2a69b97deb86839c446f7a2f81342606ae	adopt-upstream-exact		fixed-target upstream-only content is byte-identical
client/agent.go	-	M	100644	dc6d64f0e5f2cb516a88de7159575f391b4d91a1	adopt-upstream-exact		fixed-target upstream-only content is byte-identical
client/auth.go	-	M	100644	c22f6178a023d7ca107d5dff1c63d8bd26a38705	adopt-upstream-exact		fixed-target upstream-only content is byte-identical
client/env_var.go	-	A	100644	df9eb3be361da2f19183b266d10b66aa8a292551	adopt-upstream-exact		fixed-target upstream-only content is byte-identical
client/initialization.go	-	M	100644	e4de9205ec81dedd19176158e6874c9dc2085f2d	adopt-upstream-exact		fixed-target upstream-only content is byte-identical
client/knowledgebase.go	-	M	100644	dbf2186f9de5e8fe70353fae16c3a50bc2a16763	adopt-upstream-exact		fixed-target upstream-only content is byte-identical
client/resource_urls.go	-	M	100644	57f3adb5fea93761419d2b6f25ba0950536f4983	adopt-upstream-exact		fixed-target upstream-only content is byte-identical
client/skill.go	-	M	100644	013df99c2bca20205a139d16077540821de223a5	adapt-upstream-for-musuw		fixed-target path is present with Musuw product/runtime adaptation
client/system.go	-	M	100644	4780b1e436ba5240e35849a5133c469e9a78be7b	adopt-upstream-exact		fixed-target upstream-only content is byte-identical
client/tenant.go	M	M	100644	14eb97f3dcd1f345c4bf46e4e2f29cac6fade63c	compose-three-way		overlap review composed target capability with Musuw product semantics at the existing owner
cmd/desktop/app.go	D	-	000000	0000000000000000000000000000000000000000	preserve-musuw-deletion		audited local-only deletion remains authoritative
cmd/desktop/build/appicon.png	D	-	000000	0000000000000000000000000000000000000000	preserve-musuw-deletion		audited local-only deletion remains authoritative
cmd/desktop/build/darwin/Info.plist	D	-	000000	0000000000000000000000000000000000000000	preserve-musuw-deletion		audited local-only deletion remains authoritative
cmd/desktop/main.go	D	-	000000	0000000000000000000000000000000000000000	preserve-musuw-deletion		audited local-only deletion remains authoritative
cmd/desktop/main_bindings.go	D	-	000000	0000000000000000000000000000000000000000	preserve-musuw-deletion		audited local-only deletion remains authoritative
cmd/desktop/prefs.go	D	-	000000	0000000000000000000000000000000000000000	preserve-musuw-deletion		audited local-only deletion remains authoritative
cmd/desktop/update.go	D	-	000000	0000000000000000000000000000000000000000	preserve-musuw-deletion		audited local-only deletion remains authoritative
cmd/desktop/wails.json	D	-	000000	0000000000000000000000000000000000000000	preserve-musuw-deletion		audited local-only deletion remains authoritative
config/builtin_agents.yaml	M	M	100644	256352dcab32bb790cc7a7f77c23e639424ad23b	compose-three-way		overlap review composed target capability with Musuw product semantics at the existing owner
config/builtin_models.yaml	A	-	100644	8f20d1ffeb8859461a24b94010bfa3e756d0fa67	adapt-musuw-for-target		audited Musuw path retained and adapted at its existing owner for the target contract
config/config.yaml	M	-	100644	7ca9102c7f55b6a71c13ac975e86184427b86b73	preserve-musuw-exact		audited local-only content is byte-identical
config/prompt_templates/agent_system_prompt.yaml	M	M	100644	518e5d9c1015097bf4ccee3b2fec8cf98bdd0943	compose-three-way		overlap review composed target capability with Musuw product semantics at the existing owner
config/prompt_templates/fallback.yaml	M	-	100644	64568a5c9551afbc21850093ba5feb54461b59eb	preserve-musuw-exact		audited local-only content is byte-identical
config/prompt_templates/intent_prompts.yaml	M	-	100644	d4f952c792260e08cb83bcc03b64b1de76eb2bf2	preserve-musuw-exact		audited local-only content is byte-identical
config/prompt_templates/system_prompt.yaml	M	-	100644	3ae504933a8b5b7579b8e15a8822826555561e54	preserve-musuw-exact		audited local-only content is byte-identical
docker-compose.yml	M	M	100644	e040db895d18876bce6b9138510c919122cba074	compose-three-way		overlap review composed target capability with Musuw product semantics at the existing owner
docker/Dockerfile.app	-	M	100644	e72773d0909a9bcb4d9c48313cf42dc20f90a216	adapt-upstream-for-musuw		fixed-target path is present with Musuw product/runtime adaptation
docker/Dockerfile.sandbox	-	M	100644	0c08898b29e25ab480862a21b3edf54efbfec734	adopt-upstream-exact		fixed-target upstream-only content is byte-identical
docker/searxng/settings.yml	M	-	100644	82f1d28279a3628f158a4b5a5697a300ae168676	preserve-musuw-exact		audited local-only content is byte-identical
docreader/parser/docx_merge.py	-	A	100644	ec00062ec73f00cf44a6a40cf845d4f357b31cb5	adopt-upstream-exact		fixed-target upstream-only content is byte-identical
docreader/parser/docx_parser.py	-	M	100644	f9820069fe341b41ea5b53b9412352e808e7d5d9	adopt-upstream-exact		fixed-target upstream-only content is byte-identical
docreader/parser/markdown_parser.py	-	M	100644	937f3c220e3ca71a2200a51fa30797f6338722f8	adopt-upstream-exact		fixed-target upstream-only content is byte-identical
docreader/parser/markitdown_parser.py	-	M	100644	f2a28915d041f548e77b71bb62056d2622775c07	adopt-upstream-exact		fixed-target upstream-only content is byte-identical
docreader/parser/mhtml_parser.py	-	M	100644	8103d11f79a559c1d1934ef36a66c5bd06ba04c8	adopt-upstream-exact		fixed-target upstream-only content is byte-identical
docreader/parser/opendataloader_parser.py	-	M	100644	bdb96c28dc3d403ab82868f867e61d4717529976	adopt-upstream-exact		fixed-target upstream-only content is byte-identical
docreader/parser/pdf_parser.py	-	M	100644	4a54196521bdef3afbd6fa507fe90ade15204dd3	adopt-upstream-exact		fixed-target upstream-only content is byte-identical
docreader/parser/registry.py	-	M	100644	330c0211adece83a010819aaa0d26d269cc312d8	adopt-upstream-exact		fixed-target upstream-only content is byte-identical
docreader/parser/web_parser.py	-	M	100644	8ef9434096e47fdb4b3b91a6081c298585216232	adopt-upstream-exact		fixed-target upstream-only content is byte-identical
docreader/parser/xlsx_merge.py	-	M	100644	a0613bdb8e33cb0aaaafee6e8ff180ea249df469	adopt-upstream-exact		fixed-target upstream-only content is byte-identical
docreader/parser/xmind_parser.py	-	A	100644	90ae3c00b15472a1b3011bfd546ee0bedc24ed67	adopt-upstream-exact		fixed-target upstream-only content is byte-identical
docreader/pyproject.toml	-	M	100644	60c63a976c76910c74723188a7c630a5dace1a52	adopt-upstream-exact		fixed-target upstream-only content is byte-identical
docreader/tests/fixtures/generate_issue_2634_fixture.py	-	A	100644	ca2c300f118baddf480b372258ea4dc98bef6f1b	adopt-upstream-exact		fixed-target upstream-only content is byte-identical
docreader/tests/fixtures/issue_2634_vertical_merge.docx	-	A	100644	c03366f5558de2708b5bb071cbb8b16e0e6cd037	adopt-upstream-exact		fixed-target upstream-only content is byte-identical
docreader/tests/test_docx_merge.py	-	A	100644	a86f901b8da2a849b2f61d1bcf824f40a9620965	adopt-upstream-exact		fixed-target upstream-only content is byte-identical
docreader/tests/test_docx_tables.py	-	A	100644	b3338d4fe84eecaba409f69cbce9a8e508fcb150	adopt-upstream-exact		fixed-target upstream-only content is byte-identical
docreader/tests/test_excel_parser.py	-	M	100644	682613ff2c2fc3c0c164b62a222706f1cf0bf03f	adopt-upstream-exact		fixed-target upstream-only content is byte-identical
docreader/tests/test_markdown_table_util.py	-	M	100644	c26b357066dbbd1372ebaffb17886943d0f13386	adopt-upstream-exact		fixed-target upstream-only content is byte-identical
docreader/tests/test_mhtml_parser.py	-	M	100644	1d98fa761b0ff73f81289f3f46dcbfebd2c36b02	adopt-upstream-exact		fixed-target upstream-only content is byte-identical
docreader/tests/test_opendataloader_parser.py	-	M	100644	70792dcd74275f7765221c2bd0355fc6605095c4	adopt-upstream-exact		fixed-target upstream-only content is byte-identical
docreader/tests/test_parser_routing.py	-	M	100644	505f2a5931595a29edfbb8a1b9221710322a7a7f	adopt-upstream-exact		fixed-target upstream-only content is byte-identical
docreader/tests/test_pdf_embedded_images.py	-	A	100644	d435a9c7fcd6a78303bbb99b91bb47dd466bc2a3	adopt-upstream-exact		fixed-target upstream-only content is byte-identical
docreader/tests/test_ssrf.py	-	M	100644	a4f944dbc9b32c8575bcfdffa3b2b1b7c2bf2440	adopt-upstream-exact		fixed-target upstream-only content is byte-identical
docreader/tests/test_web_parser.py	-	M	100644	677a259b07c72f8bff76225f491925578f0b94a1	adopt-upstream-exact		fixed-target upstream-only content is byte-identical
docreader/tests/test_xmind_parser.py	-	A	100644	1d92e63e5fe8f3dfcc934bef991e983ab85b7ba3	adopt-upstream-exact		fixed-target upstream-only content is byte-identical
docreader/utils/ssrf.py	-	M	100644	0531a2582a52eb7370c3118654781fdfa7d2dcd5	adapt-upstream-for-musuw		fixed-target path is present with Musuw product/runtime adaptation
docreader/uv.lock	-	M	100644	dd3676aca8fee21d2995883feebbb2f969ee535b	adopt-upstream-exact		fixed-target upstream-only content is byte-identical
docs/IM集成开发文档.md	-	M	100644	f961be0a54fa8797cf107edd483d8b655866c2fe	adopt-upstream-exact		fixed-target upstream-only content is byte-identical
docs/KnowledgeGraph.md	-	M	100644	1eb9e194ebf6e3400a7ef0f2a1ff155ba6cc91e6	adopt-upstream-exact		fixed-target upstream-only content is byte-identical
docs/QA.md	M	-	100644	0f158122836ede2b5059cef5dfcc24061ca3b871	preserve-musuw-exact		audited local-only content is byte-identical
docs/agent-skills.md	-	M	100644	4fa1f8ad817568d7b2328b40bf51b227d1b78729	adapt-upstream-for-musuw		fixed-target path is present with Musuw product/runtime adaptation
docs/api/README.md	-	M	100644	4b36856133cda1660545bb2502b66ae6eaedc3bf	adopt-upstream-exact		fixed-target upstream-only content is byte-identical
docs/api/auth.md	-	M	100644	8999914edb9bd077512c581e1a6fadb87fe0eb6a	adopt-upstream-exact		fixed-target upstream-only content is byte-identical
docs/api/chat.md	-	M	100644	25a8e0cecc257f5f9f536fffdf3d5619a5631186	adopt-upstream-exact		fixed-target upstream-only content is byte-identical
docs/api/knowledge-base.md	-	M	100644	65f06a2e93732efb10c58f020bb72382cf9e4a7d	adopt-upstream-exact		fixed-target upstream-only content is byte-identical
docs/api/knowledge.md	-	M	100644	f0a091c8c23db26fe888da5992eb8ef8447571a2	adopt-upstream-exact		fixed-target upstream-only content is byte-identical
docs/api/skill.md	-	M	100644	b0268453500d452da8c243156dcaecad664dc8e7	adopt-upstream-exact		fixed-target upstream-only content is byte-identical
docs/api/system.md	-	M	100644	1efe0b05beddab75fbd52b613170965aa3fc40d7	adopt-upstream-exact		fixed-target upstream-only content is byte-identical
docs/api/tenant.md	M	M	100644	0b4aa98a0f091b30d86ea7968844831b6848acfb	compose-three-way		overlap review composed target capability with Musuw product semantics at the existing owner
docs/docs.go	M	M	100644	08c0ea2fa4a1f862687a277650b696c89ee4822d	compose-three-way		overlap review composed target capability with Musuw product semantics at the existing owner
docs/embed-secure-mode.md	M	-	100644	0a339c9a4e69c00a7c07740af0e41f4b0fe9c0fd	preserve-musuw-exact		audited local-only content is byte-identical
docs/embed-subdomain.md	M	-	100644	cdaec21081950b7d258a781239dd05a37cc1d979	preserve-musuw-exact		audited local-only content is byte-identical
docs/poc/docker-sandbox/README.md	-	A	100644	9062598fafc3654b6634efb4dbe30c075eb0c42d	adopt-upstream-exact		fixed-target upstream-only content is byte-identical
docs/poc/docker-sandbox/go.mod	-	A	100644	283b783317a4fc4530548b64ca8d2dca251eae08	adopt-upstream-exact		fixed-target upstream-only content is byte-identical
docs/poc/docker-sandbox/go.sum	-	A	100644	b5499c4e302a8d6ff57992876707e96c582e06dc	adopt-upstream-exact		fixed-target upstream-only content is byte-identical
docs/poc/docker-sandbox/main.go	-	A	100644	571bd8af3da8986825f9216a980d544f98322257	adopt-upstream-exact		fixed-target upstream-only content is byte-identical
docs/sandbox-cluster.md	-	A	100644	d6b0ab5dd5c2c527fe9a1a18cf482d2731fa6f42	adopt-upstream-exact		fixed-target upstream-only content is byte-identical
docs/sandbox-docker-backend.md	-	A	100644	2cf098ea260af4df34ea5bc4b6ceed500fbbf9ad	adapt-upstream-for-musuw		fixed-target path is present with Musuw product/runtime adaptation
docs/sandbox-protocol.md	-	A	100644	23a7908318ae37f4f60237a554cf4ecafaf3b4e3	adopt-upstream-exact		fixed-target upstream-only content is byte-identical
docs/swagger.json	M	M	100644	34dd836c353f4a02f241eb77dce576b0fb04157a	compose-three-way		overlap review composed target capability with Musuw product semantics at the existing owner
docs/swagger.yaml	M	M	100644	acdec96d2ba1c062f5f053f2bac8a29aec8c8126	compose-three-way		overlap review composed target capability with Musuw product semantics at the existing owner
docs/swagger_contract_test.go	-	A	100644	e701ee62ec830b1e698fc36780f395b9956e8604	adopt-upstream-exact		fixed-target upstream-only content is byte-identical
docs/wiki/核心功能/Agent技能系统.md	-	M	100644	1327ec6564daa8f98e5b1f10e98d98de403b02b0	adapt-upstream-for-musuw		fixed-target path is present with Musuw product/runtime adaptation
docs/wiki/核心功能/知识图谱.md	-	M	100644	5c8bea6bfaf15c6ebe27291f05faacdc8afcfd73	adopt-upstream-exact		fixed-target upstream-only content is byte-identical
frontend/docker-entrypoint.sh	M	M	100644	e2fae3e58ad2b1c4e2c0237923c5d072f5703400	compose-three-way		overlap review composed target capability with Musuw product semantics at the existing owner
frontend/embed.html	M	-	100644	de977639553792698cc7279fd460b950fe324cd7	preserve-musuw-exact		audited local-only content is byte-identical
frontend/index.html	M	-	100644	7806948d1d8e541bacef5ea5ec70106790137d51	adapt-musuw-for-target		audited Musuw path retained and adapted at its existing owner for the target contract
frontend/nginx.conf	M	-	100644	f78be4c3509a18328f5d85f61fd0d8b49d1ca37f	preserve-musuw-exact		audited local-only content is byte-identical
frontend/operations.html	A	-	100644	39a0cceaf770893a1d1f58d11656a663a0caafef	preserve-musuw-exact		audited local-only content is byte-identical
frontend/package-lock.json	M	M	100644	1c19e6f7eb4f7cc8e59bb7f4b8b1a8fd3624faaf	compose-three-way		overlap review composed target capability with Musuw product semantics at the existing owner
frontend/package.json	M	-	100644	2e7ceacc21f22fa80b13d271e6c9ce2d10260520	adapt-musuw-for-target		audited Musuw path retained and adapted at its existing owner for the target contract
frontend/public/config.js	-	M	100644	b08839ea43d6a75c0a4d6ef76e4e6b27bf88a1db	adopt-upstream-exact		fixed-target upstream-only content is byte-identical
frontend/public/favicon.ico	M	-	100644	23ca0291594381bb5f8b1cfe1ade07891195dc1e	preserve-musuw-exact		audited local-only content is byte-identical
frontend/public/musuw-logo.png	A	-	100644	8f274960e871d5dbb103c39ea96b565e854867f4	preserve-musuw-exact		audited local-only content is byte-identical
frontend/public/musuw-widget.js	A	-	100644	ea25bcf9e9e6b7241a15b346424b8f3f4b3ad0c3	adapt-musuw-for-target		audited Musuw path retained and adapted at its existing owner for the target contract
frontend/public/vendor/obsidian-1.13.7/README.md	A	-	100644	d33b148cafc0d8898916b5cb838c5b0f9764ff65	preserve-musuw-exact		audited local-only content is byte-identical
frontend/public/vendor/obsidian-1.13.7/graph-sim.js	A	-	100644	362337778dade7ebf2477911eb19a64981cc5440	preserve-musuw-exact		audited local-only content is byte-identical
frontend/public/weknora-widget.js	D	-	000000	0000000000000000000000000000000000000000	preserve-musuw-deletion		audited local-only deletion remains authoritative
frontend/src/App.oidc-error.test.mjs	A	-	100644	a3c07150a72e95ccc53a7a3c6743fb8f3ead20fb	preserve-musuw-exact		audited local-only content is byte-identical
frontend/src/App.oidc-performance.test.mjs	A	-	100644	6172260ef5aea97e348deace9d532edd87129a49	preserve-musuw-exact		audited local-only content is byte-identical
frontend/src/App.vue	M	M	100644	23214ac8c26a8fd25452cfbd5609810c5dcfe35d	compose-three-way		overlap review composed target capability with Musuw product semantics at the existing owner
frontend/src/api/agent/index.ts	-	M	100644	dfc50a7665085f36321f478991498be5f52b2fa6	adapt-upstream-for-musuw		fixed-target path is present with Musuw product/runtime adaptation
frontend/src/api/auth/index.ts	M	M	100644	9b54889ca47d12e832ec6d57c8d5d8b987784e90	compose-three-way		overlap review composed target capability with Musuw product semantics at the existing owner
frontend/src/api/chat/index.ts	-	M	100644	0fb4b5f8d9af1d344cd9693bc7f7f4fed1bff65b	adopt-upstream-exact		fixed-target upstream-only content is byte-identical
frontend/src/api/chat/streame.ts	M	-	100644	d0d7aa85c876ce01893812a4ef2492ee73679ea6	adapt-musuw-for-target		audited Musuw path retained and adapted at its existing owner for the target contract
frontend/src/api/embed/index.ts	M	-	100644	f56b291760ed832bef2685fc329d054bdadd68e7	preserve-musuw-exact		audited local-only content is byte-identical
frontend/src/api/entitlement.ts	A	-	100644	271249d486ef18c3d6c99d99b05844e5e1895151	adapt-musuw-for-target		audited Musuw path retained and adapted at its existing owner for the target contract
frontend/src/api/env-vars.ts	-	A	100644	a46d8abe8b3606e0829f34fe7475288604c13a81	adopt-upstream-exact		fixed-target upstream-only content is byte-identical
frontend/src/api/knowledge-base/index.ts	M	M	100644	82f16b96490b56a93eed13868878c4265820a195	compose-three-way		overlap review composed target capability with Musuw product semantics at the existing owner
frontend/src/api/memory.ts	-	A	100644	2c25f810203769345b37baa8c006d42e9802aaa4	adapt-upstream-for-musuw		fixed-target path is present with Musuw product/runtime adaptation
frontend/src/api/model/consumerSceneOptions.test.mjs	A	-	100644	88efe876477e4b0de01bef43e0552a3e4d879de2	preserve-musuw-exact		audited local-only content is byte-identical
frontend/src/api/model/index.ts	M	-	100644	d75e604f04045c10e62f3b947b7be5a325ee96bb	preserve-musuw-exact		audited local-only content is byte-identical
frontend/src/api/organization/index.ts	M	-	100644	67221fe611676e0b95eb6e3879a90cc52defd292	preserve-musuw-exact		audited local-only content is byte-identical
frontend/src/api/skill/index.ts	-	M	100644	5610fc66809314973fdf2ea7093e45599ea29dcc	adopt-upstream-exact		fixed-target upstream-only content is byte-identical
frontend/src/api/system/index.ts	-	M	100644	127881046ead9a11dc36e1f80155bb6b5dab30c6	adopt-upstream-exact		fixed-target upstream-only content is byte-identical
frontend/src/api/tenant/index.ts	-	M	100644	ae5baf1eefede179f5af383bf399aee75ddabdf3	adopt-upstream-exact		fixed-target upstream-only content is byte-identical
frontend/src/api/tenant/invitations.ts	-	M	100644	fcd16866c011fc17227b610c51ed7c87ce2f33ac	adopt-upstream-exact		fixed-target upstream-only content is byte-identical
frontend/src/api/web-search-provider.ts	-	M	100644	03cd0690cb281a10cdcd8156926a1523be72e188	adopt-upstream-exact		fixed-target upstream-only content is byte-identical
frontend/src/api/wiki/index.ts	-	M	100644	2c9a3380cea4086a1b6641a3dfd25ea6cdae9b0b	adapt-upstream-for-musuw		fixed-target path is present with Musuw product/runtime adaptation
frontend/src/assets/AgentKnowledgeCardParity.test.mjs	A	-	100644	4f57fac100e36869e4fe0d5fe299372b1108aa72	adapt-musuw-for-target		audited Musuw path retained and adapted at its existing owner for the target contract
frontend/src/assets/business-baselines/ChatIndex.pre-view.vue	A	-	100644	49e439ef2fc54b2a5a5403ed6eae15d5a647a9af	adapt-musuw-for-target		Failed history requests retain their cursor and expose retry; only the active session request owns loading/error state; failed history is not treated as an empty conversation
frontend/src/assets/business-baselines/Input-field.pre-view.vue	A	-	100644	c384320815e08b7305ef7395fb94c11205c76388	adapt-musuw-for-target		audited Musuw path retained and adapted at its existing owner for the target contract
frontend/src/assets/business-baselines/KnowledgeBase.pre-view.vue	A	-	100644	77905990552ca5baa76310c0ea34c0c29df1d638	adapt-musuw-for-target		Repair batch feedback inherited from v0.7.2 and still present in upstream main 7e53c31: retain per-file results; refresh each accepted upload with folder-order and pagination protection; warn before reloading a pending batch; existing request targets and entitlement rules remain authoritative; list refresh loading remains owned by its request and failures expose retry; child folders stay visible regardless of sidebar expansion; selected in-flight parsing cancellation reuses the per-document endpoint and preserves failed selections for retry; confirmed recursive folder deletion enumerates unfiltered descendants before using existing asynchronous batch deletion and reports partial submissions; folder entries and documents retain one successful request scope during navigation
frontend/src/assets/business-baselines/KnowledgeBaseList.pre-view.vue	A	-	100644	c49c30b1e68b3e99b8965b447eadac4bfc268249	preserve-musuw-exact		audited local-only content is byte-identical
frontend/src/assets/business-baselines/manual-knowledge-editor.pre-view.vue	A	-	100644	4b6090b0ee24ffbcc97ccdd3f70220cd44966a8e	preserve-musuw-exact		audited local-only content is byte-identical
frontend/src/assets/business-baselines/menu.pre-view.vue	A	-	100644	e185baf5fb56a34b9d8582b7d4339904dc3b5d20	adapt-musuw-for-target		audited Musuw path retained and adapted at its existing owner for the target contract
frontend/src/assets/drawerRootPaintContract.test.mjs	A	-	100644	1dde5c4cf7f4c2c7538cf50e32caf8a062bd2190	preserve-musuw-exact		audited local-only content is byte-identical
frontend/src/assets/fonts.css	D	-	000000	0000000000000000000000000000000000000000	preserve-musuw-deletion		audited local-only deletion remains authoritative
frontend/src/assets/fonts/TencentSans.ttf	D	-	000000	0000000000000000000000000000000000000000	preserve-musuw-deletion		audited local-only deletion remains authoritative
frontend/src/assets/img/datasource-gitlab.png	-	A	100644	3db779d4f74f8bfd3bbb596d60a0e0c3b6dfa031	adopt-upstream-exact		fixed-target upstream-only content is byte-identical
frontend/src/assets/img/datasource-ima.png	-	A	100644	8e70f2f5af1ffe8273d6eb80bc1406342862150c	adopt-upstream-exact		fixed-target upstream-only content is byte-identical
frontend/src/assets/img/providers/mono/sandbox/docker.svg	-	A	100644	0021a8a7b34c50389e48d7035b19067f2d909fe3	adopt-upstream-exact		fixed-target upstream-only content is byte-identical
frontend/src/assets/img/screenshot-1.svg	M	-	100644	21fd4b036b687ada66356802a1035316f4786691	preserve-musuw-exact		audited local-only content is byte-identical
frontend/src/assets/img/weknora.png	D	-	000000	0000000000000000000000000000000000000000	preserve-musuw-deletion		audited local-only deletion remains authoritative
frontend/src/assets/musnowSettingsReferenceVisual.test.mjs	A	-	100644	3a5a16baea8d7dca432809f380ccdf4d791caa95	adapt-musuw-for-target		audited Musuw path retained and adapted at its existing owner for the target contract
frontend/src/assets/musuw-document-list-reference-final.css	A	-	100644	7048ab4a7ca7a15689cb2cb8ffcf91f2c6c45580	preserve-musuw-exact		audited local-only content is byte-identical
frontend/src/assets/musuw-document-preview-final.css	A	-	100644	39547cb8f96bf773f333a880355c5c6ab9043124	preserve-musuw-exact		audited local-only content is byte-identical
frontend/src/assets/musuw-final-contract-closure.css	A	-	100644	db0a4a09e21f998f560892eec1a992d2715b73cd	preserve-musuw-exact		audited local-only content is byte-identical
frontend/src/assets/musuw-final-theme-closure.css	A	-	100644	eb553336fe950ddfbd7eeeb0b317bd26ef5e458e	adapt-musuw-for-target		audited Musuw path retained and adapted at its existing owner for the target contract
frontend/src/assets/musuw-guide-reference.css	A	-	100644	036947a3b51e64583026a72fae8cd30f3732a413	preserve-musuw-exact		audited local-only content is byte-identical
frontend/src/assets/musuw-kb-editor-inner-final.css	A	-	100644	1a713966128ac375623db936c736cda02d374642	preserve-musuw-exact		audited local-only content is byte-identical
frontend/src/assets/musuw-model-editor-inner-final.css	A	-	100644	e041c0d8412cf65f11d092f09013ac91c920fa80	adapt-musuw-for-target		audited Musuw path retained and adapted at its existing owner for the target contract
frontend/src/assets/musuw-native-directory-reference.css	A	-	100644	95fa0d9fa6ebbecb4d6926de3101b68acdc4604d	adapt-musuw-for-target		audited Musuw path retained and adapted at its existing owner for the target contract
frontend/src/assets/musuw-onboarding-native.css	A	-	100644	7b2f921587cd58e4b0381d4367ae2a12c72cad0c	preserve-musuw-exact		audited local-only content is byte-identical
frontend/src/assets/musuw-qapanel-reference-final.css	A	-	100644	7d560bbd215c497f63e5278f7dc1af12460e4e3b	preserve-musuw-exact		audited local-only content is byte-identical
frontend/src/assets/musuw-reachable-surface-final.css	A	-	100644	c549f4cbc2ccadae25faa9618dd84489a3a8d559	adapt-musuw-for-target		audited Musuw path retained and adapted at its existing owner for the target contract
frontend/src/assets/musuw-reference-lucide-precision.css	A	-	100644	a31586156ef31b3ee84965683fce8770cc2e0690	adapt-musuw-for-target		audited Musuw path retained and adapted at its existing owner for the target contract
frontend/src/assets/musuw-reference-precision-fixes.css	A	-	100644	4d568ffe0ffba0e53adcdeafdefec361af2de138	adapt-musuw-for-target		audited Musuw path retained and adapted at its existing owner for the target contract
frontend/src/assets/musuw-settings-reference-inner.css	A	-	100644	0a34de4b8d46dd9dccbc43248286706690573601	adapt-musuw-for-target		audited Musuw path retained and adapted at its existing owner for the target contract
frontend/src/assets/musuw-tdesign-overlay-bridge.css	A	-	100644	671fb4d3fb89bff867ac189ded288ba05b68f505	adapt-musuw-for-target		audited Musuw path retained and adapted at its existing owner for the target contract
frontend/src/assets/musuw-ui-primitives.css	A	-	100644	16a5690e5e0be1470a65b884cdda73df6136928e	preserve-musuw-exact		audited local-only content is byte-identical
frontend/src/assets/musuw-visual-contract-final.css	A	-	100644	b41578ca281f8bd2334883f50091e134d72cbb36	adapt-musuw-for-target		audited Musuw path retained and adapted at its existing owner for the target contract
frontend/src/assets/musuw-visual-preference-compat.css	A	-	100644	9914f50421d90a607c56a5e50cbf100d5112f1ad	adapt-musuw-for-target		audited Musuw path retained and adapted at its existing owner for the target contract
frontend/src/assets/musuw-visual.less	A	-	100644	4d8b08add935f352039ed2b9fa1212c67c9d5803	adapt-musuw-for-target		audited Musuw path retained and adapted at its existing owner for the target contract
frontend/src/assets/musuwAdapterEventContract.test.mjs	A	-	100644	38abb601439e532aaf8a609b32031b847f366145	adapt-musuw-for-target		audited Musuw path retained and adapted at its existing owner for the target contract
frontend/src/assets/musuwBrandSurfaceContract.test.mjs	A	-	100644	9d1a9134dcd66300a9b7862493880c2e81a8230b	preserve-musuw-exact		audited local-only content is byte-identical
frontend/src/assets/musuwBusinessBaselineFingerprint.test.mjs	A	-	100644	fe7d8ba28114dcc8adbf212466051d987210ba3f	adapt-musuw-for-target		audited Musuw path retained and adapted at its existing owner for the target contract
frontend/src/assets/musuwBusinessControllerBuildContract.test.mjs	A	-	100644	25de88b89ecbb4ea9b69af74516c1351434613cd	preserve-musuw-exact		audited local-only content is byte-identical
frontend/src/assets/musuwBusinessPresentationParity.test.mjs	A	-	100644	0c741757fdbda9167bebc22a82bb4648f48ae3a4	adapt-musuw-for-target		audited Musuw path retained and adapted at its existing owner for the target contract
frontend/src/assets/musuwChatDarkTheme.test.mjs	A	-	100644	965cf5c41491fefab4958232629556eafa66ee14	preserve-musuw-exact		audited local-only content is byte-identical
frontend/src/assets/musuwChatParentBusinessParity.test.mjs	A	-	100644	aa5ff2684ece6df0e2dfcbfbfc7e06953370a801	adapt-musuw-for-target		audited Musuw path retained and adapted at its existing owner for the target contract
frontend/src/assets/musuwChatViewGuard.test.mjs	A	-	100644	5819cb1a345a2129816552fb418a0a5bc8577db4	adapt-musuw-for-target		audited Musuw path retained and adapted at its existing owner for the target contract
frontend/src/assets/musuwComposerViewGuard.test.mjs	A	-	100644	974f6f483157ace8a70de4d53e96df30a91ee8a3	adapt-musuw-for-target		audited Musuw path retained and adapted at its existing owner for the target contract
frontend/src/assets/musuwDarkInteractiveSurfaceContract.test.mjs	A	-	100644	cd092d976af48453e28faade5814885c2ab5f01c	preserve-musuw-exact		audited local-only content is byte-identical
frontend/src/assets/musuwDocumentPreviewFinal.test.mjs	A	-	100644	0abba880e19505bc092fc224aa409ae5109e687c	preserve-musuw-exact		audited local-only content is byte-identical
frontend/src/assets/musuwFinalVisualContract.test.mjs	A	-	100644	4d7809a8eb2b1a2f1431bc6b3caaa5bbb007e398	preserve-musuw-exact		audited local-only content is byte-identical
frontend/src/assets/musuwInputFieldBusinessParity.test.mjs	A	-	100644	ecb10f6528cc5374455b635478bf360344c8cc64	adapt-musuw-for-target		audited Musuw path retained and adapted at its existing owner for the target contract
frontend/src/assets/musuwKBEditorInnerFinal.test.mjs	A	-	100644	c05b49a6126236eca7b0a23906fd001adbdfb1c2	preserve-musuw-exact		audited local-only content is byte-identical
frontend/src/assets/musuwKnowledgeBaseBusinessParity.test.mjs	A	-	100644	4d0718341a73728c515fd0b2f940bb07f72ae1c3	adapt-musuw-for-target		audited Musuw path retained and adapted at its existing owner for the target contract
frontend/src/assets/musuwKnowledgeBaseListBusinessParity.test.mjs	A	-	100644	adf30e5b8704e10632f018e7d9e4c116d144161a	adapt-musuw-for-target		audited Musuw path retained and adapted at its existing owner for the target contract
frontend/src/assets/musuwKnowledgeDarkTheme.test.mjs	A	-	100644	bd253c9ca79f8643e81ddabdf43f73c067cd3de6	preserve-musuw-exact		audited local-only content is byte-identical
frontend/src/assets/musuwManualEditorBusinessParity.test.mjs	A	-	100644	b55e0e7b3cc95b3df9d89c8a2dd064a5a18675dd	preserve-musuw-exact		audited local-only content is byte-identical
frontend/src/assets/musuwMeasuredVisualContract.test.mjs	A	-	100644	728fc2edd9a919595c33cb364e310b2bbceb5497	adapt-musuw-for-target		audited Musuw path retained and adapted at its existing owner for the target contract
frontend/src/assets/musuwMigratedViewGuard.test.mjs	A	-	100644	6e5b245ab18e074f39293270636edecf13d44b0c	preserve-musuw-exact		audited local-only content is byte-identical
frontend/src/assets/musuwModelEditorInnerFinal.test.mjs	A	-	100644	7789bdc2b7f8785d1656a0fa00ee1c4627418be9	adapt-musuw-for-target		audited Musuw path retained and adapted at its existing owner for the target contract
frontend/src/assets/musuwOnboardingNative.test.mjs	A	-	100644	eef0ba4d48c168feff11be77519ab1f03b1e69a2	preserve-musuw-exact		audited local-only content is byte-identical
frontend/src/assets/musuwReachableSurfaceFinal.test.mjs	A	-	100644	45c97220313ff3a737484dd634d620b86c10196c	preserve-musuw-exact		audited local-only content is byte-identical
frontend/src/assets/musuwReferenceBusinessBaseline.test.mjs	A	-	100644	1894304b88567b402ef202a48a84244733b6cfb4	adapt-musuw-for-target		audited Musuw path retained and adapted at its existing owner for the target contract
frontend/src/assets/musuwReferenceBusinessDomContract.test.mjs	A	-	100644	e966b6a04253efa1daaf1dc36c36693761a254f5	adapt-musuw-for-target		audited Musuw path retained and adapted at its existing owner for the target contract
frontend/src/assets/musuwReferenceLucidePrecision.test.mjs	A	-	100644	eba52c31acd1a08f314c210ddf6a4a68ed5050c6	adapt-musuw-for-target		audited Musuw path retained and adapted at its existing owner for the target contract
frontend/src/assets/musuwReferencePixelContract.test.mjs	A	-	100644	2e3ffd7c8f37cf504247fe0395cefbad466a9d2d	preserve-musuw-exact		audited local-only content is byte-identical
frontend/src/assets/musuwReferencePrecisionFixes.test.mjs	A	-	100644	8c831aa8dc2bdb7f85bf80c4cacb1a7b0b125ce9	preserve-musuw-exact		audited local-only content is byte-identical
frontend/src/assets/musuwReferenceSourceTokenContract.test.mjs	A	-	100644	3ee192df3537bf27bc4bb2a5a58651dbb57ab4f8	adapt-musuw-for-target		audited Musuw path retained and adapted at its existing owner for the target contract
frontend/src/assets/musuwResponsiveContract.test.mjs	A	-	100644	f0ba5b1d0ffc8f466a4cfd7e9e10f4fd3ac5a108	adapt-musuw-for-target		audited Musuw path retained and adapted at its existing owner for the target contract
frontend/src/assets/musuwSettingsRhythmContract.test.mjs	A	-	100644	b6c43d90fb1649bd85c24ffc746d1a408ea9a8cb	preserve-musuw-exact		audited local-only content is byte-identical
frontend/src/assets/musuwSidebarBusinessParity.test.mjs	A	-	100644	77df4aaa501091a76347b8f0ad028d9a9b3815ef	adapt-musuw-for-target		audited Musuw path retained and adapted at its existing owner for the target contract
frontend/src/assets/musuwTDesignOverlayBridge.test.mjs	A	-	100644	fc98e53c3d806454c5c822f2f0deb12963239399	adapt-musuw-for-target		audited Musuw path retained and adapted at its existing owner for the target contract
frontend/src/assets/musuwThemeBootCanvas.test.mjs	A	-	100644	064dabed696f9ae7c366a930e0da960aac62d1cb	adapt-musuw-for-target		audited Musuw path retained and adapted at its existing owner for the target contract
frontend/src/assets/musuwThemeColorContract.test.mjs	A	-	100644	2db29a7e59f3aece01349d22be74b125613f14f8	preserve-musuw-exact		audited local-only content is byte-identical
frontend/src/assets/musuwVisualContract.test.mjs	A	-	100644	ca93030f6a1ba0c6c769efa8d7c9a0d86711031b	adapt-musuw-for-target		audited Musuw path retained and adapted at its existing owner for the target contract
frontend/src/assets/musuwWeKnoraVisibleBehaviorContract.test.mjs	A	-	100644	953064135e88b03dcc94b058ca5e1e29b768e938	adapt-musuw-for-target		audited Musuw path retained and adapted at its existing owner for the target contract
frontend/src/assets/theme/theme.css	M	-	100644	baa43d95c89353615fbd3f702d87f790b0c6bdb5	preserve-musuw-exact		audited local-only content is byte-identical
frontend/src/components/AgentEmbedChannelPanel.vue	-	M	100644	0ef459de9382520caf75e21075fe36ca69156d29	adapt-upstream-for-musuw		fixed-target path is present with Musuw product/runtime adaptation
frontend/src/components/AgentListContextualGuideBridge.vue	A	-	100644	b48d75cf5c12e518a872bd70985665457a1b3250	adapt-musuw-for-target		audited Musuw path retained and adapted at its existing owner for the target contract
frontend/src/components/AgentSelector.native-contract.test.mjs	A	-	100644	78a6ae09acb0b8c4c25fb71a3e915114b877c2de	adapt-musuw-for-target		audited Musuw path retained and adapted at its existing owner for the target contract
frontend/src/components/AgentSelector.vue	D	-	000000	0000000000000000000000000000000000000000	preserve-musuw-deletion		audited local-only deletion remains authoritative
frontend/src/components/AttachmentUpload.vue	M	-	100644	85322214ca90e9c14d915c5567b9fc975bf644cb	adapt-musuw-for-target		audited Musuw path retained and adapted at its existing owner for the target contract
frontend/src/components/ChatAttachmentPreviewDrawer.vue	M	-	100644	11e3a9a0a1700d88ae0e533207df4010718009af	adapt-musuw-for-target		audited Musuw path retained and adapted at its existing owner for the target contract
frontend/src/components/ChatCitationFloat.vue	M	-	100644	02a15ab783c5de2973f447e3ae7170e8cdb8d24c	preserve-musuw-exact		audited local-only content is byte-identical
frontend/src/components/ChatHeader.vue	M	M	100644	be191086d9857e54bbc1c2d7c89ec551cb5b4ef1	compose-three-way		overlap review composed target capability with Musuw product semantics at the existing owner
frontend/src/components/ChatReferencesDrawer.vue	M	-	100644	2acf2c3c8d4e824a55f471fa6712ec8bcda0c5ba	adapt-musuw-for-target		audited Musuw path retained and adapted at its existing owner for the target contract
frontend/src/components/ChatRequestInfoButton.vue	M	M	100644	0cd5326230c15940eee6ff6c2bba74326d0f2a4e	compose-three-way		overlap review composed target capability with Musuw product semantics at the existing owner
frontend/src/components/CreateTenantDialog.vue	M	-	100644	f956f77923457d9fbcbc2aee7b0a2d3cbfe0a4d5	preserve-musuw-exact		audited local-only content is byte-identical
frontend/src/components/EmbedInputField.vue	M	-	100644	b999475925218bf6597d2b123894773210878256	adapt-musuw-for-target		audited Musuw path retained and adapted at its existing owner for the target contract
frontend/src/components/GlobalCommandPalette.vue	M	M	100644	483e86522506672799e8ed4ff899856d062b1f5d	compose-three-way		overlap review composed target capability with Musuw product semantics at the existing owner
frontend/src/components/GlobalCommandPalette/ResultGroup.vue	M	-	100644	000847a165b50f4658ba6ee7b0be53e6ac95cb5c	preserve-musuw-exact		audited local-only content is byte-identical
frontend/src/components/GlobalCommandPalette/ResultItem.vue	M	-	100644	cec0c8ed8ce014532b80ca701b0123c8201bf598	preserve-musuw-exact		audited local-only content is byte-identical
frontend/src/components/GlobalCommandPalette/commands.ts	M	-	100644	8f41581bf5033b4ef9697e0b587037cd5510d651	preserve-musuw-exact		audited local-only content is byte-identical
frontend/src/components/GlobalCommandPalette/useSearch.ts	M	M	100644	2c00429c163c157289d14316c639c88681e4328d	compose-three-way		overlap review composed target capability with Musuw product semantics at the existing owner
frontend/src/components/GlobalInvitationBell.vue	M	-	100644	53f3c8ab793c9f4547b44fafcad9d0f0e934d06e	preserve-musuw-exact		audited local-only content is byte-identical
frontend/src/components/IMChannelPanel.vue	-	M	100644	49a42b19591274fa4e6a9f96340d8563f0d385cb	adapt-upstream-for-musuw		fixed-target path is present with Musuw product/runtime adaptation
frontend/src/components/Input-field.agent-switch.test.mjs	M	-	100644	4de22cf74fc50b597a4d7fe0ed7e77d5acc3ae19	adapt-musuw-for-target		audited Musuw path retained and adapted at its existing owner for the target contract
frontend/src/components/Input-field.consumerScene.test.mjs	A	-	100644	fbac2dd2c27cadef7e748bd47acee73c5fcc3833	preserve-musuw-exact		audited local-only content is byte-identical
frontend/src/components/Input-field.vue	M	M	100644	ae6acfeec60f9e61e9b6b171a5a80b5066402c88	compose-three-way		overlap review composed target capability with Musuw product semantics at the existing owner
frontend/src/components/KBSwitcherDropdown.vue	M	-	100644	627016d97694f25fae6f5163606733e5c66973a0	adapt-musuw-for-target		audited Musuw path retained and adapted at its existing owner for the target contract
frontend/src/components/KnowledgeBaseSelector.vue	M	-	100644	e0935fa63c4d7dd180a7c1c42671304d83de7210	adapt-musuw-for-target		audited Musuw path retained and adapted at its existing owner for the target contract
frontend/src/components/MentionSelector.vue	M	M	100644	acf0d747c687a7a8c11ed867df99d2b84ca5d5d0	compose-three-way		overlap review composed target capability with Musuw product semantics at the existing owner
frontend/src/components/ModelDebugDrawer.vue	M	M	100644	d21917ee85c75bb56d3849aa1027dade93d93be5	compose-three-way		overlap review composed target capability with Musuw product semantics at the existing owner
frontend/src/components/ModelEditorDialog.vue	M	-	100644	3f4981fb41bcb625606d0282fb30326725c032ba	adapt-musuw-for-target		audited Musuw path retained and adapted at its existing owner for the target contract
frontend/src/components/ModelSelector.chat.test.mjs	A	-	100644	de39c72f050bbc35c42de90aa616eec5071c3929	adapt-musuw-for-target		audited Musuw path retained and adapted at its existing owner for the target contract
frontend/src/components/ModelSelector.sourceInteraction.test.mjs	A	-	100644	219807e586841c9f2c91f0d6094091c0cd4e95c5	adapt-musuw-for-target		audited Musuw path retained and adapted at its existing owner for the target contract
frontend/src/components/ModelSelector.vue	M	M	100644	a06beebdcca198278f7c19a733f2807c062e7723	compose-three-way		overlap review composed target capability with Musuw product semantics at the existing owner
frontend/src/components/NewUserGuide.vue	M	-	100644	e35c71877a3fdee6dda5244a3c93b9f0554f2764	adapt-musuw-for-target		audited Musuw path retained and adapted at its existing owner for the target contract
frontend/src/components/SandboxConfigEditorDrawer.vue	-	A	100644	464c0121325896aaf5ad9a3e95f63b5bf954c325	adopt-upstream-exact		fixed-target upstream-only content is byte-identical
frontend/src/components/SandboxSkillsPanel.test.mjs	-	A	100644	0453746a91b61ae5be256a8d2515085e2eb83587	adopt-upstream-exact		fixed-target upstream-only content is byte-identical
frontend/src/components/SandboxSkillsPanel.vue	-	A	100644	ac2e95f58567c0407eb012a2059d29698841c1d9	adopt-upstream-exact		fixed-target upstream-only content is byte-identical
frontend/src/components/SessionBatchManageModal.vue	A	-	100644	a38224011a7e548bcd99fa1e072823ce77bd4358	adapt-musuw-for-target		audited Musuw path retained and adapted at its existing owner for the target contract
frontend/src/components/SessionSidebarRow.vue	M	-	100644	93642acb51d6a6e937f22aad38e6e3e6039e1072	preserve-musuw-exact		audited local-only content is byte-identical
frontend/src/components/SessionSourceFilter.vue	M	-	100644	8110b8b314fb3834c2db57a4af4550be36a4684f	preserve-musuw-exact		audited local-only content is byte-identical
frontend/src/components/SkillFilesDrawer.vue	-	A	100644	6f41bc48af830e8866c96d3542202f217fbf21aa	adopt-upstream-exact		fixed-target upstream-only content is byte-identical
frontend/src/components/SkillFilesPanel.vue	-	A	100644	4434f9a7f699eeb409da17cb702ff1af00f6d80b	adopt-upstream-exact		fixed-target upstream-only content is byte-identical
frontend/src/components/SkillInstallTimeline.vue	-	A	100644	00238d52d374bcaba6571dfc003cb68b44494ae0	adapt-upstream-for-musuw		fixed-target path is present with Musuw product/runtime adaptation
frontend/src/components/TenantModelsGuide.vue	M	-	100644	b416b113b8849b6378b8a03600e0a6bc38235423	preserve-musuw-exact		audited local-only content is byte-identical
frontend/src/components/UserMenu.vue	M	-	100644	3d0a3aa3d389040282f5376f850addae04fc3a99	adapt-musuw-for-target		Free Plus and Pro expose the existing upgrade-plan label; Max retains view-plans; paid checkout and complimentary-plan purchase eligibility remain unchanged
frontend/src/components/chat/ChatQuestionMinimap.test.ts	-	A	100644	bbda23aa11076f938703bd3ffa9d08b16c2a2be6	adopt-upstream-exact		fixed-target upstream-only content is byte-identical
frontend/src/components/chat/ChatQuestionMinimap.vue	-	A	100644	20d0ec43284415cff917b8979359ddc1ec21e6f9	adopt-upstream-exact		fixed-target upstream-only content is byte-identical
frontend/src/components/chat/MessageTimestamp.vue	-	A	100644	3972f188d4c60d4116478a401ca4043cfbe98c82	adopt-upstream-exact		fixed-target upstream-only content is byte-identical
frontend/src/components/css/chat-citations.less	M	-	100644	b57af83faede1390b326c3fe891370ba6f1e4717	preserve-musuw-exact		audited local-only content is byte-identical
frontend/src/components/css/chat-citations.test.mjs	M	-	100644	73e4bce02572caa906f754176253f357ad2002bb	preserve-musuw-exact		audited local-only content is byte-identical
frontend/src/components/css/chat-markdown.less	M	M	100644	ab647d6a86f83acf42cbd0039f0a8bdf0762c0a0	compose-three-way		overlap review composed target capability with Musuw product semantics at the existing owner
frontend/src/components/css/chat-message-shared.less	-	M	100644	f4d1b31437a6ce32b7d34c6ea1f385c49af6fdae	adopt-upstream-exact		fixed-target upstream-only content is byte-identical
frontend/src/components/css/chat-resource-chips.less	M	-	100644	8c512a88e1895335ca8bb44863c10fef53f070a2	preserve-musuw-exact		audited local-only content is byte-identical
frontend/src/components/doc-content.vue	M	M	100644	9f7b97b3ea22ff5d7097ae289162862401bee895	compose-three-way		Immediately display the detail request state and initial chunk loading/failure instead of premature empty content; Render document summaries with the existing sanitized Markdown pipeline instead of exposing raw bold markers
frontend/src/components/document-preview.vue	M	M	100644	9dc73a38f9ff6be6a618296925e114ede24855fc	compose-three-way		Keep loading feedback visible while renderers prepare content; mount DOCX beneath the overlay and await PPTX rendered/error feedback; source-keyed preview instances isolate late file responses and renderer callbacks
frontend/src/components/empty-knowledge.test.mjs	A	-	100644	a9974175be7691b65aebc8e94343e639c00696f6	adapt-musuw-for-target		audited Musuw path retained and adapted at its existing owner for the target contract
frontend/src/components/empty-knowledge.vue	M	-	100644	aaf4cc6f8faaf225de504eb6b94997892813db8e	adapt-musuw-for-target		audited Musuw path retained and adapted at its existing owner for the target contract
frontend/src/components/knowledge-processing-timeline.vue	-	M	100644	988748f8f187904d4e7440916824024aa9b9ec10	adapt-upstream-for-musuw		fixed-target path is present with Musuw product/runtime adaptation
frontend/src/components/manual-knowledge-editor.vue	M	-	100644	a11d04657344c18f09ac940824d786aaae6ead5f	adapt-musuw-for-target		audited Musuw path retained and adapted at its existing owner for the target contract
frontend/src/components/menu.resource-nav.visual-contract.test.mjs	A	-	100644	c5945ad56f45238f991b478ad049cb516b2de01c	preserve-musuw-exact		audited local-only content is byte-identical
frontend/src/components/menu.vue	M	M	100644	d5066f43910ae9db4313aafd457ecfbd52d763ca	compose-three-way		overlap review composed target capability with Musuw product semantics at the existing owner
frontend/src/components/modelSelectorClearability.test.ts	-	A	100644	b613fdc51dfbafd8c832e8b026e4c38916affa55	adapt-upstream-for-musuw		fixed-target path is present with Musuw product/runtime adaptation
frontend/src/components/modelSelectorFilter.test.ts	-	A	100644	3397af189a29fe337643b0d975f4ec078feba740	adopt-upstream-exact		fixed-target upstream-only content is byte-identical
frontend/src/components/modelSelectorFilter.ts	-	A	100644	c7f642743b722835e5fca05b023025720cb2e49d	adopt-upstream-exact		fixed-target upstream-only content is byte-identical
frontend/src/components/settings/SandboxBackendBadge.vue	-	A	100644	5e247ed0f04ab32cff750a054798359302d0e544	adopt-upstream-exact		fixed-target upstream-only content is byte-identical
frontend/src/components/settings/SettingCard.vue	M	-	100644	091576c55e3fdfb1c72dbc340c478e427494785f	preserve-musuw-exact		audited local-only content is byte-identical
frontend/src/components/settings/SettingDrawer.vue	M	M	100644	9ce6d22d9a2420f734f6d20c5029d882c1218b82	compose-three-way		overlap review composed target capability with Musuw product semantics at the existing owner
frontend/src/components/share-to-space-panel.overlay.less	-	M	100644	e88013f349ae48bee4c02692fe4c2ae584887f34	adopt-upstream-exact		fixed-target upstream-only content is byte-identical
frontend/src/components/upload-mask.vue	M	-	100644	94cd200215a556c0e56cda9c5d4c914d96cf0ec1	preserve-musuw-exact		audited local-only content is byte-identical
frontend/src/composables/preferenceStorage.ts	M	-	100644	31a39beda601e9466e78e567dd01861d65c53b37	preserve-musuw-exact		audited local-only content is byte-identical
frontend/src/composables/useChatCitationPopover.ts	M	-	100644	2c119360d4df7a48c25999306d1b863dc83fc231	adapt-musuw-for-target		audited Musuw path retained and adapted at its existing owner for the target contract
frontend/src/composables/useChatMemoryRow.ts	-	A	100644	37457ab18c19062c66ee72979f76ba43391809ed	adopt-upstream-exact		fixed-target upstream-only content is byte-identical
frontend/src/composables/useChatQuestionMinimap.ts	-	A	100644	45952ef94734cc444ddbdacde987045e5c1d90be	adopt-upstream-exact		fixed-target upstream-only content is byte-identical
frontend/src/composables/useChatStreamHandler.test.mjs	-	A	100644	1006cc07c7d4a5cc6c373097cf90b381ced2c23c	adapt-upstream-for-musuw		fixed-target path is present with Musuw product/runtime adaptation
frontend/src/composables/useChatStreamHandler.ts	M	M	100644	55821569fb35d3942bf2aa217f8233e985322219	compose-three-way		overlap review composed target capability with Musuw product semantics at the existing owner
frontend/src/composables/useEmbedChatSession.ts	M	M	100644	624eda3d8f40533b43a42367abeb462cc7117ae1	compose-three-way		overlap review composed target capability with Musuw product semantics at the existing owner
frontend/src/composables/useFont.ts	M	-	100644	344beadc8ed7f7fefd90fe7a8e249fd1dfefb4df	preserve-musuw-exact		audited local-only content is byte-identical
frontend/src/composables/useResourcePins.ts	M	-	100644	fd26ef4d39e52177d16d018f7e658e172037d31e	preserve-musuw-exact		audited local-only content is byte-identical
frontend/src/composables/useTheme.preference.test.ts	A	-	100644	23a73b2bebe4c1905651302396ab8f889a87b4c1	preserve-musuw-exact		audited local-only content is byte-identical
frontend/src/composables/useTheme.ts	M	-	100644	ee24784e912bfc944376d3cb5ada54b2a5b5e99d	preserve-musuw-exact		audited local-only content is byte-identical
frontend/src/config/deploymentCapabilities.test.ts	-	A	100644	09bf8f8f5ec81d37c71a12037a15345ed4c63e0d	adopt-upstream-exact		fixed-target upstream-only content is byte-identical
frontend/src/config/deploymentCapabilities.ts	-	A	100644	e6219eb13b817cdbb5cd5fe24e38512ef653db6f	adopt-upstream-exact		fixed-target upstream-only content is byte-identical
frontend/src/config/integrations.ts	-	M	100644	65166e3343e46d4d20ea1f4c8fe798e931499ced	adapt-upstream-for-musuw		fixed-target path is present with Musuw product/runtime adaptation
frontend/src/config/managedExperienceUi.test.mjs	A	-	100644	58090bb12a8bd06360269eb1a717f64e9abd7499	adapt-musuw-for-target		audited Musuw path retained and adapted at its existing owner for the target contract
frontend/src/config/settingsAccess.test.ts	M	M	100644	81d2186fd9ae078172fa024277428964f109318d	compose-three-way		overlap review composed target capability with Musuw product semantics at the existing owner
frontend/src/config/settingsAccess.ts	M	M	100644	91288d9b86df7030d9da23c311b0127ae37bdadc	compose-three-way		overlap review composed target capability with Musuw product semantics at the existing owner
frontend/src/config/settingsRoute.test.ts	-	A	100644	680917cf302dee9a5f7172414440671e004584d9	adapt-upstream-for-musuw		fixed-target path is present with Musuw product/runtime adaptation
frontend/src/config/settingsRoute.ts	-	A	100644	399504d7bb6c362686e753720a00113d72be879c	adapt-upstream-for-musuw		fixed-target path is present with Musuw product/runtime adaptation
frontend/src/directives/stableHtml.ts	-	M	100644	723854bf13d4622f5b7ae4196f4ddafe1ef2e593	adopt-upstream-exact		fixed-target upstream-only content is byte-identical
frontend/src/hooks/useKnowledgeBase.ts	-	M	100644	f61ae64f29f66e34c30734af13ad144914c7d887	adapt-musuw-for-target		Report detail and list request loading/failure at the existing API boundary; ignore obsolete detail replies and keep errors retryable
frontend/src/i18n/embed.ts	-	M	100644	47fe8c0c1217c551590537e35c5c218f648827e1	adapt-upstream-for-musuw		fixed-target path is present with Musuw product/runtime adaptation
frontend/src/i18n/index.ts	M	M	100755	de9d8f441541af64d3e91ffda7f716b35b796ea5	compose-three-way		overlap review composed target capability with Musuw product semantics at the existing owner
frontend/src/i18n/locale.test.ts	A	-	100644	a7378f53a43902fc7d4054cc2619b29396dca291	preserve-musuw-exact		audited local-only content is byte-identical
frontend/src/i18n/locale.ts	A	-	100644	46da765b1d6ae71c7f62ea9722f75935d8170f49	preserve-musuw-exact		audited local-only content is byte-identical
frontend/src/i18n/localeKeyAudit.ts	-	M	100644	5f4b2706a123e856b9f5513169589a5082ad1434	adapt-upstream-for-musuw		fixed-target path is present with Musuw product/runtime adaptation
frontend/src/i18n/locales/en-US.ts	M	M	100755	179936c22b7181379ff54798e43abbe17cde14d1	compose-three-way		overlap review composed target capability with Musuw product semantics at the existing owner
frontend/src/i18n/locales/ko-KR.ts	M	M	100755	2c6b5b41ea64eac10abf8b4de2e763b150040005	compose-three-way		overlap review composed target capability with Musuw product semantics at the existing owner
frontend/src/i18n/locales/ru-RU.ts	M	M	100755	a3d932cc806f927f9e2871833c8ee615ab3fcb3c	compose-three-way		overlap review composed target capability with Musuw product semantics at the existing owner
frontend/src/i18n/locales/zh-CN.ts	M	M	100755	22f10ffecf930f1318ed276a46c60f119159854e	compose-three-way		overlap review composed target capability with Musuw product semantics at the existing owner
frontend/src/i18n/memoryKeyReferences.test.ts	-	A	100644	c5f17c520826e8338bf9ac647e096cd87d1fdc2a	adopt-upstream-exact		fixed-target upstream-only content is byte-identical
frontend/src/i18n/resolveDefaultLocale.test.ts	-	A	100644	b5f456010f1e5c9a8f7f5d0cfa558b8e11c7a7f3	adopt-upstream-exact		fixed-target upstream-only content is byte-identical
frontend/src/i18n/resolveDefaultLocale.ts	-	A	100644	808495f57a0dd98ef5af65512e1c746b042828aa	adopt-upstream-exact		fixed-target upstream-only content is byte-identical
frontend/src/main.ts	M	M	100644	5658465c525c2035d98edbcd61e9a47282c17107	compose-three-way		overlap review composed target capability with Musuw product semantics at the existing owner
frontend/src/operations-main.ts	A	-	100644	33bbafbe83a1a73811cc60248736168a91af9543	preserve-musuw-exact		audited local-only content is byte-identical
frontend/src/operations/AccountErasureOperations.test.mjs	A	-	100644	37d5131db2fc7cacb89505878be20ace36bc9fc9	preserve-musuw-exact		audited local-only content is byte-identical
frontend/src/operations/ComplimentaryPlanOperations.test.mjs	A	-	100644	3d6904657898adb6496b4edcaf9a93959e76715c	preserve-musuw-exact		audited local-only content is byte-identical
frontend/src/operations/EnvironmentSwitch.test.mjs	A	-	100644	0da789c3cd303580a86637cdd4729dec4fb8beab	preserve-musuw-exact		audited local-only content is byte-identical
frontend/src/operations/ModelsPolicyPage.test.mjs	A	-	100644	ee9747549be3c9f8a39b03a81cba32ed0eca3c07	preserve-musuw-exact		audited local-only content is byte-identical
frontend/src/operations/OperationsApp.vue	A	-	100644	c9c90090ee9b3f9422c27efe6ab8ab41d13c4f47	adapt-musuw-for-target		Retain the existing operations shell and restore failed bootstrap reads with useOperationsReadRecovery; recovery does not navigate or reload the mounted operator form; verified by e2e/operations-recovery.spec.ts
frontend/src/operations/OperationsCsrf.test.ts	A	-	100644	ad3ebfe03953e354e7ef56644752e8c89cf0ac17	preserve-musuw-exact		audited local-only content is byte-identical
frontend/src/operations/api.ts	A	-	100644	a8509678014febbed7c4f604a430bc037dc05cf7	adapt-musuw-for-target		Retain the private loopback operations gateway protocol; only GET/HEAD 401 responses renew the existing session once, synchronize CSRF, and coalesce concurrent or late expired reads; current same-environment browser CSRF cookies override stale in-memory tokens; mutations are never replayed; verified by e2e/operations-recovery.spec.ts
frontend/src/operations/csrf.ts	A	-	100644	fd24b5a83c871d754ec433c82a10fabdfdc77695	preserve-musuw-exact		audited local-only content is byte-identical
frontend/src/operations/format.ts	A	-	100644	067fb8fd2e93524a2c633631ea6c6f6caf344246	preserve-musuw-exact		audited local-only content is byte-identical
frontend/src/operations/operations-console.less	A	-	100644	9bc98203561796cbcde3ae704ec17881b4e06e1c	preserve-musuw-exact		audited local-only content is byte-identical
frontend/src/operations/pages/BillingPage.vue	A	-	100644	1d077de20f184c51dadc5f427b96963977adcec1	adapt-musuw-for-target		Retain the existing read owner and attach the Musuw-only useOperationsReadRecovery helper to failed reads; online/focus/visibility or a five-second retry restores data without polling successful reads, replaying writes, or resetting operator forms; verified by e2e/operations-recovery.spec.ts
frontend/src/operations/pages/IdentityPage.vue	A	-	100644	26872cf6845679dc35b80ef82eed91f73bfb5713	adapt-musuw-for-target		Retain the existing read owner and attach the Musuw-only useOperationsReadRecovery helper to failed reads; online/focus/visibility or a five-second retry restores data without polling successful reads, replaying writes, or resetting operator forms; verified by e2e/operations-recovery.spec.ts
frontend/src/operations/pages/KnowledgePage.vue	A	-	100644	f4095d7bc4e62ffea0cb957d8d966645a39f1de4	adapt-musuw-for-target		Retain the existing read owner and attach the Musuw-only useOperationsReadRecovery helper to failed reads; online/focus/visibility or a five-second retry restores data without polling successful reads, replaying writes, or resetting operator forms; verified by e2e/operations-recovery.spec.ts
frontend/src/operations/pages/LogsPage.vue	A	-	100644	3d7e55b0a90179eef68596529fe382b349a8af3a	adapt-musuw-for-target		Retain the existing read owner and attach the Musuw-only useOperationsReadRecovery helper to failed reads; online/focus/visibility or a five-second retry restores data without polling successful reads, replaying writes, or resetting operator forms; verified by e2e/operations-recovery.spec.ts
frontend/src/operations/pages/ModelsPolicyPage.vue	A	-	100644	7b1bb3e6175927c040fa521391fd57aff3ece423	adapt-musuw-for-target		Retain the existing read owner and attach the Musuw-only useOperationsReadRecovery helper to failed reads; online/focus/visibility or a five-second retry restores data without polling successful reads, replaying writes, or resetting operator forms; verified by e2e/operations-recovery.spec.ts
frontend/src/operations/pages/OverviewPage.vue	A	-	100644	040791ff0d777c0dd5406c4ac35270cff9045657	adapt-musuw-for-target		Retain the existing read owner and attach the Musuw-only useOperationsReadRecovery helper to failed reads; online/focus/visibility or a five-second retry restores data without polling successful reads, replaying writes, or resetting operator forms; verified by e2e/operations-recovery.spec.ts
frontend/src/operations/pages/StoragePage.vue	A	-	100644	d9f1bada28de23d198679ca4235732322944598b	adapt-musuw-for-target		Retain the existing read owner and attach the Musuw-only useOperationsReadRecovery helper to failed reads; online/focus/visibility or a five-second retry restores data without polling successful reads, replaying writes, or resetting operator forms; verified by e2e/operations-recovery.spec.ts
frontend/src/operations/pages/UsersPage.vue	A	-	100644	a3a0cfa21f776a0c1b9d3705378947ee1dd36f18	adapt-musuw-for-target		Retain the existing read owner and attach the Musuw-only useOperationsReadRecovery helper to failed reads; online/focus/visibility or a five-second retry restores data without polling successful reads, replaying writes, or resetting operator forms; verified by e2e/operations-recovery.spec.ts
frontend/src/operations/types.ts	A	-	100644	67b38e29475fa987fd612d8e6398585fc0beeeaa	preserve-musuw-exact		audited local-only content is byte-identical
frontend/src/router/index.test.mjs	A	-	100644	26c519c96c76ffd4d679ccb360a58cb7617a3f72	adapt-musuw-for-target		audited Musuw path retained and adapted at its existing owner for the target contract
frontend/src/router/index.ts	M	M	100644	6e0fa184b72bdb6628fc58db446ea62e5b3bf253	compose-three-way		overlap review composed target capability with Musuw product semantics at the existing owner
frontend/src/stores/auth.ts	M	M	100644	ad7b59a0f0c2d91e935b33474bb24b4a54a9c398	compose-three-way		overlap review composed target capability with Musuw product semantics at the existing owner
frontend/src/stores/chatResources.ts	M	M	100644	8c62782d19b623ec012fb3e0f2aa4823cc5aab28	compose-three-way		overlap review composed target capability with Musuw product semantics at the existing owner
frontend/src/stores/commandPalette.ts	M	-	100644	4588b2fc6890531c1c75602d99a8273be302ad09	preserve-musuw-exact		audited local-only content is byte-identical
frontend/src/stores/deploymentCapabilities.ts	-	A	100644	0a8c2edf6267d9e02c9b5939ed33723c55693736	adopt-upstream-exact		fixed-target upstream-only content is byte-identical
frontend/src/stores/editorResources.ts	-	M	100644	7257015827e4aab8958f3fd7780b5d4207abd3f1	adapt-upstream-for-musuw		fixed-target path is present with Musuw product/runtime adaptation
frontend/src/stores/liteChatSettings.test.ts	A	-	100644	219a8c369982cb5023d2313304c6e3bf8f64cd3e	preserve-musuw-exact		audited local-only content is byte-identical
frontend/src/stores/localizedResourceCache.test.ts	-	A	100644	341bd5a190397625898292e55b936d5e371187d1	adopt-upstream-exact		fixed-target upstream-only content is byte-identical
frontend/src/stores/localizedResourceCache.ts	-	A	100644	bd16b7178e56e0977f5889926ff60dd025fd3781	adopt-upstream-exact		fixed-target upstream-only content is byte-identical
frontend/src/stores/menu.ts	M	M	100644	696a6c6e8d7f848d39870c4645c36ea0ce142f45	compose-three-way		overlap review composed target capability with Musuw product semantics at the existing owner
frontend/src/stores/organization.ts	-	M	100644	ffc8fbd5a510d79b3d55f8f91394dab6b439eec9	adapt-upstream-for-musuw		fixed-target path is present with Musuw product/runtime adaptation
frontend/src/stores/settings.ts	M	-	100644	69f545c1043368cc2a8fa3f457ae436f30a0c107	adapt-musuw-for-target		audited Musuw path retained and adapted at its existing owner for the target contract
frontend/src/stores/settingsStorage.test.mjs	M	-	100644	abd576bbb4d4dc83ae9e7b8ee6dbaf4a53865a7f	adapt-musuw-for-target		audited Musuw path retained and adapted at its existing owner for the target contract
frontend/src/stores/settingsStorage.ts	M	-	100644	58bd4ea0657bf8712b753cfcd09d8ba13827251e	adapt-musuw-for-target		audited Musuw path retained and adapted at its existing owner for the target contract
frontend/src/types/business-controller-shim.d.ts	A	-	100644	323ce5c8747ad943bac650e89dfe9f0fb6293739	preserve-musuw-exact		audited local-only content is byte-identical
frontend/src/types/d3-force-3d.d.ts	A	-	100644	9835bcc3e1d0089f02b6777ebd99fab7af3c50a2	preserve-musuw-exact		audited local-only content is byte-identical
frontend/src/types/mention.ts	-	M	100644	be0ac99d9cadf73bc47fe3c58e0e73362b9db0a3	adopt-upstream-exact		fixed-target upstream-only content is byte-identical
frontend/src/types/tool-results.ts	-	M	100644	f1cdc455f38bc54b39c927279f4f61ccdbf2796c	adopt-upstream-exact		fixed-target upstream-only content is byte-identical
frontend/src/utils/agent-readiness.test.mjs	M	-	100644	8fc22944ac90792e08e57f417f7c5b1df10424da	preserve-musuw-exact		audited local-only content is byte-identical
frontend/src/utils/agent-readiness.ts	M	-	100644	850c5ba795000d5ac075eb42e9fa687add69cc45	preserve-musuw-exact		audited local-only content is byte-identical
frontend/src/utils/agent-tool-display.test.mjs	-	M	100644	719324361602e5be64d93e5fedc49ba76249666c	adopt-upstream-exact		fixed-target upstream-only content is byte-identical
frontend/src/utils/agent-tool-display.ts	-	M	100644	ccaaa1e62acfd1b7f0511abb96b37da46c5b7cc9	adopt-upstream-exact		fixed-target upstream-only content is byte-identical
frontend/src/utils/agent-tool-icons.ts	-	M	100644	260b52d180aed2d26880e19f9e3a20d0c5298ecf	adopt-upstream-exact		fixed-target upstream-only content is byte-identical
frontend/src/utils/attachmentPreview.ts	-	M	100644	d05a63447484bf248bfc0cf2999bc1d934091be2	adopt-upstream-exact		fixed-target upstream-only content is byte-identical
frontend/src/utils/chatMarkdownRenderer.test.ts	M	-	100644	eff891ba3340f5d37debad096d77e4188a6b61fd	preserve-musuw-exact		audited local-only content is byte-identical
frontend/src/utils/chatMarkdownRenderer.ts	M	M	100644	176f4f3525ff17a446951ce7c69167737b728093	compose-three-way		overlap review composed target capability with Musuw product semantics at the existing owner
frontend/src/utils/chatMessageShared.ts	-	M	100644	3fea409920fcfe7dc898025cfc0ff1cd27da8e1a	adopt-upstream-exact		fixed-target upstream-only content is byte-identical
frontend/src/utils/chatQuestionMinimap.test.ts	-	A	100644	2f89cccb49922ba230a271857d886fd76a683c47	adopt-upstream-exact		fixed-target upstream-only content is byte-identical
frontend/src/utils/chatQuestionMinimap.ts	-	A	100644	fd6e667d8f9c1a5cf50cebd828a30c604501d9bf	adopt-upstream-exact		fixed-target upstream-only content is byte-identical
frontend/src/utils/clipboard.ts	-	A	100644	82972f86eb13185424a734508e7c8875d23623ee	adopt-upstream-exact		fixed-target upstream-only content is byte-identical
frontend/src/utils/consumerPlanError.ts	A	-	100644	9466a279d2d4c27b8546dd39c54cba5f2cb6b132	adapt-musuw-for-target		audited Musuw path retained and adapted at its existing owner for the target contract
frontend/src/utils/consumerSceneModels.test.ts	A	-	100644	bfc51ab66fdd5761d2537fdf9e244bf0ae627bf3	preserve-musuw-exact		audited local-only content is byte-identical
frontend/src/utils/consumerSceneModels.ts	A	-	100644	8d280f9fd1ebc92eca80cd050384baa3e9358349	preserve-musuw-exact		audited local-only content is byte-identical
frontend/src/utils/filePreview.test.ts	-	A	100644	0e7bf43e7fad733c28bdbcb9c524ceed6577629d	adopt-upstream-exact		fixed-target upstream-only content is byte-identical
frontend/src/utils/filePreview.ts	-	A	100644	77e62d06f9926345c422ed247b73f5d1cb820ed6	adopt-upstream-exact		fixed-target upstream-only content is byte-identical
frontend/src/utils/fileTypeVerification.test.ts	M	-	100644	d6a9b713a2e86865c8be6868bc571ed05e9e70c9	preserve-musuw-exact		audited local-only content is byte-identical
frontend/src/utils/fileTypeVerification.ts	M	-	100644	fb5b1aebec5fdbbaaba5a47d8ca341046b20833f	preserve-musuw-exact		audited local-only content is byte-identical
frontend/src/utils/files.ts	-	M	100644	b6b74db999fead50d44ea4d3b4e2dad87cd72bbf	adopt-upstream-exact		fixed-target upstream-only content is byte-identical
frontend/src/utils/index.ts	M	M	100644	6d8373bdc001b57ca9eb048250dc0d6f7111fe15	compose-three-way		overlap review composed target capability with Musuw product semantics at the existing owner
frontend/src/utils/liteChatSettings.ts	A	-	100644	c2794c5323afc41bf58f5c90ebfbf27bed57d22f	preserve-musuw-exact		audited local-only content is byte-identical
frontend/src/utils/managedChatModels.test.ts	A	-	100644	2b23bf5884b0060be6152c1c8d0351c1a87a2e81	preserve-musuw-exact		audited local-only content is byte-identical
frontend/src/utils/managedChatModels.ts	A	-	100644	cf3f81a067a1e4c1f91b809a31eed18ddb80a834	preserve-musuw-exact		audited local-only content is byte-identical
frontend/src/utils/markdownDomPurify.ts	-	M	100644	0c688d56cd001bb841ce71f1d8b5116a3e30e3c9	adopt-upstream-exact		fixed-target upstream-only content is byte-identical
frontend/src/utils/markdownEnhancements.ts	-	M	100644	4b5e866d1e327c4f46f8cd35c39a4d15689515c8	adopt-upstream-exact		fixed-target upstream-only content is byte-identical
frontend/src/utils/mermaidShared.ts	-	M	100644	5eaaf2167e5a3141892dc85da1c0f48310b7598c	adopt-upstream-exact		fixed-target upstream-only content is byte-identical
frontend/src/utils/mermaidStreaming.test.ts	-	A	100644	3e2382c92a1048f8a526dfd0899f06837c07c24e	adopt-upstream-exact		fixed-target upstream-only content is byte-identical
frontend/src/utils/mermaidStreaming.ts	-	A	100644	7440fbd32c49c65bff28131cd1ff8565a58ac8f4	adopt-upstream-exact		fixed-target upstream-only content is byte-identical
frontend/src/utils/messageTimestamp.test.ts	-	A	100644	d549eb0e2b7e092607593c6f7bac087146c2a6cf	adopt-upstream-exact		fixed-target upstream-only content is byte-identical
frontend/src/utils/messageTimestamp.ts	-	A	100644	ec3b72e384b327a1638aebad9bc83732c53bc0de	adopt-upstream-exact		fixed-target upstream-only content is byte-identical
frontend/src/utils/modelDefaults.ts	-	A	100644	92e6815fb47c6d7a749cc7d3d454afdf87159d35	adapt-upstream-for-musuw		fixed-target path is present with Musuw product/runtime adaptation
frontend/src/utils/nativeAuthHandoff.test.ts	A	-	100644	e90b64a4ccdbb5a5c340935033df346299146064	preserve-musuw-exact		audited local-only content is byte-identical
frontend/src/utils/nativeAuthHandoff.ts	A	-	100644	2ea6d4c0a675f25d2c2fc1892c77fa70e68e90b6	preserve-musuw-exact		audited local-only content is byte-identical
frontend/src/utils/paddleCheckout.test.mjs	A	-	100644	1b7a04dd65585a1b652ad65715a84b051179ad63	adapt-musuw-for-target		audited Musuw path retained and adapted at its existing owner for the target contract
frontend/src/utils/paddleCheckout.ts	A	-	100644	8cfb5155f121a1592367b8a701119216add61cd6	preserve-musuw-exact		audited local-only content is byte-identical
frontend/src/utils/protectedFileAccess.test.ts	-	M	100644	c865396d78b8c1faefe6d172c410551ed1ad9df8	adopt-upstream-exact		fixed-target upstream-only content is byte-identical
frontend/src/utils/protectedFileAccess.ts	-	M	100644	875e06e0ca51d3f420add94849932e57ef0bc44b	adopt-upstream-exact		fixed-target upstream-only content is byte-identical
frontend/src/utils/referenceTextareaAutosize.ts	A	-	100644	a5c3372550ad3f8315f071932e8c03739b05f179	preserve-musuw-exact		audited local-only content is byte-identical
frontend/src/utils/request.auth-recovery.test.mjs	A	-	100644	1b3fe708040e66ecc2a844b1a73b97c4506a8fa9	preserve-musuw-exact		audited local-only content is byte-identical
frontend/src/utils/request.consumer-plan-errors.test.ts	A	-	100644	b67cca00964e25eeb3752ae5ac593c6900464cdc	adapt-musuw-for-target		audited Musuw path retained and adapted at its existing owner for the target contract
frontend/src/utils/request.ts	M	M	100644	4181cdc378c226affce2169bf6aea90b3dc9ee5f	compose-three-way		Preserve the shared native authentication and request pipeline; when the operations entry has already enabled its CSRF header, refresh it from the current same-environment browser cookie before requests so RuntimeQueues also survives another tab renewing the session; ordinary application requests remain unchanged and writes are never replayed; verified by e2e/operations-recovery.spec.ts
frontend/src/utils/sandboxArtifactRefs.test.ts	-	A	100644	f1912f3da39559f3496287410ace84a370557d36	adopt-upstream-exact		fixed-target upstream-only content is byte-identical
frontend/src/utils/sandboxArtifactRefs.ts	-	A	100644	62a0b5cb5e38cbfec41691945ed53ac6409d04ee	adopt-upstream-exact		fixed-target upstream-only content is byte-identical
frontend/src/utils/security.ts	-	M	100644	09a6b62233ae1fe610ca3dd8718a0a5b291b7c34	adopt-upstream-exact		fixed-target upstream-only content is byte-identical
frontend/src/utils/shellExecResult.test.ts	-	A	100644	6183d161316464908f00a26ab810c1dc3c89f8a2	adopt-upstream-exact		fixed-target upstream-only content is byte-identical
frontend/src/utils/shellExecResult.ts	-	A	100644	6d822b7b0d708b25f3879503b1fd0d31ed87f484	adopt-upstream-exact		fixed-target upstream-only content is byte-identical
frontend/src/utils/skillArtifacts.test.ts	-	A	100644	80e1a307db9e83d0e2104ed22e8636945146c57e	adopt-upstream-exact		fixed-target upstream-only content is byte-identical
frontend/src/utils/skillArtifacts.ts	-	A	100644	6644f2dbe1a080432df86402e3b7e3da44e5bc87	adopt-upstream-exact		fixed-target upstream-only content is byte-identical
frontend/src/utils/skillToolDisplay.test.ts	-	A	100644	a69e9bbb859a4da40d5310343847a5c6874ddd47	adopt-upstream-exact		fixed-target upstream-only content is byte-identical
frontend/src/utils/skillToolDisplay.ts	-	A	100644	b76843d101d6df9e6be7904302d23f5700447d2a	adopt-upstream-exact		fixed-target upstream-only content is byte-identical
frontend/src/utils/tenantSwitch.ts	-	M	100644	b5dba02bdf70c3c48cdbfab58fc366f2b93d38d2	adopt-upstream-exact		fixed-target upstream-only content is byte-identical
frontend/src/utils/userFacingAIError.test.ts	A	-	100644	d1e25960ab6a2cf1a01477b743a617dcdd002c5a	adapt-musuw-for-target		audited Musuw path retained and adapted at its existing owner for the target contract
frontend/src/utils/userFacingAIError.ts	A	-	100644	8643b288af124f032f8a35660f95daf71d8cd285	adapt-musuw-for-target		audited Musuw path retained and adapted at its existing owner for the target contract
frontend/src/views/agent/AgentConsumerSurface.visual-contract.test.mjs	A	-	100644	7bc5ec486b770137b1b93d8368ef9a051b64a184	adapt-musuw-for-target		audited Musuw path retained and adapted at its existing owner for the target contract
frontend/src/views/agent/AgentEditorModal.test.mjs	M	M	100644	dfc383ed56f291949f3599fef0380bcda64a5bbe	compose-three-way		overlap review composed target capability with Musuw product semantics at the existing owner
frontend/src/views/agent/AgentEditorModal.vue	M	M	100644	3d6ece83908a40de294de4c68989db6ab76d006e	compose-three-way		overlap review composed target capability with Musuw product semantics at the existing owner
frontend/src/views/agent/AgentList.vue	M	M	100644	bbeacd5842fd4cb6ef504cf33d0559491e16fc95	compose-three-way		overlap review composed target capability with Musuw product semantics at the existing owner
frontend/src/views/auth/Login.vue	M	M	100755	5775b07e48473b39d2f76977f67f569eb53c0cf0	compose-three-way		overlap review composed target capability with Musuw product semantics at the existing owner
frontend/src/views/auth/WorkspaceOnboarding.vue	M	M	100644	b7cbc66457fb6ee3525b4c52b2d24bbfea446fc4	compose-three-way		overlap review composed target capability with Musuw product semantics at the existing owner
frontend/src/views/billing/Checkout.test.mjs	A	-	100644	9099863e9d7f2710205d4e21555a4ae8c9857280	adapt-musuw-for-target		audited Musuw path retained and adapted at its existing owner for the target contract
frontend/src/views/billing/Checkout.vue	A	-	100644	15c107341ce7e02f86bb1ffe8cce4b44cdf956cb	adapt-musuw-for-target		audited Musuw path retained and adapted at its existing owner for the target contract
frontend/src/views/billing/CheckoutSyncTimeout.test.mjs	A	-	100644	6000d1c006519b857a0e42a1eae46c8d4dac6299	preserve-musuw-exact		audited local-only content is byte-identical
frontend/src/views/billing/PaymentLink.test.mjs	A	-	100644	aefbb118f0b6346e4cca79d72f3186fe2fe45f3e	preserve-musuw-exact		audited local-only content is byte-identical
frontend/src/views/billing/PaymentLink.vue	A	-	100644	4b4a3ca1fd340faa89248c48e021b3781c84ba2c	preserve-musuw-exact		audited local-only content is byte-identical
frontend/src/views/billing/Plans.test.mjs	A	-	100644	3d009a51482450f6c8211a3e6382f113d8b0dd68	adapt-musuw-for-target		audited Musuw path retained and adapted at its existing owner for the target contract
frontend/src/views/billing/Plans.vue	A	-	100644	9d3c0df510cad1a9ac2598d1bb57a8b82cf35d3a	adapt-musuw-for-target		audited Musuw path retained and adapted at its existing owner for the target contract
frontend/src/views/billing/RetainLanding.test.mjs	A	-	100644	f41b6a6f87a9f1529b1276e7a63320390922ddbf	preserve-musuw-exact		audited local-only content is byte-identical
frontend/src/views/billing/RetainLanding.vue	A	-	100644	8006ec8ce9e2963026781df7e7ac7ae3e2b2d124	preserve-musuw-exact		audited local-only content is byte-identical
frontend/src/views/billing/entitlementCopy.test.mjs	A	-	100644	df677ad3797c0d909cfbf9db25c6041a80c136f3	adapt-musuw-for-target		audited Musuw path retained and adapted at its existing owner for the target contract
frontend/src/views/chat/components/AgentStreamDisplay.style.test.mjs	-	M	100644	ddb85de20f2988639f1cdbccd9fe550490d8863e	adopt-upstream-exact		fixed-target upstream-only content is byte-identical
frontend/src/views/chat/components/AgentStreamDisplay.vue	M	M	100644	d60b099517c8e10810590ab416fafc20be11f532	compose-three-way		overlap review composed target capability with Musuw product semantics at the existing owner
frontend/src/views/chat/components/ChatArtifactsDrawer.vue	-	A	100644	fad34f3af32e3845ff128fe2beaff94e67e14062	adapt-upstream-for-musuw		fixed-target path is present with Musuw product/runtime adaptation
frontend/src/views/chat/components/ChatMemoryStep.vue	-	A	100644	27cc324953732b6880e714dbe70a0f1e6273b349	adopt-upstream-exact		fixed-target upstream-only content is byte-identical
frontend/src/views/chat/components/RagPipelineProgress.style.test.mjs	M	M	100644	2e7ceabcafa7f1a75720afeee24e3c565379ff9d	compose-three-way		overlap review composed target capability with Musuw product semantics at the existing owner
frontend/src/views/chat/components/RagPipelineProgress.vue	M	M	100644	50f3e8de95903c339e65d037bbe7affefbbb4b83	compose-three-way		overlap review composed target capability with Musuw product semantics at the existing owner
frontend/src/views/chat/components/ToolResultRenderer.vue	-	M	100644	142abf9b0f83e97ce3f377c56f08c03bdddd18d4	adopt-upstream-exact		fixed-target upstream-only content is byte-identical
frontend/src/views/chat/components/answerToolbarCompletion.test.mjs	M	M	100644	198442742010bb8122945db462ad5769a0805abd	compose-three-way		overlap review composed target capability with Musuw product semantics at the existing owner
frontend/src/views/chat/components/botmsg.vue	M	M	100644	c8b43cdfe56a17e68ec9825299d7357f5061b556	compose-three-way		overlap review composed target capability with Musuw product semantics at the existing owner
frontend/src/views/chat/components/chatLinksNewTab.test.mjs	M	-	100644	d9c0bc77095c50d339d91cf48600b56fae62fe33	preserve-musuw-exact		audited local-only content is byte-identical
frontend/src/views/chat/components/chatVisualContract.test.mjs	A	-	100644	bcd44a53ae84508f6cdf61ca9c8c0c15e92f5689	preserve-musuw-exact		audited local-only content is byte-identical
frontend/src/views/chat/components/deepThink.vue	M	-	100644	a5c05b6f1766b367ed1feab1109d60391a70c35a	preserve-musuw-exact		audited local-only content is byte-identical
frontend/src/views/chat/components/docInfo.style.test.mjs	M	-	100644	10a0ebd31d7efcab9d2c88979f84556fb1acceaf	preserve-musuw-exact		audited local-only content is byte-identical
frontend/src/views/chat/components/docInfo.vue	M	-	100644	809ef416b2658f7fa7aa26be14382ea49c59005e	adapt-musuw-for-target		audited Musuw path retained and adapted at its existing owner for the target contract
frontend/src/views/chat/components/tool-results/ChunkDetail.vue	-	M	100644	f7ea7536b2cc923212c404e6c6e96ec33df3f31c	adopt-upstream-exact		fixed-target upstream-only content is byte-identical
frontend/src/views/chat/components/tool-results/DocumentInfo.vue	-	M	100644	8fe01dec2454cda4d999e723e46234a2e68d825f	adopt-upstream-exact		fixed-target upstream-only content is byte-identical
frontend/src/views/chat/components/tool-results/ReadSkillResult.vue	-	A	100644	b5c70b6fe1d3e4f3ca00d0a2677cdf0352d6b0a8	adopt-upstream-exact		fixed-target upstream-only content is byte-identical
frontend/src/views/chat/components/tool-results/SandboxFilesResult.vue	-	A	100644	fe9031a5e9b65c1f2bad6542a18b8591129c8757	adopt-upstream-exact		fixed-target upstream-only content is byte-identical
frontend/src/views/chat/components/tool-results/ShellExecResult.vue	-	A	100644	a70afe4dfa9afa6f212faa33acc1be81483282d3	adopt-upstream-exact		fixed-target upstream-only content is byte-identical
frontend/src/views/chat/components/tool-results/WikiEditResult.vue	M	-	100644	ce1b047e286b3fab8c309c3718b6138b204db8fd	preserve-musuw-exact		audited local-only content is byte-identical
frontend/src/views/chat/components/tool-results/WriteSandboxFileResult.vue	-	A	100644	c0cbc4e02cb7a78bfeadbcd2383b2e58386cab28	adopt-upstream-exact		fixed-target upstream-only content is byte-identical
frontend/src/views/chat/components/tool-results/tool-results.less	M	-	100644	38e9b77552bef58b26c6755e8528ae4ca7a469a8	preserve-musuw-exact		audited local-only content is byte-identical
frontend/src/views/chat/components/usermsg.vue	M	M	100644	fa8b6d4b701f8840703eccbbdaae329d161db8fb	compose-three-way		overlap review composed target capability with Musuw product semantics at the existing owner
frontend/src/views/chat/index.vue	M	M	100644	60f23f227bb445df213994569db6285c5a28eb3e	compose-three-way		overlap review composed target capability with Musuw product semantics at the existing owner
frontend/src/views/creatChat/creatChat.vue	M	-	100644	362285f8917902d6aeda2aee3a345934289489f0	adapt-musuw-for-target		audited Musuw path retained and adapted at its existing owner for the target contract
frontend/src/views/dev/MarkdownTestPage.vue	-	M	100644	72e565a41e6548617184dfdd27f2feef6d580106	adapt-upstream-for-musuw		fixed-target path is present with Musuw product/runtime adaptation
frontend/src/views/embed/EmbedChatCore.vue	-	M	100644	9b35394dab0cb71a4113410cbfb274b32f411974	adapt-upstream-for-musuw		fixed-target path is present with Musuw product/runtime adaptation
frontend/src/views/integrations/ApiIntegrationSettings.vue	M	M	100644	f60c4e8e3c6bab19a056aff8a4aeeb6c002c58cb	compose-three-way		overlap review composed target capability with Musuw product semantics at the existing owner
frontend/src/views/integrations/ChromeExtensionLanding.vue	-	M	100644	79801388a2edb701e789b23c3bd8e1c9aa27a29e	adopt-upstream-exact		fixed-target upstream-only content is byte-identical
frontend/src/views/integrations/ClawSkillLanding.vue	-	M	100644	064c29aab3a8485dff298c4a1560c03bb1df6094	adopt-upstream-exact		fixed-target upstream-only content is byte-identical
frontend/src/views/integrations/IntegrationSettingsSection.vue	M	-	100644	08c0c4a5da3342e0a4305ecb6ff8b7be9621b638	adapt-musuw-for-target		audited Musuw path retained and adapted at its existing owner for the target contract
frontend/src/views/integrations/apiKeyScope.test.ts	-	A	100644	47a54c217cdeeb59f36c33b4c8f708ca453d07ea	adopt-upstream-exact		fixed-target upstream-only content is byte-identical
frontend/src/views/integrations/apiKeyScope.ts	-	A	100644	b4183967c75e85869a4ccc1c92a8ea6717354a0c	adopt-upstream-exact		fixed-target upstream-only content is byte-identical
frontend/src/views/integrations/apiPlaygroundSSE.test.ts	-	A	100644	524df8f458e187fbc33e36c029e19caeedfec32a	adopt-upstream-exact		fixed-target upstream-only content is byte-identical
frontend/src/views/integrations/apiPlaygroundSSE.ts	-	A	100644	09f2a4eb231025f0e871e6cd034bf468905540be	adopt-upstream-exact		fixed-target upstream-only content is byte-identical
frontend/src/views/knowledge/KnowledgeBase.test.mjs	A	-	100644	b26b6ab6529e0b25b87f3f9e0aa8a85d59b096b6	adapt-musuw-for-target		audited Musuw path retained and adapted at its existing owner for the target contract
frontend/src/views/knowledge/KnowledgeBase.vue	M	M	100644	a4867c80cfd815d62ff873e9dbd2184cb74f05e2	compose-three-way		Native controller remains the upload authority; the Musuw view renders its persistent upload progress and file results outside the document list, plus immediate detail/list loading and error feedback; directory expansion opens direct documents and child folders, sidebar and folder entries share deletion confirmation, and retained previous-folder content is inert until navigation succeeds
frontend/src/views/knowledge/KnowledgeBaseCreateVisibleStrategy.test.mjs	A	-	100644	2e17dfe3cd3557073b39690eebe4cf95f132b15c	adapt-musuw-for-target		audited Musuw path retained and adapted at its existing owner for the target contract
frontend/src/views/knowledge/KnowledgeBaseDuplicateNativeCopy.test.mjs	A	-	100644	2ec7f9e5e18d40cd25c80d127737bbd78e1543a9	preserve-musuw-exact		audited local-only content is byte-identical
frontend/src/views/knowledge/KnowledgeBaseEditorModal.consumerScene.test.mjs	A	-	100644	226b4d56d562bc7ad1e1232ea982546f4e09554e	adapt-musuw-for-target		audited Musuw path retained and adapted at its existing owner for the target contract
frontend/src/views/knowledge/KnowledgeBaseEditorModal.test.mjs	M	-	100644	e9ff8bcafb642e9d962e8c8f4e9a32ea338e9e47	adapt-musuw-for-target		audited Musuw path retained and adapted at its existing owner for the target contract
frontend/src/views/knowledge/KnowledgeBaseEditorModal.vue	M	M	100644	79c1944559fcc82959e2e419c7727909d3ab4276	compose-three-way		overlap review composed target capability with Musuw product semantics at the existing owner
frontend/src/views/knowledge/KnowledgeBaseList.test.mjs	A	-	100644	7f51b729ab6ead97a533d8d2edbf55d7eef19894	adapt-musuw-for-target		audited Musuw path retained and adapted at its existing owner for the target contract
frontend/src/views/knowledge/KnowledgeBaseList.visual-contract.test.mjs	A	-	100644	84505b87b88063a4314dc85e167ffa771ae69b13	preserve-musuw-exact		audited local-only content is byte-identical
frontend/src/views/knowledge/KnowledgeBaseList.vue	M	-	100644	67efde76b0b006f1a855fc30da13bcb7fbfd8408	adapt-musuw-for-target		audited Musuw path retained and adapted at its existing owner for the target contract
frontend/src/views/knowledge/KnowledgeBaseReferenceNavigation.test.ts	-	A	100644	90df166fec7d22590c42e9828dfd7514dadc11c6	adapt-upstream-for-musuw		fixed-target path is present with Musuw product/runtime adaptation
frontend/src/views/knowledge/components/BatchTagDialog.test.ts	M	-	100644	3ed7f1be6897c8509ba30bab7bd5ae5a6609c070	preserve-musuw-exact		audited local-only content is byte-identical
frontend/src/views/knowledge/components/BatchTagDialog.vue	M	-	100644	c3ebb1dbcf6da710b5ab59d8ff8350143aab3ccf	preserve-musuw-exact		audited local-only content is byte-identical
frontend/src/views/knowledge/components/DocumentActionMenu.vue	M	M	100644	1bdb7a3066ccbd3e31a359f57913a9b3b386e44d	compose-three-way		overlap review composed target capability with Musuw product semantics at the existing owner
frontend/src/views/knowledge/components/DocumentBatchBar.test.mjs	A	-	100644	2abd05bfd3343e6909dc8fb5adde53622048f16a	preserve-musuw-exact		audited local-only content is byte-identical
frontend/src/views/knowledge/components/DocumentBatchBar.vue	M	-	100644	1ed0290db98735d89b1bafdc160d062360470204	adapt-musuw-for-target		audited Musuw path retained and adapted at its existing owner for the target contract
frontend/src/views/knowledge/components/DocumentCardView.vue	M	M	100644	05ae1435773986ccb9ca72d0f818f7193d12b581	compose-three-way		overlap review composed target capability with Musuw product semantics at the existing owner
frontend/src/views/knowledge/components/DocumentListView.vue	M	M	100644	7ac0c09de26e5b5b6ef854b8a2dc9f0ac31ea484	compose-three-way		overlap review composed target capability with Musuw product semantics at the existing owner
frontend/src/views/knowledge/components/FAQBatchActions.test.ts	-	A	100644	727202d83934fa7419db9a427f0824b7ec86380a	adopt-upstream-exact		fixed-target upstream-only content is byte-identical
frontend/src/views/knowledge/components/FAQBatchBar.vue	-	A	100644	496c43a9a71b05ac93504174fe073c7a6996467a	adopt-upstream-exact		fixed-target upstream-only content is byte-identical
frontend/src/views/knowledge/components/FAQEntryManager.vue	M	M	100644	094cfd5baa3ba1e6303231be80bfcaa32646dee9	compose-three-way		overlap review composed target capability with Musuw product semantics at the existing owner
frontend/src/views/knowledge/components/FolderPickerMenu.vue	M	-	100644	ab36e3a6d90fc7fb79cb32dd8de63349882f02c1	adapt-musuw-for-target		audited Musuw path retained and adapted at its existing owner for the target contract
frontend/src/views/knowledge/components/KbFolderTree.test.ts	M	M	100644	dcb746e978ebac118347174815d32e2453221a7b	compose-three-way		overlap review composed target capability with Musuw product semantics at the existing owner
frontend/src/views/knowledge/components/KbFolderTree.vue	M	-	100644	6fa97b6343798fec8416a5e86de7ad4beba49e32	adapt-musuw-for-target		audited Musuw path retained and adapted at its existing owner for the target contract
frontend/src/views/knowledge/components/KbTagManageDrawer.vue	M	-	100644	228cff1cb39d5c7b115cd440e24f547655b7e529	adapt-musuw-for-target		audited Musuw path retained and adapted at its existing owner for the target contract
frontend/src/views/knowledge/components/KbUploadSourceDropdown.share-input.test.mjs	A	-	100644	4234be6efd7ac9f75d6dc97f2e263d9a77ee027f	adapt-musuw-for-target		audited Musuw path retained and adapted at its existing owner for the target contract
frontend/src/views/knowledge/components/KbUploadSourceDropdown.vue	M	-	100644	9eac00f81598dde5d59466b79a937a293ff72327	adapt-musuw-for-target		audited Musuw path retained and adapted at its existing owner for the target contract
frontend/src/views/knowledge/components/KnowledgeBaseListReferenceCard.test.mjs	A	-	100644	3321ce0ad12351563ea8853b32e59136174658b9	preserve-musuw-exact		audited local-only content is byte-identical
frontend/src/views/knowledge/components/KnowledgeBaseListReferenceCard.vue	A	-	100644	9773f2757924d4617e823ca55fa96b947f1ae432	adapt-musuw-for-target		audited Musuw path retained and adapted at its existing owner for the target contract
frontend/src/views/knowledge/components/TagEditDialog.test.ts	M	-	100644	04a93c89bd54bbb425a0e1d4414f98ad3d8a6ef5	preserve-musuw-exact		audited local-only content is byte-identical
frontend/src/views/knowledge/components/TagEditDialog.vue	M	-	100644	979f98c3d75a409492bf3c17e4c08eea46c1106f	preserve-musuw-exact		audited local-only content is byte-identical
frontend/src/views/knowledge/components/UploadConfirmDialog.test.ts	M	-	100644	31f6f3cf9fb591c2237d70b4b6e7f7c729e74d5d	preserve-musuw-exact		audited local-only content is byte-identical
frontend/src/views/knowledge/components/UrlImportPolicy.test.mjs	A	-	100644	0cba84b372a04d280809e3bc20bc8267b34de28c	adapt-musuw-for-target		audited Musuw path retained and adapted at its existing owner for the target contract
frontend/src/views/knowledge/knowledgeDownloadFileName.test.ts	-	A	100644	18dee61dcca980cf1509cdeeafd8f6b32c2700a0	adopt-upstream-exact		fixed-target upstream-only content is byte-identical
frontend/src/views/knowledge/knowledgeDownloadFileName.ts	-	A	100644	08ceb8ceead50d07e25cfd4fc8780e4cc21e1545	adopt-upstream-exact		fixed-target upstream-only content is byte-identical
frontend/src/views/knowledge/liteFaqVisibility.test.mjs	A	-	100644	29dc0be0114632a11f507f8886e9547f0e23bc85	adapt-musuw-for-target		audited Musuw path retained and adapted at its existing owner for the target contract
frontend/src/views/knowledge/settings/DataSourceEditorDialog.vue	-	M	100644	10d8b6c312a9e17999e5e7f6c645010916b3e056	adapt-upstream-for-musuw		fixed-target path is present with Musuw product/runtime adaptation
frontend/src/views/knowledge/settings/DataSourceSettings.vue	-	M	100644	d8ed8ed5ae09f6596cb1c3cf45e5793d16cfd943	adopt-upstream-exact		fixed-target upstream-only content is byte-identical
frontend/src/views/knowledge/settings/DataSourceTypeIcon.vue	-	M	100644	a3cf664a6036c78887856bf33bf943435de5e22d	adopt-upstream-exact		fixed-target upstream-only content is byte-identical
frontend/src/views/knowledge/settings/GraphSettings.vue	M	-	100644	f919f75d5078d3e9e3c8e907e8d85f898140e5b8	preserve-musuw-exact		audited local-only content is byte-identical
frontend/src/views/knowledge/settings/KBAdvancedSettings.vue	-	M	100644	524648a7b39c7d0ea345aff7c35100f238f0a806	adapt-upstream-for-musuw		fixed-target path is present with Musuw product/runtime adaptation
frontend/src/views/knowledge/settings/KBModelConfig.vue	M	M	100644	d1fe3c14df057ef552fb23be03d65f548baa68f2	compose-three-way		overlap review composed target capability with Musuw product semantics at the existing owner
frontend/src/views/knowledge/settings/KBParserSettings.vue	-	M	100644	2a8ee26e145de9f03597fcafb9d69ff3dc61fa35	adopt-upstream-exact		fixed-target upstream-only content is byte-identical
frontend/src/views/knowledge/settings/chunkingSamples.ts	M	-	100644	8015022a07e3477b08a225d4189c0fcc6f94e356	adapt-musuw-for-target		audited Musuw path retained and adapted at its existing owner for the target contract
frontend/src/views/knowledge/settings/datasourceIcons.ts	-	M	100644	fed001b9737d9157b8aac411e0858cdda6f94e91	adopt-upstream-exact		fixed-target upstream-only content is byte-identical
frontend/src/views/knowledge/utils/uploadSources.ts	M	-	100644	32bdea592caf743590f135b793679fd408efe336	adapt-musuw-for-target		audited Musuw path retained and adapted at its existing owner for the target contract
frontend/src/views/knowledge/wiki/WikiBrowser.vue	M	M	100644	032b23d6e982af580419aaa7fc8fbf41d4674513	compose-three-way		overlap review composed target capability with Musuw product semantics at the existing owner
frontend/src/views/knowledge/wiki/WikiRevisionDrawer.vue	M	-	100644	ad87842ea929a642f6001bcf5c97ced49ab17cf5	preserve-musuw-exact		audited local-only content is byte-identical
frontend/src/views/knowledge/wiki/graph/ObsidianGraphSettingsPanel.vue	A	-	100644	459e1215ca0e2c5f55314b9a14ed838bfc909a62	adapt-musuw-for-target		audited Musuw path retained and adapted at its existing owner for the target contract
frontend/src/views/knowledge/wiki/graph/g6WikiGraphRenderer.test.ts	A	-	100644	33be2a40dd4aa02137c265be783ceda0fa011fcd	preserve-musuw-exact		audited local-only content is byte-identical
frontend/src/views/knowledge/wiki/graph/g6WikiGraphRenderer.ts	A	-	100644	066f99f3a08680887a4efd7b013ca8ae293b2d0a	preserve-musuw-exact		audited local-only content is byte-identical
frontend/src/views/knowledge/wiki/graph/obsidianForce.worker.ts	A	-	100644	4f4fc5e947dc8223975a0184a63f2319dc270f02	adapt-musuw-for-target		audited Musuw path retained and adapted at its existing owner for the target contract
frontend/src/views/knowledge/wiki/graph/obsidianGraphSettings.test.ts	A	-	100644	aab802e68832161204655c780225c31cc67453ac	preserve-musuw-exact		audited local-only content is byte-identical
frontend/src/views/knowledge/wiki/graph/obsidianGraphSettings.ts	A	-	100644	120683f6596665a346ce56dccb63c6273aa2a022	adapt-musuw-for-target		audited Musuw path retained and adapted at its existing owner for the target contract
frontend/src/views/knowledge/wiki/graph/obsidianGraphWorkerProtocol.test.ts	A	-	100644	0341f767a1081ab208cbc4bc3cffd457d295764b	adapt-musuw-for-target		audited Musuw path retained and adapted at its existing owner for the target contract
frontend/src/views/knowledge/wiki/graph/obsidianGraphWorkerProtocol.ts	A	-	100644	2eddb8242092a1a0b13fe7d2e318aaa5d151880e	adapt-musuw-for-target		audited Musuw path retained and adapted at its existing owner for the target contract
frontend/src/views/knowledge/wiki/graph/obsidianNativeGraphContract.test.ts	A	-	100644	fdc9efb2baa9949d5dd1f287268bcf1e22a28d6a	adapt-musuw-for-target		audited Musuw path retained and adapted at its existing owner for the target contract
frontend/src/views/knowledge/wiki/graph/obsidianNativeGraphContract.ts	A	-	100644	4e1020fdff401364b027ab88f95896ea3ae22b47	adapt-musuw-for-target		audited Musuw path retained and adapted at its existing owner for the target contract
frontend/src/views/knowledge/wiki/graph/obsidianWikiGraphRenderer.ts	A	-	100644	474ad6332530347886c941aee4f218e185fa78d6	adapt-musuw-for-target		audited Musuw path retained and adapted at its existing owner for the target contract
frontend/src/views/knowledge/wiki/graph/obsidianWikiGraphRendererInteraction.test.ts	A	-	100644	75a7f34c3df2b13cbd230b07dfc455682ddb34d1	adapt-musuw-for-target		audited Musuw path retained and adapted at its existing owner for the target contract
frontend/src/views/knowledge/wiki/graph/sigmaWikiGraphRenderer.ts	A	-	100644	faa7130ea0455e149411abb0d0195a0ffa912692	preserve-musuw-exact		audited local-only content is byte-identical
frontend/src/views/knowledge/wiki/graph/threeWikiGraphRenderer.ts	A	-	100644	42ae3a18b76141b7d752df50297d400ade9f358e	preserve-musuw-exact		audited local-only content is byte-identical
frontend/src/views/knowledge/wiki/graph/weknoraGraphTheme.ts	A	-	100644	78f2685545a0fd9245611254d3093e089af9b395	preserve-musuw-exact		audited local-only content is byte-identical
frontend/src/views/knowledge/wiki/graph/weknoraNativeWikiGraphRenderer.ts	A	-	100644	a694c01864479f44ae2c6b3dfabb41965cc7ba1b	preserve-musuw-exact		audited local-only content is byte-identical
frontend/src/views/knowledge/wiki/graph/wikiGraphRenderer.test.ts	A	-	100644	1a943a7d92942cc69b420d828501a423d4604cc1	adapt-musuw-for-target		audited Musuw path retained and adapted at its existing owner for the target contract
frontend/src/views/knowledge/wiki/graph/wikiGraphRenderer.ts	A	-	100644	958086837a8f5082dbba05a271c98c3e11b93bd1	adapt-musuw-for-target		audited Musuw path retained and adapted at its existing owner for the target contract
frontend/src/views/knowledge/wiki/graph/wikiGraphUiContract.test.ts	A	-	100644	548097b60ec5fcb47b9649480eed9436085322b9	adapt-musuw-for-target		audited Musuw path retained and adapted at its existing owner for the target contract
frontend/src/views/knowledge/wiki/wikiGraphData.test.ts	A	-	100644	3267213d49717a8109f085d1f49bd4d0aac5a691	preserve-musuw-exact		audited local-only content is byte-identical
frontend/src/views/knowledge/wiki/wikiGraphData.ts	A	-	100644	5c7d21dade4c144208b1f4d155d7992be13c109c	preserve-musuw-exact		audited local-only content is byte-identical
frontend/src/views/organization/OrganizationList.vue	-	M	100644	8956b817c605758212ef8c1de67519f2f1f6243a	adopt-upstream-exact		fixed-target upstream-only content is byte-identical
frontend/src/views/organization/OrganizationSettingsModal.vue	-	M	100644	02aabdca91dd33e5b09ee4dff28e78f4fb3a548d	adopt-upstream-exact		fixed-target upstream-only content is byte-identical
frontend/src/views/platform/collectDroppedFiles.test.ts	-	A	100644	10d2c11ff0867360fab9a774161455b244cc8735	adopt-upstream-exact		fixed-target upstream-only content is byte-identical
frontend/src/views/platform/collectDroppedFiles.ts	-	A	100644	dee556a9047fd9520ffb520301a628617fba9988	adopt-upstream-exact		fixed-target upstream-only content is byte-identical
frontend/src/views/platform/index.vue	M	M	100644	b7476b5d28ea173f636e78895da68de26a356e57	compose-three-way		overlap review composed target capability with Musuw product semantics at the existing owner
frontend/src/views/settings/EnvVarSettings.vue	-	A	100644	c5ae02808469ef725306b22de3bc9af10e756f67	adopt-upstream-exact		fixed-target upstream-only content is byte-identical
frontend/src/views/settings/GeneralSettings.vue	M	-	100644	57707f5389795c514dc73c5e23be8d87cb8dc578	adapt-musuw-for-target		audited Musuw path retained and adapted at its existing owner for the target contract
frontend/src/views/settings/McpSettings.vue	M	-	100644	a72ce2dd0eade8b3b7ea50e04fc704563e809a72	preserve-musuw-exact		audited local-only content is byte-identical
frontend/src/views/settings/MemorySettings.vue	-	A	100644	6bf4509434b01e146e50394549c55ff8a2c0fa27	adapt-upstream-for-musuw		fixed-target path is present with Musuw product/runtime adaptation
frontend/src/views/settings/MemoryWorkspaceSettings.vue	-	A	100644	2db63e6731f12ca6923183f3bef9a42758ad1e1a	adapt-upstream-for-musuw		fixed-target path is present with Musuw product/runtime adaptation
frontend/src/views/settings/ModelSettings.consumerScene.test.mjs	A	-	100644	e45a8e7595cb87e35b919e011efd601fe89653b3	preserve-musuw-exact		audited local-only content is byte-identical
frontend/src/views/settings/ModelSettings.vue	M	M	100644	ba50b3cfac06190ac953808cefae3920b161364a	compose-three-way		overlap review composed target capability with Musuw product semantics at the existing owner
frontend/src/views/settings/ParserEngineSettings.vue	-	M	100644	d0c6739ca6d8148b99ab2745a491af028e093de3	adopt-upstream-exact		fixed-target upstream-only content is byte-identical
frontend/src/views/settings/SandboxSettings.vue	-	A	100644	3adbd9a9b3bae1ad56771c58c427e71a71fe340a	adopt-upstream-exact		fixed-target upstream-only content is byte-identical
frontend/src/views/settings/Settings.vue	M	M	100644	62e10d4e2e0b3e163ae78f9889baf1b0dc4fe365	compose-three-way		overlap review composed target capability with Musuw product semantics at the existing owner
frontend/src/views/settings/SkillSettings.test.mjs	-	A	100644	f76dba368fab3ad604b5972150fa538e7c976972	adopt-upstream-exact		fixed-target upstream-only content is byte-identical
frontend/src/views/settings/SkillSettings.vue	-	A	100644	7335a53ef9f8a1cc03845e134fabbad7fe1d4cff	adopt-upstream-exact		fixed-target upstream-only content is byte-identical
frontend/src/views/settings/StorageBackendSettings.vue	M	-	100644	d9f28ef8a3741e67c23f19517018387aa6722ddb	preserve-musuw-exact		audited local-only content is byte-identical
frontend/src/views/settings/SystemInfo.vue	M	-	100644	2661d8c6eba5177b63f871673c88594750de8063	preserve-musuw-exact		audited local-only content is byte-identical
frontend/src/views/settings/TenantInfo.vue	M	-	100644	cf9f692c8ef5904f34abceac3c167c0749a75b4a	preserve-musuw-exact		audited local-only content is byte-identical
frontend/src/views/settings/TenantMembers.vue	M	M	100644	25b7b9300fb98cff37e575d6cd95792c8c4bcb55	compose-three-way		overlap review composed target capability with Musuw product semantics at the existing owner
frontend/src/views/settings/UsageBillingSettings.vue	A	-	100644	a31e136e28727c6f20fa6800f4817827a2d09dfc	adapt-musuw-for-target		audited Musuw path retained and adapted at its existing owner for the target contract
frontend/src/views/settings/UserProfile.vue	M	M	100644	0935450bd0b1878acb573f2adac76e993982e6d0	compose-three-way		overlap review composed target capability with Musuw product semantics at the existing owner
frontend/src/views/settings/WeKnoraCloudSettings.vue	M	-	100644	2a726032bef7123d274ff56c94216322cfbabbe8	preserve-musuw-exact		audited local-only content is byte-identical
frontend/src/views/settings/components/McpServiceDialog.vue	M	-	100644	f5204e83c506fc1845d0ab33beb814a3324c6757	adapt-musuw-for-target		audited Musuw path retained and adapted at its existing owner for the target contract
frontend/src/views/settings/components/VisualSettingsShell.vue	A	-	100644	7684d863be7b50eebf7ab842d24bc06abc7fd80a	preserve-musuw-exact		audited local-only content is byte-identical
frontend/src/views/settings/envVarState.test.ts	-	A	100644	c95f59ac40f96c4cf7dd85782002f53316c09467	adopt-upstream-exact		fixed-target upstream-only content is byte-identical
frontend/src/views/settings/envVarState.ts	-	A	100644	04072c70fa2e106df42bab7dfa51e048828745b3	adopt-upstream-exact		fixed-target upstream-only content is byte-identical
frontend/src/views/settings/generalEntitlementCredits.test.mjs	A	-	100644	2ee1374f2f0d2d24436b1fdf199a5f2c380d3a8d	adapt-musuw-for-target		audited Musuw path retained and adapted at its existing owner for the target contract
frontend/src/views/settings/mcpVisualContract.test.mjs	A	-	100644	d2563658be33cc9ca373ce6610b5556ca4a23b77	adapt-musuw-for-target		audited Musuw path retained and adapted at its existing owner for the target contract
frontend/src/views/settings/providerLogos.ts	-	M	100644	53ed76771da57a549de3a976b9730b908afecad0	adopt-upstream-exact		fixed-target upstream-only content is byte-identical
frontend/src/views/settings/settingsNavigation.test.ts	A	-	100644	204ac7842935304408c94a7b5f473af65f9ea003	adapt-musuw-for-target		audited Musuw path retained and adapted at its existing owner for the target contract
frontend/src/views/settings/settingsNavigation.ts	A	-	100644	0c71b7bdfb12658fc518a39b765f89bb35f1eed9	preserve-musuw-exact		audited local-only content is byte-identical
frontend/src/views/settings/settingsPageHeader.test.mjs	A	-	100644	694ab118c7d72a0011283927e8060e6e358bf769	preserve-musuw-exact		audited local-only content is byte-identical
frontend/src/views/system/PlatformAPIKeys.vue	-	M	100644	0100e59d558fe996df239ee51dfa0cf6b2770522	adopt-upstream-exact		fixed-target upstream-only content is byte-identical
frontend/src/views/system/RuntimeQueues.vue	M	-	100644	74819e864d5e5f2cc9a4b1c0e2c67be16bdba5e0	adapt-musuw-for-target		audited Musuw path retained and adapted at its existing owner for the target contract
frontend/src/views/system/SystemSettings.consumerScene.test.mjs	A	-	100644	9d7e2bea5a258e3bbc342a5f169c8f326d1d8725	preserve-musuw-exact		audited local-only content is byte-identical
frontend/src/views/system/SystemSettings.vue	M	-	100644	9d1813997454812b09c0fe41846000a09e2537d9	preserve-musuw-exact		audited local-only content is byte-identical
frontend/tsconfig.app.json	M	-	100644	ed77fdee8aefcf6e5ee29cb7945eb3f291b20d18	preserve-musuw-exact		audited local-only content is byte-identical
frontend/vite.config.ts	M	-	100644	a3c5096aa7af3375f2a5ab5e999c32cc87500a4b	adapt-musuw-for-target		audited Musuw path retained and adapted at its existing owner for the target contract
go.mod	M	M	100644	41878c27218e453ec268cce06fefc25048ef27ca	compose-three-way		overlap review composed target capability with Musuw product semantics at the existing owner
go.sum	M	M	100644	690884ec91252c905c037bf4907e8829c9b299fa	compose-three-way		overlap review composed target capability with Musuw product semantics at the existing owner
internal/agent/act.go	-	M	100644	0072ff1f0a5f66992491c6f59245173c4de17b63	adopt-upstream-exact		fixed-target upstream-only content is byte-identical
internal/agent/const.go	-	M	100644	a0c8c7bac17ba8f71bebde5bc0b3aa8b09a4d8f1	adapt-upstream-for-musuw		fixed-target path is present with Musuw product/runtime adaptation
internal/agent/const_test.go	-	A	100644	b347cde7601c2e7ce6efd221b393433d7bded40d	adopt-upstream-exact		fixed-target upstream-only content is byte-identical
internal/agent/engine.go	M	M	100644	242bd3a15144ce375971a92d85f7714bec37f548	compose-three-way		overlap review composed target capability with Musuw product semantics at the existing owner
internal/agent/engine_memory_test.go	-	A	100644	db1a00aa095ec32d6af35a12b2b0490e0e90c7c5	adopt-upstream-exact		fixed-target upstream-only content is byte-identical
internal/agent/engine_test.go	-	M	100644	5823ff88ed2d561129df8ab2215163e670854f2c	adopt-upstream-exact		fixed-target upstream-only content is byte-identical
internal/agent/finalize.go	M	M	100644	e0cbba26b8c65e8a2511e63d9cc029e6bf895f22	compose-three-way		overlap review composed target capability with Musuw product semantics at the existing owner
internal/agent/observe.go	M	M	100644	66ad7b245e98ec6242697d38be4da6238a3fb806	compose-three-way		overlap review composed target capability with Musuw product semantics at the existing owner
internal/agent/observe_test.go	-	M	100644	e920358030fbc54c3704d1395ab7c4a546331b1f	adopt-upstream-exact		fixed-target upstream-only content is byte-identical
internal/agent/prompts.go	-	M	100644	80d158d3514992456748c9052383866ac727dbef	adopt-upstream-exact		fixed-target upstream-only content is byte-identical
internal/agent/prompts_shell_test.go	-	A	100644	8a1fb68234efaff3f463f7bc8b9cd1342375f4ee	adopt-upstream-exact		fixed-target upstream-only content is byte-identical
internal/agent/prompts_wiki.go	M	-	100644	6221a9a07334294b3c40cb6192f4b6cf695d4dc3	preserve-musuw-exact		audited local-only content is byte-identical
internal/agent/skills/env_resolver.go	-	A	100644	41a20ee0ec87eb0bbacfb2f9339017663fad285a	adopt-upstream-exact		fixed-target upstream-only content is byte-identical
internal/agent/skills/env_resolver_test.go	-	A	100644	b749ae02aa912f6378425d039663b7b01be9f9db	adopt-upstream-exact		fixed-target upstream-only content is byte-identical
internal/agent/skills/manager.go	-	M	100644	b88187e593d74967c49ee9ec0dd4fac65455afa1	adopt-upstream-exact		fixed-target upstream-only content is byte-identical
internal/agent/skills/skill.go	-	M	100644	550dd8463420c19fc7672de6d3dc68b6a9e1f9e9	adopt-upstream-exact		fixed-target upstream-only content is byte-identical
internal/agent/skills/skill_frontmatter.go	-	A	100644	1f3819b41198477a8b29134a866f55ccdb8beef2	adopt-upstream-exact		fixed-target upstream-only content is byte-identical
internal/agent/skills/skill_frontmatter_test.go	-	A	100644	495d547147c04d28041bbe613cd22dd2e8ca0e80	adopt-upstream-exact		fixed-target upstream-only content is byte-identical
internal/agent/skills/skills_test.go	-	M	100644	cb2a4cf2c5eb1549ef03f090e737a44524714b99	adopt-upstream-exact		fixed-target upstream-only content is byte-identical
internal/agent/skills/source.go	-	A	100644	cce99245335d2969294df76da457d7d35d53812b	adopt-upstream-exact		fixed-target upstream-only content is byte-identical
internal/agent/skills/tenant_source.go	-	A	100644	bf0098160fc37b648e4768f4b3b8c49f4b41b6a6	adopt-upstream-exact		fixed-target upstream-only content is byte-identical
internal/agent/skills/tenant_source_test.go	-	A	100644	05dc426ea40a2e0d963c69aab2dc8db685689710	adopt-upstream-exact		fixed-target upstream-only content is byte-identical
internal/agent/skills/testdata/skillhub_nested_name.md	-	A	100644	cbffce5db5bee5d8a441c727cdf6bebd0a1fdd3d	adopt-upstream-exact		fixed-target upstream-only content is byte-identical
internal/agent/think.go	M	M	100644	31fe5a0b95fbbc57fa64abdb759a5c2eac847286	compose-three-way		overlap review composed target capability with Musuw product semantics at the existing owner
internal/agent/tools/data_analysis_test.go	-	M	100644	a809c74f00b515c174c8cda68be88589d6a327c3	adopt-upstream-exact		fixed-target upstream-only content is byte-identical
internal/agent/tools/definitions.go	-	M	100644	71803ecfe99eb7d600978077ba22514b2ec23709	adopt-upstream-exact		fixed-target upstream-only content is byte-identical
internal/agent/tools/knowledge_search.go	-	M	100644	a89f8cbdc276e01e6e46019858fa2c7bc3a4aad0	adopt-upstream-exact		fixed-target upstream-only content is byte-identical
internal/agent/tools/knowledge_search_mmr_test.go	-	A	100644	c0f3516c89e7633562caef2a9ba4e9385a96177e	adopt-upstream-exact		fixed-target upstream-only content is byte-identical
internal/agent/tools/knowledge_search_rerank_test.go	-	M	100644	c64fccce5eb31e9715b50c15d01de575f857abe3	adopt-upstream-exact		fixed-target upstream-only content is byte-identical
internal/agent/tools/persist.go	-	M	100644	eaf14d28430588c42c5cecf7bb085bad66d52155	adopt-upstream-exact		fixed-target upstream-only content is byte-identical
internal/agent/tools/persist_test.go	-	M	100644	09f6996442a1ed3a58dc6be8a6b92650cd3612d1	adopt-upstream-exact		fixed-target upstream-only content is byte-identical
internal/agent/tools/python_syntax.go	-	A	100644	ce82f9d8a14357c4de8e09065dadd0537a05694b	adopt-upstream-exact		fixed-target upstream-only content is byte-identical
internal/agent/tools/python_syntax_test.go	-	A	100644	876d0bc6612c35fa0b27e713e02a7ec0df65256c	adopt-upstream-exact		fixed-target upstream-only content is byte-identical
internal/agent/tools/registry.go	M	M	100644	47810a9cd288698a184c8b2cd647492c8606ab7a	compose-three-way		overlap review composed target capability with Musuw product semantics at the existing owner
internal/agent/tools/sandbox_edit.go	-	A	100644	e7d34dd3c21f3f8c3f55a2f3bae78178f9f6701f	adopt-upstream-exact		fixed-target upstream-only content is byte-identical
internal/agent/tools/sandbox_edit_test.go	-	A	100644	dfcbbef6267c03d5ac1b72f48ae29740acbc0bf8	adopt-upstream-exact		fixed-target upstream-only content is byte-identical
internal/agent/tools/sandbox_ls.go	-	A	100644	38e73bd2a39845466daf90f76a0529bc5f441128	adopt-upstream-exact		fixed-target upstream-only content is byte-identical
internal/agent/tools/sandbox_read.go	-	A	100644	06f7e9aa1dd912c514d0b714447f89fb8105a445	adopt-upstream-exact		fixed-target upstream-only content is byte-identical
internal/agent/tools/sandbox_read_test.go	-	A	100644	c77dd34b3ab3d3b0f9c81183155b2ba00f336620	adopt-upstream-exact		fixed-target upstream-only content is byte-identical
internal/agent/tools/sandbox_write.go	-	A	100644	1de40aa60b486c8221984f16249b9e7f6bc0441e	adopt-upstream-exact		fixed-target upstream-only content is byte-identical
internal/agent/tools/sandbox_write_test.go	-	A	100644	7119e5ad624006132535599ead5b2e569594500d	adopt-upstream-exact		fixed-target upstream-only content is byte-identical
internal/agent/tools/search_conversations.go	-	A	100644	a6d36f56f20f3630bbc18d0c7ad511674423b21b	adopt-upstream-exact		fixed-target upstream-only content is byte-identical
internal/agent/tools/search_memory.go	-	A	100644	d58109a1dde6090689b6af7b961aef622d8848db	adopt-upstream-exact		fixed-target upstream-only content is byte-identical
internal/agent/tools/search_memory_test.go	-	A	100644	86fc2b30333041d76e74cff06f0be38d7104cbdf	adopt-upstream-exact		fixed-target upstream-only content is byte-identical
internal/agent/tools/shell_env_extract.go	-	A	100644	4ca3171e4725b933b0c0f9e8002510fa15736184	adopt-upstream-exact		fixed-target upstream-only content is byte-identical
internal/agent/tools/shell_env_extract_test.go	-	A	100644	aae72e5b74d9cd734f37e90b2ba696d1fc43bf6e	adopt-upstream-exact		fixed-target upstream-only content is byte-identical
internal/agent/tools/shell_exec.go	-	A	100644	bba36e7bf58e1c4f5d03d71aa6481a533a88a2c4	adopt-upstream-exact		fixed-target upstream-only content is byte-identical
internal/agent/tools/shell_exec_test.go	-	A	100644	0944a5af4698acabdc2d98f963a966e76b4640f6	adopt-upstream-exact		fixed-target upstream-only content is byte-identical
internal/agent/tools/skill_execute.go	-	M	100644	24e5fcfd57ddad02150d63b8cb203f39e831445c	adopt-upstream-exact		fixed-target upstream-only content is byte-identical
internal/agent/tools/skill_execute_test.go	-	A	100644	2b38fa13b0d2f593c0e7aad9bab99a0c85c50ddb	adopt-upstream-exact		fixed-target upstream-only content is byte-identical
internal/agent/tools/skill_read.go	-	M	100644	b80a0879f58dc04b0a8c2ca977804bfc08a67eb0	adopt-upstream-exact		fixed-target upstream-only content is byte-identical
internal/agent/tools/skill_read_environment_test.go	-	A	100644	7c6e70961b795b54f6c5f5254244a25a044ab16b	adopt-upstream-exact		fixed-target upstream-only content is byte-identical
internal/agent/tools/skill_read_path_test.go	-	A	100644	cabf91b0bd3c4f0a72e5402184afddae46705784	adopt-upstream-exact		fixed-target upstream-only content is byte-identical
internal/agent/tools/skill_runtime_guard.go	-	A	100644	2709c498925680d6f0e96d4b24de698f93aa86fc	adopt-upstream-exact		fixed-target upstream-only content is byte-identical
internal/agent/tools/skill_runtime_guard_test.go	-	A	100644	473cca761b1b0f3c5cb548b322ad3bf802396956	adopt-upstream-exact		fixed-target upstream-only content is byte-identical
internal/agent/tools/todo_write.go	M	-	100644	42c537c57f31fd588432f4eb3ef921a5943fd2a1	preserve-musuw-exact		audited local-only content is byte-identical
internal/agent/tools/tool_policy_coverage_test.go	-	M	100644	546a97c003e378345160505098a6641cf91b4035	adopt-upstream-exact		fixed-target upstream-only content is byte-identical
internal/agent/turn_usage_test.go	-	A	100644	195956b12f9452fb946821ac81c6cbf528803fb0	adopt-upstream-exact		fixed-target upstream-only content is byte-identical
internal/application/repository/account_erasure.go	A	-	100644	ce4b476767ce64edffb9f825a97744f254d69fae	adapt-musuw-for-target		audited Musuw path retained and adapted at its existing owner for the target contract
internal/application/repository/account_erasure_test.go	A	-	100644	e56c29474d866ad5720298094f20776eb95f4482	adapt-musuw-for-target		audited Musuw path retained and adapted at its existing owner for the target contract
internal/application/repository/chunk.go	-	M	100644	2037f6af6cb78e3f290eeadf8dc7a01debb181b6	adapt-upstream-for-musuw		fixed-target path is present with Musuw product/runtime adaptation
internal/application/repository/chunk_sqlite_test.go	-	M	100644	b08a7ad90cb8fb422dd1e9db66a896cdaa209c00	adapt-upstream-for-musuw		fixed-target path is present with Musuw product/runtime adaptation
internal/application/repository/custom_agent.go	-	M	100644	eab35e72717fe4af9b0347105f907eadc2cd776e	adopt-upstream-exact		fixed-target upstream-only content is byte-identical
internal/application/repository/datasource_repo.go	-	M	100644	c3b2f58e4dd1e571dddc43ecb7a34c53d198af60	adopt-upstream-exact		fixed-target upstream-only content is byte-identical
internal/application/repository/datasource_repo_test.go	-	M	100644	77ed065c34d81ff848c6e73849c054ba36df0136	adopt-upstream-exact		fixed-target upstream-only content is byte-identical
internal/application/repository/entitlement.go	A	-	100644	b90b0338aa2bdfcbcbca64d407f74c62d679196d	preserve-musuw-exact		audited local-only content is byte-identical
internal/application/repository/entitlement_test.go	A	-	100644	98e44dc962c82594b37fa5d68a179048bc6e1f71	preserve-musuw-exact		audited local-only content is byte-identical
internal/application/repository/knowledge.go	M	M	100644	2dd8b94e46b9f74ef99451529bfe77465fda7fed	compose-three-way		overlap review composed target capability with Musuw product semantics at the existing owner
internal/application/repository/knowledge_datasource_external_id_test.go	-	A	100644	24d33f9599d738714c4f5c63866eab1dd21ea37e	adopt-upstream-exact		fixed-target upstream-only content is byte-identical
internal/application/repository/knowledge_duplicate_test.go	M	-	100644	8f346251cc27be85d1cb8043cf79c0425545b78e	adapt-musuw-for-target		audited Musuw path retained and adapted at its existing owner for the target contract
internal/application/repository/knowledge_finalize_test.go	-	M	100644	0310854c385d13041902cf68b983864f58d12892	adapt-upstream-for-musuw		fixed-target path is present with Musuw product/runtime adaptation
internal/application/repository/knowledge_metadata_prefix_test.go	-	M	100644	5afafe5a8cbd589f0276478bb01ec2f293698e3f	adopt-upstream-exact		fixed-target upstream-only content is byte-identical
internal/application/repository/knowledge_span_repo.go	-	M	100644	c610f1e9dbc425e3cb8bd789eead547e285905a5	adopt-upstream-exact		fixed-target upstream-only content is byte-identical
internal/application/repository/knowledge_span_repo_test.go	-	M	100644	72b70adec4f1885bd7de3c8054f3b8c38fe9cb15	adopt-upstream-exact		fixed-target upstream-only content is byte-identical
internal/application/repository/knowledge_storage_atomic_test.go	A	-	100644	952eb79272d0dfa7824872324d9c408cfacfa8a7	adapt-musuw-for-target		audited Musuw path retained and adapted at its existing owner for the target contract
internal/application/repository/knowledge_tag.go	-	M	100644	66b147e806fa31a2b5fcc28195839b72b5eb9263	adopt-upstream-exact		fixed-target upstream-only content is byte-identical
internal/application/repository/knowledge_tag_test.go	-	M	100644	aea5a745379eb5d9642f5afaa0007c39ab9ca989	adopt-upstream-exact		fixed-target upstream-only content is byte-identical
internal/application/repository/knowledgebase_sqlite_test.go	-	M	100644	c6fdc87fe463b277f2f6762bee3caf138ec65570	adopt-upstream-exact		fixed-target upstream-only content is byte-identical
internal/application/repository/mcp_oauth_test.go	M	-	100644	d7ff3d1dcec086fa84f4ecb6e7d6b2d1bfa85f01	preserve-musuw-exact		audited local-only content is byte-identical
internal/application/repository/memory.go	-	A	100644	35d6850f4bc91f51af1e8570f47256412895bc54	adapt-upstream-for-musuw		fixed-target path is present with Musuw product/runtime adaptation
internal/application/repository/message.go	-	M	100644	455b82fadeda9a1659bc4f98239973c45b15ac2e	adopt-upstream-exact		fixed-target upstream-only content is byte-identical
internal/application/repository/message_owner_scope_test.go	-	A	100644	b4a29b9495d79cc27a3e13330710c1cc546f993f	adopt-upstream-exact		fixed-target upstream-only content is byte-identical
internal/application/repository/model_usage.go	-	M	100644	686b271ef9dde2348ce83bcecd4b57ebbcb94c71	adopt-upstream-exact		fixed-target upstream-only content is byte-identical
internal/application/repository/model_usage_test.go	-	M	100644	f8777a1705f19a769084792eebb0877207931903	adopt-upstream-exact		fixed-target upstream-only content is byte-identical
internal/application/repository/paddle_billing_operation.go	A	-	100644	0ddbe8f3be66163561adb134375d1f52ae752360	preserve-musuw-exact		audited local-only content is byte-identical
internal/application/repository/paddle_billing_operation_test.go	A	-	100644	efda9c3bd4abf53116bce6129676cd5c41a3d6a7	preserve-musuw-exact		audited local-only content is byte-identical
internal/application/repository/resource.go	-	M	100644	b3d724b73055698d3ab77792ca5ae5bf3d094ee9	adopt-upstream-exact		fixed-target upstream-only content is byte-identical
internal/application/repository/retriever/doris/compat.go	-	M	100644	7859ca980c339304e1a47a2dfdaab27c652dd887	adopt-upstream-exact		fixed-target upstream-only content is byte-identical
internal/application/repository/retriever/doris/structs.go	-	M	100644	e80470f33998e08639bb877a231e8195f0a38caa	adopt-upstream-exact		fixed-target upstream-only content is byte-identical
internal/application/repository/retriever/opensearch/retrieve.go	-	M	100644	d2202c58ce251710277d2580852480ac9a8d4375	adopt-upstream-exact		fixed-target upstream-only content is byte-identical
internal/application/repository/retriever/opensearch/ssrf_test.go	-	A	100644	790c9e87a23178f9840800f05087db3c9d111f01	adopt-upstream-exact		fixed-target upstream-only content is byte-identical
internal/application/repository/retriever/opensearch/transport.go	-	M	100644	fbe0e1b6da027730b426d1454ae672d52c38acc4	adopt-upstream-exact		fixed-target upstream-only content is byte-identical
internal/application/repository/retriever/postgres/repository.go	M	-	100644	9268751b4139701ac8d64ef636a1767eee226846	preserve-musuw-exact		audited local-only content is byte-identical
internal/application/repository/retriever/sqlite/repository.go	M	-	100644	f5b9920eea2c136d171e424ac69cb742991fc7e5	preserve-musuw-exact		audited local-only content is byte-identical
internal/application/repository/session.go	-	M	100644	67cc09f071432e604760f91c4555afa7c518dd06	adapt-upstream-for-musuw		fixed-target path is present with Musuw product/runtime adaptation
internal/application/repository/session_test.go	-	M	100644	be48e537ac16a360ef85628e870a0261b861c5c7	adapt-upstream-for-musuw		fixed-target path is present with Musuw product/runtime adaptation
internal/application/repository/tenant.go	M	-	100644	cab78116a80b8a7f3f6ac8f0d31e540ee168c9f8	preserve-musuw-exact		audited local-only content is byte-identical
internal/application/repository/tenant_api_key.go	-	M	100644	9cd4241d753ae5c536361c81edd61588080747f2	adopt-upstream-exact		fixed-target upstream-only content is byte-identical
internal/application/repository/tenant_api_key_test.go	M	M	100644	4cae036f4a2a5290dc88f336a00f053b75bcb766	compose-three-way		overlap review composed target capability with Musuw product semantics at the existing owner
internal/application/repository/tenant_sandbox_config.go	-	A	100644	ff5939df3f5fdf1ab21ef78826e609e6adcc45c8	adopt-upstream-exact		fixed-target upstream-only content is byte-identical
internal/application/repository/tenant_sandbox_config_test.go	-	A	100644	00e89427cc89a57674d703dea0c089ada0a91124	adopt-upstream-exact		fixed-target upstream-only content is byte-identical
internal/application/repository/tenant_skill.go	-	A	100644	547a860529bdd1c1b8562c1b58f643cb7d249256	adopt-upstream-exact		fixed-target upstream-only content is byte-identical
internal/application/repository/tenant_skill_test.go	-	A	100644	2661141e9d16c64ea86253cb47815e5a82286e84	adopt-upstream-exact		fixed-target upstream-only content is byte-identical
internal/application/repository/wiki_page.go	-	M	100644	e38433e6cc788169515d6f89c227587c3e674368	adapt-upstream-for-musuw		fixed-target path is present with Musuw product/runtime adaptation
internal/application/service/account_erasure.go	A	-	100644	80496b8c3c464b78ff9b17a2e104a64609be3e53	adapt-musuw-for-target		audited Musuw path retained and adapted at its existing owner for the target contract
internal/application/service/account_erasure_providers.go	A	-	100644	6c9eb4db5e639b15cd27f2da3f7636aa1a7e10b2	preserve-musuw-exact		audited local-only content is byte-identical
internal/application/service/account_erasure_providers_test.go	A	-	100644	af53e35657509ffb7e8ec01705e5741b268cfd45	preserve-musuw-exact		audited local-only content is byte-identical
internal/application/service/account_erasure_test.go	A	-	100644	adc3f8a1cfe876133a0599dbfe8dc708569f9f94	adapt-musuw-for-target		audited Musuw path retained and adapted at its existing owner for the target contract
internal/application/service/agent_history.go	M	M	100644	dd3be63737504e279ef7b71e0bb3e8fa69c8a91d	compose-three-way		overlap review composed target capability with Musuw product semantics at the existing owner
internal/application/service/agent_history_test.go	-	M	100644	9630087c6ceff80ce466f13b9480b48878bb6784	adopt-upstream-exact		fixed-target upstream-only content is byte-identical
internal/application/service/agent_memory_config_test.go	-	A	100644	2cc5cf7fa276fd0b10ac72f7b1423002ce6b3bf0	adopt-upstream-exact		fixed-target upstream-only content is byte-identical
internal/application/service/agent_memory_tool_test.go	-	A	100644	2622cf935aae2175be6fce682b5d3e13db61344b	adopt-upstream-exact		fixed-target upstream-only content is byte-identical
internal/application/service/agent_service.go	-	M	100644	6f353475a104c48bad962ee7adb1c4d67457b6ff	adapt-upstream-for-musuw		fixed-target path is present with Musuw product/runtime adaptation
internal/application/service/agent_service_install_shell_test.go	-	A	100644	ab9634746b8b7c7baa0e847e13499aa8affbb4ea	adopt-upstream-exact		fixed-target upstream-only content is byte-identical
internal/application/service/agent_service_scope_test.go	-	M	100644	85731d76a798ab5218ba50823bb9103e2a6184e9	adopt-upstream-exact		fixed-target upstream-only content is byte-identical
internal/application/service/agent_service_shell_test.go	-	A	100644	ba10ba1bfbd12f6e515f332f25efd56073efabcb	adopt-upstream-exact		fixed-target upstream-only content is byte-identical
internal/application/service/agent_service_test.go	-	M	100644	9031fabcfec67a991b7fec7f8511563922645971	adapt-upstream-for-musuw		fixed-target path is present with Musuw product/runtime adaptation
internal/application/service/agent_service_user_env_test.go	-	A	100644	a6fce1afd18625e3adb660c271dde6ea5d0053d3	adopt-upstream-exact		fixed-target upstream-only content is byte-identical
internal/application/service/agent_share.go	-	M	100644	55f0ce86ba99a35ccc9d6bffe1ebb261fbd579ab	adapt-upstream-for-musuw		fixed-target path is present with Musuw product/runtime adaptation
internal/application/service/agent_share_runtime_test.go	-	M	100644	7f06d8d8a583b72d3ecc8998bdc534023a942b7b	adapt-upstream-for-musuw		fixed-target path is present with Musuw product/runtime adaptation
internal/application/service/artifact_collector.go	-	A	100644	00f1adbf693411b7aa37e90f51fb994a37416e3e	adapt-upstream-for-musuw		fixed-target path is present with Musuw product/runtime adaptation
internal/application/service/artifact_collector_store.go	-	A	100644	6617c0508a36a7353a45d94fc124cac89104ee2e	adopt-upstream-exact		fixed-target upstream-only content is byte-identical
internal/application/service/artifact_collector_test.go	-	A	100644	51f52c5608d6525dd1647d58b7f84a09603940f2	adapt-upstream-for-musuw		fixed-target path is present with Musuw product/runtime adaptation
internal/application/service/chat_pipeline/chat_completion_stream.go	M	-	100644	223c8ceefec8bba0f5b1b2dcef64078c2bcb9e26	adapt-musuw-for-target		audited Musuw path retained and adapted at its existing owner for the target contract
internal/application/service/chat_pipeline/chat_completion_stream_test.go	M	-	100644	7fc55903011b591a247016915482aa5a5d9e55df	adapt-musuw-for-target		audited Musuw path retained and adapted at its existing owner for the target contract
internal/application/service/chat_pipeline/chat_pipeline.go	M	-	100644	2c61a1b0bf3a6e9fd0ef60acd7b68d42aec39aab	preserve-musuw-exact		audited local-only content is byte-identical
internal/application/service/chat_pipeline/common.go	M	M	100644	b6835afc6a1a0db0ca1f94df83d901048464ea06	compose-three-way		overlap review composed target capability with Musuw product semantics at the existing owner
internal/application/service/chat_pipeline/data_analysis.go	M	-	100644	08ff36f4da5fe89da152e0a1bf010ceeaa07b6d0	preserve-musuw-exact		audited local-only content is byte-identical
internal/application/service/chat_pipeline/data_analysis_thinking_test.go	A	-	100644	bdd1b7d75e837c9a7d43f0137f53d050cf256ca1	preserve-musuw-exact		audited local-only content is byte-identical
internal/application/service/chat_pipeline/memory_affinity.go	-	A	100644	f78f37d5245b431b02d34f9c39cb546cc5e797a6	adopt-upstream-exact		fixed-target upstream-only content is byte-identical
internal/application/service/chat_pipeline/memory_affinity_test.go	-	A	100644	643b31182aada6e29876c3e9c55d88d8529281f9	adopt-upstream-exact		fixed-target upstream-only content is byte-identical
internal/application/service/chat_pipeline/memory_recall.go	-	A	100644	79bc2107574ec4dcf654797d28497e8c6fff5c30	adopt-upstream-exact		fixed-target upstream-only content is byte-identical
internal/application/service/chat_pipeline/memory_recall_test.go	-	A	100644	e75d57bbebeb217a4298ad3942b3cf91548e1966	adopt-upstream-exact		fixed-target upstream-only content is byte-identical
internal/application/service/chat_pipeline/memory_retrieval_test.go	-	A	100644	f7b0d665f5b574f1078047097fbc676d51fb4c4f	adopt-upstream-exact		fixed-target upstream-only content is byte-identical
internal/application/service/chat_pipeline/merge_parent_resolve_test.go	-	M	100644	5ae6688d79388d631045137924f67b1e83f75fda	adopt-upstream-exact		fixed-target upstream-only content is byte-identical
internal/application/service/chat_pipeline/progress.go	-	M	100644	e5425c8280cc5b3bd18b6c303782df04a5a28096	adopt-upstream-exact		fixed-target upstream-only content is byte-identical
internal/application/service/chat_pipeline/progress_test.go	-	M	100644	23008e7450bb48dd4ae9cf532d0419616b360521	adopt-upstream-exact		fixed-target upstream-only content is byte-identical
internal/application/service/chat_pipeline/query_understand.go	-	M	100644	83e9328fd1856d63d6fb4701ba8b5302dda0fbef	adapt-upstream-for-musuw		fixed-target path is present with Musuw product/runtime adaptation
internal/application/service/chat_pipeline/query_understand_test.go	-	M	100644	4a96a69a3d11d5de8adb49702fc4eb6a645c58a7	adapt-upstream-for-musuw		fixed-target path is present with Musuw product/runtime adaptation
internal/application/service/consumer_model_policy_test.go	A	-	100644	24d4fadd133d3548a7cc6f18596485753debf5e4	preserve-musuw-exact		audited local-only content is byte-identical
internal/application/service/consumer_model_resolver.go	A	-	100644	260e5be9d18055ea3f0665696193d1c65ac21d23	adapt-musuw-for-target		audited Musuw path retained and adapted at its existing owner for the target contract
internal/application/service/consumer_model_resolver_test.go	A	-	100644	fa88d60f12174238a7a5e4a1ec08a7c5eae211f5	adapt-musuw-for-target		audited Musuw path retained and adapted at its existing owner for the target contract
internal/application/service/consumer_native_policy_test.go	A	-	100644	e9506952d14d2c5be87da30355f02ade2f836dbf	adapt-musuw-for-target		audited Musuw path retained and adapted at its existing owner for the target contract
internal/application/service/consumer_plan.go	A	-	100644	ead95c915932cd37cd4c94c0bcd1521a9962b9bf	preserve-musuw-exact		audited local-only content is byte-identical
internal/application/service/consumer_plan_enforcement_test.go	A	-	100644	9381eb872e07a6379e98f2d29c1e63fff5b8987d	preserve-musuw-exact		audited local-only content is byte-identical
internal/application/service/consumer_scene_callsite_contract_test.go	A	-	100644	85165237b89693f98f0b3f8593b77afa31bcd046	preserve-musuw-exact		audited local-only content is byte-identical
internal/application/service/consumer_scene_runtime_test.go	A	-	100644	294ee29777d248ee92bada693326c0f6cdb6a614	preserve-musuw-exact		audited local-only content is byte-identical
internal/application/service/custom_agent.go	M	M	100644	b333768407a4f37e7f8615e8ab505f9c400c5347	compose-three-way		overlap review composed target capability with Musuw product semantics at the existing owner
internal/application/service/custom_agent_platform_managed_test.go	A	-	100644	c6bb8cbf3a119939dda14b05fe51e66e8a64d9ae	preserve-musuw-exact		audited local-only content is byte-identical
internal/application/service/datasource_service.go	-	M	100644	48430e213ccf3a0d0a9008526fd47df3374f7119	adapt-upstream-for-musuw		fixed-target path is present with Musuw product/runtime adaptation
internal/application/service/datasource_service_test.go	-	M	100644	f6415771fd57703d053c58457d4386d075315657	adapt-upstream-for-musuw		fixed-target path is present with Musuw product/runtime adaptation
internal/application/service/datasource_stream_test.go	-	M	100644	18ebe23cfde54bddfcd5f085c6f68f45ab31509c	adopt-upstream-exact		fixed-target upstream-only content is byte-identical
internal/application/service/datasource_sweep_wiring_test.go	-	M	100644	e9ce5bc0a8a0e54777264efe96ff00a7c942d08c	adopt-upstream-exact		fixed-target upstream-only content is byte-identical
internal/application/service/embed_webhook.go	M	-	100644	4b12845992700b84585d41e26381161e8eb82b13	preserve-musuw-exact		audited local-only content is byte-identical
internal/application/service/entitlement.go	A	-	100644	d978dd71e99ec855406f92c589e8c06539d85377	adapt-musuw-for-target		audited Musuw path retained and adapted at its existing owner for the target contract
internal/application/service/entitlement_free_allowance_transition_test.go	A	-	100644	2cf1ba94b33a20d2150d50399e74a8b388f81132	preserve-musuw-exact		audited local-only content is byte-identical
internal/application/service/entitlement_test.go	A	-	100644	50adcaee1e4e0e24b6365fbf94114501be16c2f8	adapt-musuw-for-target		audited Musuw path retained and adapted at its existing owner for the target contract
internal/application/service/extract.go	-	M	100644	3d789d6d2da4d9bb5b2d2a262804c963978e6c39	adopt-upstream-exact		fixed-target upstream-only content is byte-identical
internal/application/service/extract_data_table_summary_test.go	-	A	100644	4c059ef7abdcea978048550e99cc6f52d5dceb7f	adopt-upstream-exact		fixed-target upstream-only content is byte-identical
internal/application/service/file/cos.go	-	M	100644	442584f20657b0d6c0e46c8b67914550fb063818	adopt-upstream-exact		fixed-target upstream-only content is byte-identical
internal/application/service/file/endpoint_security_test.go	-	A	100644	55e6d09ffcea8e9f4d88b1a7c5294c37456d3d3a	adopt-upstream-exact		fixed-target upstream-only content is byte-identical
internal/application/service/file/ks3.go	-	M	100644	07b5528c27f345ef2e56a67767ad95f60227e099	adopt-upstream-exact		fixed-target upstream-only content is byte-identical
internal/application/service/file/minio.go	-	M	100644	7ba432351a309cdef0777136d094388db86ff970	adopt-upstream-exact		fixed-target upstream-only content is byte-identical
internal/application/service/file/obs.go	-	M	100644	451d92db5c6ac29702b9833f72c557b43feab5c5	adopt-upstream-exact		fixed-target upstream-only content is byte-identical
internal/application/service/file/oss.go	-	M	100644	bde515e68c827c38d575f01c497d9fa150b473da	adopt-upstream-exact		fixed-target upstream-only content is byte-identical
internal/application/service/file/oss_test.go	-	M	100644	14af4472121a7544c7d7e95491096de1ca665001	adapt-upstream-for-musuw		fixed-target path is present with Musuw product/runtime adaptation
internal/application/service/file/resource_catalog.go	-	M	100644	a32b667a19900f90422f1badbe9c6e1848b482a4	adapt-upstream-for-musuw		fixed-target path is present with Musuw product/runtime adaptation
internal/application/service/file/resource_catalog_test.go	-	M	100644	e9c0a9d8e1a168ad7aef56d31fe0da74e9ea73c6	adopt-upstream-exact		fixed-target upstream-only content is byte-identical
internal/application/service/file/s3.go	-	M	100644	f07d9115ddd150f5775edb1f2cc6b4c24b83be14	adapt-upstream-for-musuw		fixed-target path is present with Musuw product/runtime adaptation
internal/application/service/file/s3_test.go	-	M	100644	0291e8b3c514988e05f9b4d553663cd919de668f	adopt-upstream-exact		fixed-target upstream-only content is byte-identical
internal/application/service/file/tos.go	-	M	100644	a260f7f3967eca4e184278d20932af7010608548	adopt-upstream-exact		fixed-target upstream-only content is byte-identical
internal/application/service/image_multimodal.go	M	-	100644	a153d0789900f0ecfd1e859c89985f01f5cee685	adapt-musuw-for-target		audited Musuw path retained and adapted at its existing owner for the target contract
internal/application/service/knowledge.go	M	M	100644	f3ad03d38b71655c7b753cd8d4cd0d6746c229b0	compose-three-way		overlap review composed target capability with Musuw product semantics at the existing owner
internal/application/service/knowledge_auto_tag.go	-	A	100644	a2459fe8fa5e2b6d94a06bc7b25a85c3cc6db63c	adopt-upstream-exact		fixed-target upstream-only content is byte-identical
internal/application/service/knowledge_auto_tag_test.go	-	A	100644	4a2145295dc41b3e4e4882e65881cdc254a0e31d	adopt-upstream-exact		fixed-target upstream-only content is byte-identical
internal/application/service/knowledge_clone_move.go	M	-	100644	3d532faa86796c5210ea930cda8cd113498fafdd	preserve-musuw-exact		audited local-only content is byte-identical
internal/application/service/knowledge_content_binding_test.go	-	A	100644	14b72ac9cf6fb88d39b431559ebbeb33a758bbb2	adopt-upstream-exact		fixed-target upstream-only content is byte-identical
internal/application/service/knowledge_create.go	M	M	100644	c8542fa0a8043cd1fdbce70ef5ed0a9da7f5d961	compose-three-way		overlap review composed target capability with Musuw product semantics at the existing owner
internal/application/service/knowledge_create_test.go	M	-	100644	843db2bbe5a8f0d6af8b39a3a1ad2841104e1555	adapt-musuw-for-target		audited Musuw path retained and adapted at its existing owner for the target contract
internal/application/service/knowledge_delete.go	M	M	100644	fc6c35515b8ca39574755ba3c5d24c0991faf487	compose-three-way		overlap review composed target capability with Musuw product semantics at the existing owner
internal/application/service/knowledge_faq_import.go	M	-	100644	75cca6e80dfc1367c07f854da77ccd20f6e5478f	adapt-musuw-for-target		audited Musuw path retained and adapted at its existing owner for the target contract
internal/application/service/knowledge_housekeeping.go	M	M	100644	2083e101ab0fc5a601b6418dc3c5356e189592a9	compose-three-way		overlap review composed target capability with Musuw product semantics at the existing owner
internal/application/service/knowledge_housekeeping_test.go	-	M	100644	7339102d16391c700e7ca1d85ccd3dafb47d8715	adopt-upstream-exact		fixed-target upstream-only content is byte-identical
internal/application/service/knowledge_image_cleanup_test.go	M	-	100644	ee9c449d4a15847904d7d9f05fc310263201cbbe	preserve-musuw-exact		audited local-only content is byte-identical
internal/application/service/knowledge_move_wiki_test.go	-	M	100644	bf18bf01e4c3efceaddf6fe16fd19b9ad2c5938a	adopt-upstream-exact		fixed-target upstream-only content is byte-identical
internal/application/service/knowledge_post_process.go	-	M	100644	210e02dde505c7354c6947c299fdc2be6f8e52d3	adapt-upstream-for-musuw		fixed-target path is present with Musuw product/runtime adaptation
internal/application/service/knowledge_process.go	M	M	100644	29f886fb39bdd9d775a6439f9ea2218824fc425c	compose-three-way		overlap review composed target capability with Musuw product semantics at the existing owner
internal/application/service/knowledge_process_config.go	M	-	100644	fd3b852c9e67632001f61acb2a5ff65b0103fced	adapt-musuw-for-target		audited Musuw path retained and adapted at its existing owner for the target contract
internal/application/service/knowledge_process_config_test.go	M	-	100644	bf4dad6545b8efe02476facf13a7405a4379b4b8	adapt-musuw-for-target		audited Musuw path retained and adapted at its existing owner for the target contract
internal/application/service/knowledge_process_embedding_failure_test.go	A	-	100644	0a97e747be72b3ec633d2412a8b92af7567a8e25	preserve-musuw-exact		audited local-only content is byte-identical
internal/application/service/knowledge_process_parent_child_test.go	-	A	100644	6ea4fc775623db4b5501d709bfc6314fa5eeb76a	adapt-upstream-for-musuw		fixed-target path is present with Musuw product/runtime adaptation
internal/application/service/knowledge_resource_release_test.go	-	A	100644	db19e6f9ec11ff273601738caa993475a5e0fcbf	adopt-upstream-exact		fixed-target upstream-only content is byte-identical
internal/application/service/knowledge_storage_accounting_contract_test.go	A	-	100644	5bb50068a0dcb0e1698223bdebf29ef4d2aeaac1	preserve-musuw-exact		audited local-only content is byte-identical
internal/application/service/knowledge_storage_failure_test.go	A	-	100644	b681afe0631625f304407f20cf7b3a92fd124c1f	preserve-musuw-exact		audited local-only content is byte-identical
internal/application/service/knowledge_storage_reparse_contract_test.go	A	-	100644	23bdee90f0734fd1d518604d60ea4d8f54270355	preserve-musuw-exact		audited local-only content is byte-identical
internal/application/service/knowledge_tikhub.go	A	-	100644	62bbc2728b14605015485b3e676a0c1e2b027c60	adapt-musuw-for-target		audited Musuw path retained and adapted at its existing owner for the target contract
internal/application/service/knowledge_tikhub_worker_test.go	A	-	100644	d7bec51a8f355a9620b23d01cd322cc45b55d2f8	adapt-musuw-for-target		audited Musuw path retained and adapted at its existing owner for the target contract
internal/application/service/knowledge_update_test.go	-	A	100644	b5662a354ece1485cc1151216d52fd7c11e08f27	adopt-upstream-exact		fixed-target upstream-only content is byte-identical
internal/application/service/knowledge_util.go	M	-	100644	044f9ec44715f3a42178e8c51526812149a3e364	adapt-musuw-for-target		audited Musuw path retained and adapted at its existing owner for the target contract
internal/application/service/knowledge_util_filetype_test.go	M	-	100644	31b22afb75a6c4287f3554f5106981412266c4dc	adapt-musuw-for-target		audited Musuw path retained and adapted at its existing owner for the target contract
internal/application/service/knowledge_util_ssrf_test.go	-	M	100644	6a2a4df118ed4a7642029d47ecaeab348b44128d	adopt-upstream-exact		fixed-target upstream-only content is byte-identical
internal/application/service/knowledgebase.go	M	M	100644	7469fe7b67b2c5dd84f1de979dec7b69fabca34c	compose-three-way		overlap review composed target capability with Musuw product semantics at the existing owner
internal/application/service/knowledgebase_consumer_models_test.go	A	-	100644	12f7153e95c9eedf0f20a289590add8c495ebcef	adapt-musuw-for-target		audited Musuw path retained and adapted at its existing owner for the target contract
internal/application/service/knowledgebase_lite_policy_test.go	A	-	100644	876f3e3930f866bbc75ac137a7fed49f3a3c5336	adapt-musuw-for-target		audited Musuw path retained and adapted at its existing owner for the target contract
internal/application/service/knowledgebase_platform_catalog_test.go	A	-	100644	2037c22c42e3da85c674b699f6ed990b1102dab4	preserve-musuw-exact		audited local-only content is byte-identical
internal/application/service/knowledgebase_pr3_test.go	M	-	100644	0e204b405a64f2009d0213bf23c05b7c648c2107	adapt-musuw-for-target		audited Musuw path retained and adapted at its existing owner for the target contract
internal/application/service/knowledgebase_search.go	M	M	100644	7da555243d473d1da8b2ae8f007d984eaf3c457c	compose-three-way		overlap review composed target capability with Musuw product semantics at the existing owner
internal/application/service/knowledgebase_search_faq.go	-	M	100644	e6f28a6fee196af7e334a045d4dd3040fb36d775	adopt-upstream-exact		fixed-target upstream-only content is byte-identical
internal/application/service/knowledgebase_search_matchcount_test.go	-	A	100644	da8df5f7b4f8c4733918927280b613962f768c81	adopt-upstream-exact		fixed-target upstream-only content is byte-identical
internal/application/service/knowledgebase_strict_delete_test.go	A	-	100644	3b1f1b0c7ae1555e4ad322db52409b9a4d12d846	adapt-musuw-for-target		audited Musuw path retained and adapted at its existing owner for the target contract
internal/application/service/knowledgebase_task_cancel_test.go	M	-	100644	f61e86f3dbe662c9e12c8d02f1243c0b28ba8744	preserve-musuw-exact		audited local-only content is byte-identical
internal/application/service/mcp_service.go	-	M	100644	f273b3353196c6b4e56321279742eb9a90b3cb93	adopt-upstream-exact		fixed-target upstream-only content is byte-identical
internal/application/service/mcp_service_test.go	-	M	100644	7cb65cf517f8c2925c204157a9cc63f17f804db5	adapt-upstream-for-musuw		fixed-target path is present with Musuw product/runtime adaptation
internal/application/service/memory/consolidate.go	-	A	100644	c14a44cc0ccaf85595a6677fe2b0522ab0f733cb	adopt-upstream-exact		fixed-target upstream-only content is byte-identical
internal/application/service/memory/consolidate_test.go	-	A	100644	d55d72388b6cc0cd9034d68a9d8ca7ad1c209e6d	adopt-upstream-exact		fixed-target upstream-only content is byte-identical
internal/application/service/memory/coverage_test.go	-	A	100644	519c511b01a0ba8d6853a7dc7ba8a64b2da606df	adapt-upstream-for-musuw		fixed-target path is present with Musuw product/runtime adaptation
internal/application/service/memory/doc_affinity_manager_test.go	-	A	100644	d82546a00db31df16d7697445c73f8a714cb828d	adapt-upstream-for-musuw		fixed-target path is present with Musuw product/runtime adaptation
internal/application/service/memory/eval_model_test.go	-	A	100644	b0b71da2e924a20ec076ce5e9c2d85a2cacd2e75	adopt-upstream-exact		fixed-target upstream-only content is byte-identical
internal/application/service/memory/eval_test.go	-	A	100644	0f95c9972e9650d4333080cbdd1c961f665d0727	adopt-upstream-exact		fixed-target upstream-only content is byte-identical
internal/application/service/memory/evalset.json	-	A	100644	82bb2117b2dd5da1a3848f8fb62a1c8465b0bf16	adopt-upstream-exact		fixed-target upstream-only content is byte-identical
internal/application/service/memory/extract.go	-	A	100644	da9b2685bd06ace7990db51b341cce288edc4cc3	adopt-upstream-exact		fixed-target upstream-only content is byte-identical
internal/application/service/memory/extract_test.go	-	A	100644	dea2e4d1c0987f432689d4f988511f298dbaa11a	adapt-upstream-for-musuw		fixed-target path is present with Musuw product/runtime adaptation
internal/application/service/memory/lexical.go	-	A	100644	e0d52c32dfb1bcf6e2b3f020884a59068587ebcc	adopt-upstream-exact		fixed-target upstream-only content is byte-identical
internal/application/service/memory/lexical_test.go	-	A	100644	02909d9e9f5d6d0f71d70838926bdf8d90c47ee7	adopt-upstream-exact		fixed-target upstream-only content is byte-identical
internal/application/service/memory/quality_test.go	-	A	100644	1a67ecac49e504afd45492f3f9461ef3f95b5eeb	adopt-upstream-exact		fixed-target upstream-only content is byte-identical
internal/application/service/memory/recall_trace.go	-	A	100644	dd27efd40d0b46512838da3f59f3fa67c6aaf19c	adopt-upstream-exact		fixed-target upstream-only content is byte-identical
internal/application/service/memory/regression_test.go	-	A	100644	e8b5ef988c8f98176eef441086606c372f90877b	adopt-upstream-exact		fixed-target upstream-only content is byte-identical
internal/application/service/memory/retrieval_test.go	-	A	100644	c4d3cb933b9c5aa71a23f594a319402f4c6014d5	adopt-upstream-exact		fixed-target upstream-only content is byte-identical
internal/application/service/memory/scope.go	-	A	100644	3d655d7afca898cf4aa5e83bc5de2d4a58358363	adopt-upstream-exact		fixed-target upstream-only content is byte-identical
internal/application/service/memory/search.go	-	A	100644	309843fe0e5cbdec150c850d04d364f22291a71f	adopt-upstream-exact		fixed-target upstream-only content is byte-identical
internal/application/service/memory/search_test.go	-	A	100644	7aeea3f0a7722532e61cf312e5ecb3df091423c6	adopt-upstream-exact		fixed-target upstream-only content is byte-identical
internal/application/service/memory/service.go	-	A	100644	25e09e2b1d5e7f2fff2665a8d2f48cf9fd5f5901	adapt-upstream-for-musuw		fixed-target path is present with Musuw product/runtime adaptation
internal/application/service/memory/service_test.go	-	A	100644	6dbc8c0089d4c78111aaef88b4448927a47ff321	adapt-upstream-for-musuw		fixed-target path is present with Musuw product/runtime adaptation
internal/application/service/memory/stubs_test.go	-	A	100644	1ed00f1c80b50194330455cc62227c71b3ddf433	adopt-upstream-exact		fixed-target upstream-only content is byte-identical
internal/application/service/memory/topic_eval_test.go	-	A	100644	9a24c6588bb3a361229bc2397a3cf3235bc254c5	adopt-upstream-exact		fixed-target upstream-only content is byte-identical
internal/application/service/memory/topic_evalset.json	-	A	100644	a5a5adcf8c09c051b50224249fe4fa5c87e1fb21	adopt-upstream-exact		fixed-target upstream-only content is byte-identical
internal/application/service/memory/topic_manager_test.go	-	A	100644	ae83d025257d9db40825502efce06c838b0b4d6c	adopt-upstream-exact		fixed-target upstream-only content is byte-identical
internal/application/service/memory/topic_resolve.go	-	A	100644	70750ceb64d078305eebb301717659e54ad5d8ce	adopt-upstream-exact		fixed-target upstream-only content is byte-identical
internal/application/service/memory/topic_resolve_test.go	-	A	100644	d1e1d6ce226ca62bcf2067d5fc74cbc785cb76c9	adopt-upstream-exact		fixed-target upstream-only content is byte-identical
internal/application/service/memory/vector.go	-	A	100644	105dacc905844e874705765524bbf37e58cbd1b2	adopt-upstream-exact		fixed-target upstream-only content is byte-identical
internal/application/service/memory/vector_test.go	-	A	100644	02d5f9b68b4d050347f3c2f6b8a9686adfc4216e	adopt-upstream-exact		fixed-target upstream-only content is byte-identical
internal/application/service/message.go	M	M	100644	ac86ccbf2d88e88acb67222bea3126dda860921d	compose-three-way		overlap review composed target capability with Musuw product semantics at the existing owner
internal/application/service/metric/precision.go	-	M	100644	555264c4deaf770b53ea2f3da9d8ac1dfe4c39fd	adopt-upstream-exact		fixed-target upstream-only content is byte-identical
internal/application/service/model.go	M	M	100644	1b25e941ed2fd9c86a597aa4ee267adc8c487656	compose-three-way		overlap review composed target capability with Musuw product semantics at the existing owner
internal/application/service/model_default_test.go	A	-	100644	005b12dc9518df20c1788bda90cea2548fe55249	preserve-musuw-exact		audited local-only content is byte-identical
internal/application/service/model_delete_test.go	-	M	100644	a41acb3280af6dd18394d6117f146813e02dc646	adopt-upstream-exact		fixed-target upstream-only content is byte-identical
internal/application/service/ocr_sanitizer.go	-	M	100644	dfa5fb6e68a379afbbc64a0a35a346255dcc205d	adopt-upstream-exact		fixed-target upstream-only content is byte-identical
internal/application/service/ocr_sanitizer_test.go	-	M	100644	b6a91c9c07a9ecba1e1c32452ab03a4c1aeecd7e	adopt-upstream-exact		fixed-target upstream-only content is byte-identical
internal/application/service/organization.go	-	M	100644	14a74f7c315a34cd327dbccef5e2146250987f19	adopt-upstream-exact		fixed-target upstream-only content is byte-identical
internal/application/service/parser_url_security.go	-	A	100644	cb2d3db3afee729d9db54e9eb93b6cd103a23e7d	adopt-upstream-exact		fixed-target upstream-only content is byte-identical
internal/application/service/parser_url_security_test.go	-	A	100644	87c1efe8f0cf7a48f960d8ab35ed7debc6c97ee2	adopt-upstream-exact		fixed-target upstream-only content is byte-identical
internal/application/service/resource.go	-	M	100644	f6b257722d418a8dccc81014cf4e2a82a6cf0887	adopt-upstream-exact		fixed-target upstream-only content is byte-identical
internal/application/service/resource_test.go	-	M	100644	1d714625ca725ed724dfeb28398bf40ab7901306	adopt-upstream-exact		fixed-target upstream-only content is byte-identical
internal/application/service/retriever/keywords_vector_hybrid_indexer.go	M	-	100644	00bbf9df0ff98fdc5a38ffc4eaa5f8e990446a82	preserve-musuw-exact		audited local-only content is byte-identical
internal/application/service/retriever/keywords_vector_hybrid_indexer_test.go	M	-	100644	cf24052379634e0498fc4c83046e9622b04aaf13	preserve-musuw-exact		audited local-only content is byte-identical
internal/application/service/retriever/normalizer.go	-	M	100644	00363eb649efc1e6c2d98a48d60ea17b97c78bb0	adopt-upstream-exact		fixed-target upstream-only content is byte-identical
internal/application/service/session.go	M	M	100644	8c5619b859d47946c103abc0df8c406d463a94e2	compose-three-way		overlap review composed target capability with Musuw product semantics at the existing owner
internal/application/service/session_agent_qa.go	M	M	100644	2259846a53c1c02e03548d00ae6a11b9733cc70a	compose-three-way		overlap review composed target capability with Musuw product semantics at the existing owner
internal/application/service/session_agent_qa_rerank_test.go	A	-	100644	b0031c37c3ac47403d612f8bb5be850b39d48f31	adapt-musuw-for-target		audited Musuw path retained and adapted at its existing owner for the target contract
internal/application/service/session_agent_qa_scope_test.go	-	M	100644	0b3983bd229e127802be0f92e71a188aac3885de	adapt-upstream-for-musuw		fixed-target path is present with Musuw product/runtime adaptation
internal/application/service/session_attachment_staging.go	-	A	100644	2fb1e21c6e64771c89dc4743c6c264d036fa73d6	adopt-upstream-exact		fixed-target upstream-only content is byte-identical
internal/application/service/session_attachment_staging_test.go	-	A	100644	18706b7619c92cd9d4afcc27a608564c330a86c0	adopt-upstream-exact		fixed-target upstream-only content is byte-identical
internal/application/service/session_knowledge_qa.go	M	M	100644	cfa09263c66c9ba8e302d783060a521461faf34a	compose-three-way		overlap review composed target capability with Musuw product semantics at the existing owner
internal/application/service/session_knowledge_qa_test.go	M	M	100644	9a4312598f1bd449f6ddd14426fcbd5571465b4c	compose-three-way		overlap review composed target capability with Musuw product semantics at the existing owner
internal/application/service/session_lite_web_search_policy_test.go	A	-	100644	e429473ce24f8837ee2ff2a66ece35c39db277b8	preserve-musuw-exact		audited local-only content is byte-identical
internal/application/service/session_model_requirement_test.go	M	M	100644	977036b0ad85561d71935d083ac18cb04f622e72	compose-three-way		overlap review composed target capability with Musuw product semantics at the existing owner
internal/application/service/session_qa_helpers.go	M	M	100644	26fdae98da5fa8369bfd3eee6dea338c2c3fac8f	compose-three-way		overlap review composed target capability with Musuw product semantics at the existing owner
internal/application/service/session_sandbox_entry_test.go	-	A	100644	6ee1d7944ea46d1ced5b7bf4430102117fda219d	adapt-upstream-for-musuw		fixed-target path is present with Musuw product/runtime adaptation
internal/application/service/session_sandbox_gating_test.go	-	A	100644	86ee210ceb6d617156813d73a73e767986336a6e	adopt-upstream-exact		fixed-target upstream-only content is byte-identical
internal/application/service/session_sandbox_pin.go	-	A	100644	4ea87eabb065afafb60dfb4d208bc6dea94e5b58	adapt-upstream-for-musuw		fixed-target path is present with Musuw product/runtime adaptation
internal/application/service/session_sandbox_pin_test.go	-	A	100644	8b6121e1295e81df4795cbd43e965db2df276b47	adapt-upstream-for-musuw		fixed-target path is present with Musuw product/runtime adaptation
internal/application/service/session_sandbox_turn_test.go	-	A	100644	9fcd72d6ac06bed49c9f1a7e1c8850f1f4bfb11d	adapt-upstream-for-musuw		fixed-target path is present with Musuw product/runtime adaptation
internal/application/service/session_thinking_override_test.go	A	-	100644	adea9bb6e766074b1bfdaa5f1b6815eef9c3bea3	preserve-musuw-exact		audited local-only content is byte-identical
internal/application/service/session_title_test.go	-	A	100644	7c749281aa151570230fd49d432ca89c052b68b6	adapt-upstream-for-musuw		fixed-target path is present with Musuw product/runtime adaptation
internal/application/service/session_user_scope_test.go	-	M	100644	04cb2096e4fb6d65a0543c0efabf3326264acda3	adopt-upstream-exact		fixed-target upstream-only content is byte-identical
internal/application/service/slug_fuzzy_test.go	-	M	100644	4ee25469651cfaef80ba91f75173cc9bdfb210f0	adopt-upstream-exact		fixed-target upstream-only content is byte-identical
internal/application/service/social_url.go	A	-	100644	d0f046fac9d7379c5670983873c75dc3938c1736	adapt-musuw-for-target		audited Musuw path retained and adapted at its existing owner for the target contract
internal/application/service/social_url_test.go	A	-	100644	c9244bee1ddf28efc11648b610fa339f827ff851	adapt-musuw-for-target		audited Musuw path retained and adapted at its existing owner for the target contract
internal/application/service/storagebackend.go	-	M	100644	6f1831f46b8bd0ef984387b146954f676cc956a2	adopt-upstream-exact		fixed-target upstream-only content is byte-identical
internal/application/service/storagebackend_test.go	-	M	100644	0e3e91d638b86cf52f42711ebda6f297341d4f8e	adopt-upstream-exact		fixed-target upstream-only content is byte-identical
internal/application/service/system_setting.go	M	M	100644	3d196d436e347c26e59a52bdaf66248c99b9b43d	compose-three-way		overlap review composed target capability with Musuw product semantics at the existing owner
internal/application/service/system_setting_validation_test.go	M	-	100644	ab77f09c21d4c3f07356e612e0687b5129643b61	preserve-musuw-exact		audited local-only content is byte-identical
internal/application/service/temporary_document.go	-	M	100644	2a166484bfb27a731f2b108099b28f0aa3eb4f37	adapt-upstream-for-musuw		fixed-target path is present with Musuw product/runtime adaptation
internal/application/service/tenant.go	M	-	100644	a1274003a8bcf6503d4655501ed06fe1d60cf91c	preserve-musuw-exact		audited local-only content is byte-identical
internal/application/service/tenant_api_key.go	-	M	100644	09a5243da7ba3e4a01a33a5c60f8f547a57f9a32	adopt-upstream-exact		fixed-target upstream-only content is byte-identical
internal/application/service/tenant_api_key_test.go	M	M	100644	d22565cd700f454aeddeaf638dd9981d9f266f68	compose-three-way		overlap review composed target capability with Musuw product semantics at the existing owner
internal/application/service/tenant_invitation.go	-	M	100644	48d73df9d84a6e0c0b04bce52be5aba87ded22c8	adopt-upstream-exact		fixed-target upstream-only content is byte-identical
internal/application/service/tenant_invitation_test.go	-	M	100644	f8b16f2979a9b3d23021194f00daa68ed4958a96	adopt-upstream-exact		fixed-target upstream-only content is byte-identical
internal/application/service/tenant_member.go	-	M	100644	120da47ca41573d654b5c314e3a7e5893afe6eee	adopt-upstream-exact		fixed-target upstream-only content is byte-identical
internal/application/service/tenant_member_test.go	-	M	100644	ae7643635a0bcb2708ae8e82480aa5f077700b1e	adopt-upstream-exact		fixed-target upstream-only content is byte-identical
internal/application/service/tenant_openrouter_lifecycle_test.go	A	-	100644	d3ef2ce97fe3541f4685f59af5c92119c15cc4e6	preserve-musuw-exact		audited local-only content is byte-identical
internal/application/service/tenant_sandbox_config.go	-	A	100644	db953584df5684c572471cae03dbbc50fbd18d62	adopt-upstream-exact		fixed-target upstream-only content is byte-identical
internal/application/service/tenant_sandbox_config_test.go	-	A	100644	8282ccbc6a927cd8d8f262cb94750b4197159684	adapt-upstream-for-musuw		fixed-target path is present with Musuw product/runtime adaptation
internal/application/service/tenant_sandbox_resolve.go	-	A	100644	dc70d49404180613abbe280fbf59421ab3df9114	adapt-upstream-for-musuw		fixed-target path is present with Musuw product/runtime adaptation
internal/application/service/tenant_skill_admin.go	-	A	100644	3aea6f7ba8e3dc2f2c5fd78458562829de16f850	adopt-upstream-exact		fixed-target upstream-only content is byte-identical
internal/application/service/tenant_skill_admin_test.go	-	A	100644	06b131eb9dc5c18e1fb45d690fb085135cd53335	adopt-upstream-exact		fixed-target upstream-only content is byte-identical
internal/application/service/tenant_skill_bundle.go	-	A	100644	65911e8070f3f77266e7b5fa9c7a05929d2521f8	adopt-upstream-exact		fixed-target upstream-only content is byte-identical
internal/application/service/tenant_skill_bundle_test.go	-	A	100644	ed5aeefbe549815fbf010bbb1e466e5de7b396ea	adopt-upstream-exact		fixed-target upstream-only content is byte-identical
internal/application/service/tenant_skill_catalog.go	-	A	100644	ef9762b7b8d25414e2c36c0d473abbc4f9c61fd2	adopt-upstream-exact		fixed-target upstream-only content is byte-identical
internal/application/service/tenant_skill_catalog_test.go	-	A	100644	8afaaa02b434d85544324f209f4b63db5799c796	adopt-upstream-exact		fixed-target upstream-only content is byte-identical
internal/application/service/tenant_skill_effective.go	-	A	100644	6fa9f683e6ee10984739cfe8b42254cf581d8845	adopt-upstream-exact		fixed-target upstream-only content is byte-identical
internal/application/service/tenant_skill_effective_test.go	-	A	100644	ecdba59c839a5c60365bec0b94cce9388a2d4163	adopt-upstream-exact		fixed-target upstream-only content is byte-identical
internal/application/service/tenant_skill_env_declare.go	-	A	100644	594d3ba63dceada9b6e57a80f78ed96db93cd17c	adopt-upstream-exact		fixed-target upstream-only content is byte-identical
internal/application/service/tenant_skill_env_declare_test.go	-	A	100644	8aa63d05c179a64f4ffa8c0aee280eb4c95eadec	adopt-upstream-exact		fixed-target upstream-only content is byte-identical
internal/application/service/tenant_skill_files.go	-	A	100644	79fcb05e433a7be38a19091aad4522e947778018	adopt-upstream-exact		fixed-target upstream-only content is byte-identical
internal/application/service/tenant_skill_files_test.go	-	A	100644	32af40d21723daca37a275b9cb92f4dc2fdc4bb4	adopt-upstream-exact		fixed-target upstream-only content is byte-identical
internal/application/service/tenant_skill_install.go	-	A	100644	801fccffdc8f1b122f2926a7e01a6de56149c38d	adapt-upstream-for-musuw		fixed-target path is present with Musuw product/runtime adaptation
internal/application/service/tenant_skill_install_test.go	-	A	100644	ab879b44c4f742e0e1691626dc4134a6648fa2be	adapt-upstream-for-musuw		fixed-target path is present with Musuw product/runtime adaptation
internal/application/service/tenant_skill_progress.go	-	A	100644	726b570850538ed87ac60f49be58bfb0a14337f7	adopt-upstream-exact		fixed-target upstream-only content is byte-identical
internal/application/service/tenant_skill_reaper.go	-	A	100644	e6f70f69af3bf9c535f8afcc0bd36cfa833fd52c	adopt-upstream-exact		fixed-target upstream-only content is byte-identical
internal/application/service/tenant_skill_reaper_test.go	-	A	100644	f69657517f21778e93a6c4a630209f8e9d5e3643	adopt-upstream-exact		fixed-target upstream-only content is byte-identical
internal/application/service/tenant_skill_remove.go	-	A	100644	3f1856e9f9bbeecd4129c2fb775f6a5b1fbeb3f2	adopt-upstream-exact		fixed-target upstream-only content is byte-identical
internal/application/service/tenant_skill_remove_test.go	-	A	100644	854e70becf42863a85bd2173657308d537bcd9a2	adopt-upstream-exact		fixed-target upstream-only content is byte-identical
internal/application/service/tenant_skill_service.go	-	A	100644	247775cc3ea972343ef52a491a6257de94386414	adopt-upstream-exact		fixed-target upstream-only content is byte-identical
internal/application/service/tenant_skill_service_test.go	-	A	100644	e0aaa7bf0ba9e36a7c2c391dac2d9a7ae410470d	adopt-upstream-exact		fixed-target upstream-only content is byte-identical
internal/application/service/tenant_skill_source.go	-	A	100644	caca05f9dbf947d1bfa7666227439c427c4ad716	adopt-upstream-exact		fixed-target upstream-only content is byte-identical
internal/application/service/tenant_skill_source_test.go	-	A	100644	ba4059e98134b25266495de85cd11e9e5b8f4db8	adopt-upstream-exact		fixed-target upstream-only content is byte-identical
internal/application/service/tenant_skill_stale_sandbox_test.go	-	A	100644	7d09dff33c3986d1a4e17ae655cf32468d88d8f2	adopt-upstream-exact		fixed-target upstream-only content is byte-identical
internal/application/service/tenant_skill_transcript.go	-	A	100644	ed34d02ae35aa36a9259126ea9120ae13f0f03cb	adopt-upstream-exact		fixed-target upstream-only content is byte-identical
internal/application/service/tenant_skill_transcript_test.go	-	A	100644	ddce68585c373f2f4633a9f39bf988f694e4237f	adopt-upstream-exact		fixed-target upstream-only content is byte-identical
internal/application/service/tenant_skill_verify.go	-	A	100644	1e63645ffd9669513edf5c35ce68674a23c5ae98	adopt-upstream-exact		fixed-target upstream-only content is byte-identical
internal/application/service/tenant_skill_verify.py	-	A	100644	78d6264dda85bca9b8c408b89044aa432a48614d	adopt-upstream-exact		fixed-target upstream-only content is byte-identical
internal/application/service/tenant_skill_verify_python_test.go	-	A	100644	1bfbf26a56dde63b2e7b1f99892290b402248715	adopt-upstream-exact		fixed-target upstream-only content is byte-identical
internal/application/service/user.go	M	M	100644	f8fa3a247123867e76c1dc5af037f427b3b08f0e	compose-three-way		overlap review composed target capability with Musuw product semantics at the existing owner
internal/application/service/user_admin_create_test.go	-	A	100644	a10bdbd79d79a2f62532dda692214ec5b76b2dff	adopt-upstream-exact		fixed-target upstream-only content is byte-identical
internal/application/service/user_auth_token_test.go	M	M	100644	0143a83c4af157c80b015f803775e9c68bfa3796	compose-three-way		overlap review composed target capability with Musuw product semantics at the existing owner
internal/application/service/user_env.go	-	A	100644	27a021f7d32a0770e978063fc3ac92419f246214	adopt-upstream-exact		fixed-target upstream-only content is byte-identical
internal/application/service/user_env_resolver.go	-	A	100644	193fb06ca953544148150135442b2e49bd5b599e	adopt-upstream-exact		fixed-target upstream-only content is byte-identical
internal/application/service/user_env_resolver_test.go	-	A	100644	585619c60462015fd11a3974b050171748bdfc4b	adopt-upstream-exact		fixed-target upstream-only content is byte-identical
internal/application/service/user_env_test.go	-	A	100644	a2e94314364f149f88f6b93f18da09e4ce604534	adopt-upstream-exact		fixed-target upstream-only content is byte-identical
internal/application/service/user_oidc_identity_test.go	A	-	100644	560ddcf291807b5df67ecdf8de00f68b6887a95a	preserve-musuw-exact		audited local-only content is byte-identical
internal/application/service/user_oidc_pkce_test.go	A	-	100644	4e9616ddbb7bcdeec6aa6593686daa344baa74e5	preserve-musuw-exact		audited local-only content is byte-identical
internal/application/service/user_oidc_security_test.go	M	-	100644	ec113ac7ef40483c3acfc37382b3bf2df62cc3cc	preserve-musuw-exact		audited local-only content is byte-identical
internal/application/service/user_provisioning_test.go	-	M	100644	52e8231adf32af729ef3b027ea16e9458ddc0f3d	adopt-upstream-exact		fixed-target upstream-only content is byte-identical
internal/application/service/vectorstore_healthcheck.go	-	M	100644	44f1caf9ff2d176778e79fcea21e1e4043c6eebf	adopt-upstream-exact		fixed-target upstream-only content is byte-identical
internal/application/service/vectorstore_healthcheck_ssrf_test.go	-	A	100644	2e23cf0049d8e94354805b178f49bec938282fa1	adopt-upstream-exact		fixed-target upstream-only content is byte-identical
internal/application/service/vectorstore_test.go	-	M	100644	7a9fd2c1ef0fa59b438199723acdc222ac37209b	adopt-upstream-exact		fixed-target upstream-only content is byte-identical
internal/application/service/video_ingestion.go	A	-	100644	d395210b7ba50a6be5c617bb2da18aa19938fb47	adapt-musuw-for-target		audited Musuw path retained and adapted at its existing owner for the target contract
internal/application/service/web_search_provider.go	-	M	100644	cb472f4dd9689528ce74bc7a5245d06d43bd3ebb	adopt-upstream-exact		fixed-target upstream-only content is byte-identical
internal/application/service/web_search_provider_test.go	-	M	100644	14b3b8fe2dd13f129e130655f4d3a3ed728ca052	adopt-upstream-exact		fixed-target upstream-only content is byte-identical
internal/application/service/weknoracloud.go	-	M	100644	0c838602f787e85117219b4ff7e33d0396186490	adopt-upstream-exact		fixed-target upstream-only content is byte-identical
internal/application/service/wiki_ingest.go	M	M	100644	f261b0be2923359ce35f10978181f2a1b89585ad	compose-three-way		overlap review composed target capability with Musuw product semantics at the existing owner
internal/application/service/wiki_ingest_batch.go	M	M	100644	5f921bdd4e5757280011b9cf41fc9da4c6012445	compose-three-way		overlap review composed target capability with Musuw product semantics at the existing owner
internal/application/service/wiki_ingest_cite.go	-	M	100644	40282494a59eb9958bc38fa238e004fe2341b6be	adopt-upstream-exact		fixed-target upstream-only content is byte-identical
internal/application/service/wiki_ingest_dedup.go	-	M	100644	899f2570ce749a2e4283098302d7f69370e683bc	adopt-upstream-exact		fixed-target upstream-only content is byte-identical
internal/application/service/wiki_ingest_dedup_test.go	-	M	100644	fdbe4c54ef8ba360bb6a189d5848c3f8587ca26f	adopt-upstream-exact		fixed-target upstream-only content is byte-identical
internal/application/service/wiki_ingest_taxonomy_test.go	-	M	100644	25e785a8d74cf94d9ad75749ab5e0a5c26119410	adopt-upstream-exact		fixed-target upstream-only content is byte-identical
internal/application/service/wiki_ingest_test.go	-	M	100644	091927df9ccf9f1f8e6cff872c68b57b9fc24c89	adopt-upstream-exact		fixed-target upstream-only content is byte-identical
internal/application/service/wiki_page.go	-	M	100644	f133d5565d2cf19866afca8177cc02bc8a5922be	adapt-upstream-for-musuw		fixed-target path is present with Musuw product/runtime adaptation
internal/application/service/wiki_page_test.go	-	M	100644	af353c0176358e797ba39900d0e2ebafd55247c3	adopt-upstream-exact		fixed-target upstream-only content is byte-identical
internal/common/redislock/token_lock.go	-	A	100644	18bb4b1f41c8704acac849e051434208de9250bf	adopt-upstream-exact		fixed-target upstream-only content is byte-identical
internal/common/redislock/token_lock_test.go	-	A	100644	50c47b3908d219843b93a9c469d70fcb05ebbffb	adopt-upstream-exact		fixed-target upstream-only content is byte-identical
internal/common/tools.go	-	M	100644	93db4158cf74c6a7b688734987a383fe1f00667a	adopt-upstream-exact		fixed-target upstream-only content is byte-identical
internal/common/tools_test.go	-	M	100644	53ec83d8b6805582777b90b724351196e39c28b3	adopt-upstream-exact		fixed-target upstream-only content is byte-identical
internal/config/auth_legacy_env_test.go	-	M	100644	fcf6d066238b734e1a7b7b865da439e05295edef	adopt-upstream-exact		fixed-target upstream-only content is byte-identical
internal/config/config.go	-	M	100644	2408a8dcf0c5c521de448555127de32fc4ebed6e	adopt-upstream-exact		fixed-target upstream-only content is byte-identical
internal/config/prompt_branding_test.go	A	-	100644	1f7195a5e229dc3af2296b9ab394a1047e777071	adapt-musuw-for-target		audited Musuw path retained and adapted at its existing owner for the target contract
internal/container/container.go	M	M	100644	35652ea4b5080fad962359b9e03a9069eb248209	compose-three-way		overlap review composed target capability with Musuw product semantics at the existing owner
internal/container/engine_factory.go	-	M	100644	c37f757d5b4e0e76df05b8e6b1e1ad0b8e1d3649	adopt-upstream-exact		fixed-target upstream-only content is byte-identical
internal/container/engine_factory_test.go	-	M	100644	6114df4a5070263bd04cf68cdca919c3e8dc46c4	adopt-upstream-exact		fixed-target upstream-only content is byte-identical
internal/container/sandbox.go	-	A	100644	ceae1f826ea5b01de618ca69000dd0e914e27b12	adapt-upstream-for-musuw		fixed-target path is present with Musuw product/runtime adaptation
internal/container/sandbox_test.go	-	A	100644	cb9f664e26a810f7cf950dfd8be9541a3f97d32d	adapt-upstream-for-musuw		fixed-target path is present with Musuw product/runtime adaptation
internal/container/ssrf_test.go	-	A	100644	69173a501b23417d3b6e2bed7b710fa2d78d840f	adopt-upstream-exact		fixed-target upstream-only content is byte-identical
internal/database/migration_sqlite_test.go	-	A	100644	dcaa83e6215c47d679901e491bbba1eb1a573050	adopt-upstream-exact		fixed-target upstream-only content is byte-identical
internal/database/migration_sqlite_versioned_schema_test.go	-	A	100644	db1d1651d80c25a9d6de8f076752f0d959bf51a0	adapt-upstream-for-musuw		fixed-target path is present with Musuw product/runtime adaptation
internal/datasource/connector.go	-	M	100644	c7c51baab45ce17262d198c7ee1ed02cc6390322	adopt-upstream-exact		fixed-target upstream-only content is byte-identical
internal/datasource/connector/gitlab/client.go	-	A	100644	710d51f894fbd5130452073328467133461a0d2a	adopt-upstream-exact		fixed-target upstream-only content is byte-identical
internal/datasource/connector/gitlab/client_test.go	-	A	100644	3654bbdd158ae87042ad876293eaa086500c14cd	adopt-upstream-exact		fixed-target upstream-only content is byte-identical
internal/datasource/connector/gitlab/connector.go	-	A	100644	ec512e7199d2e84f316e2bca4486c241edd5c498	adopt-upstream-exact		fixed-target upstream-only content is byte-identical
internal/datasource/connector/gitlab/types.go	-	A	100644	4b018ecb08aa3aadf87addfcc17c356bd78252c3	adopt-upstream-exact		fixed-target upstream-only content is byte-identical
internal/datasource/connector/gitlab/types_test.go	-	A	100644	449613ca08c3b16c39e1afbc6e75b502360097f5	adopt-upstream-exact		fixed-target upstream-only content is byte-identical
internal/datasource/connector/ima/client.go	-	A	100644	743dadf0458f41f839797c30a5abf528c252450b	adopt-upstream-exact		fixed-target upstream-only content is byte-identical
internal/datasource/connector/ima/connector.go	-	A	100644	89c305a19c99b53d25d411a87fedc0c2fade4e19	adopt-upstream-exact		fixed-target upstream-only content is byte-identical
internal/datasource/connector/ima/connector_test.go	-	A	100644	d1a447e786714c534d40cc946ccd90a77b433a89	adopt-upstream-exact		fixed-target upstream-only content is byte-identical
internal/datasource/connector/ima/fake_ima_test.go	-	A	100644	f0026c62e5669cbc2070c0b5b6d73f64ad45b6e7	adopt-upstream-exact		fixed-target upstream-only content is byte-identical
internal/datasource/connector/ima/types.go	-	A	100644	48569f2e38f36441d3e18f9d7b51b371ec62b707	adopt-upstream-exact		fixed-target upstream-only content is byte-identical
internal/datasource/connector/ima/types_test.go	-	A	100644	a24defd765b776c309e0f9fb32bdf9c3a1e94a31	adapt-upstream-for-musuw		fixed-target path is present with Musuw product/runtime adaptation
internal/datasource/connector/notion/client.go	-	M	100644	d5d07171e1af2ce3ea3a8cae56546e5294cfafc1	adopt-upstream-exact		fixed-target upstream-only content is byte-identical
internal/datasource/connector/notion/client_test.go	M	-	100644	384eae64e642db6b52d45ce92d367e159c8f53d9	preserve-musuw-exact		audited local-only content is byte-identical
internal/datasource/connector/notion/types.go	-	M	100644	8280fed8febd4d0827a2cb612a1b1a2cb63f3391	adopt-upstream-exact		fixed-target upstream-only content is byte-identical
internal/datasource/connector/yuque/connector_test.go	M	M	100644	75bf3305492d5a5f9d85911518b65ab098faef91	preserve-musuw-exact		overlap review retained the audited Musuw content exactly
internal/datasource/httpclient_test.go	M	-	100644	0f53759e80a5ecac1eb169758d413e138dc87be6	preserve-musuw-exact		audited local-only content is byte-identical
internal/event/event.go	-	M	100644	e32d98d79e5d10beaa49b6e60d613c6b17f31e46	adopt-upstream-exact		fixed-target upstream-only content is byte-identical
internal/event/event_data.go	-	M	100644	8679a5a2ffbfbb982519f87947846063d3f31cc1	adapt-upstream-for-musuw		fixed-target path is present with Musuw product/runtime adaptation
internal/handler/account_erasure.go	A	-	100644	29be4da1e80a9f3013ec118f6b4bda805497a6e4	preserve-musuw-exact		audited local-only content is byte-identical
internal/handler/account_erasure_test.go	A	-	100644	cbf0c8baa1d90428cd25d1415846aaa3505ae10c	preserve-musuw-exact		audited local-only content is byte-identical
internal/handler/auth.go	M	M	100644	60a612b3f80582fddff73d6d26f818e7515abf36	compose-three-way		overlap review composed target capability with Musuw product semantics at the existing owner
internal/handler/auth_change_password_test.go	-	A	100644	137696b13e49bea4a3d36d8e15d07a2e5c5980eb	adopt-upstream-exact		fixed-target upstream-only content is byte-identical
internal/handler/auth_oidc_pkce_test.go	A	-	100644	6182b79b6694792cd571af5fac01c550703a5c55	preserve-musuw-exact		audited local-only content is byte-identical
internal/handler/auth_oidc_registration_policy.go	A	-	100644	cea7b41c18ab6a1605aeb5946dd867f205b034c0	preserve-musuw-exact		audited local-only content is byte-identical
internal/handler/auth_oidc_registration_policy_test.go	A	-	100644	d00b5263150eb598def809a61f9823d359d8ae8c	preserve-musuw-exact		audited local-only content is byte-identical
internal/handler/auth_oidc_start_test.go	-	A	100644	1b7b2335f648843297db736e916c86ac8bc74d8b	adopt-upstream-exact		fixed-target upstream-only content is byte-identical
internal/handler/auth_unavailable_test.go	A	-	100644	83e8c314bfd23fd445b70075859ab87482b56e8f	preserve-musuw-exact		audited local-only content is byte-identical
internal/handler/consumer_model_options_test.go	A	-	100644	d6b7e1e3ac774415e17a42212c8579d0f7782863	preserve-musuw-exact		audited local-only content is byte-identical
internal/handler/custom_agent.go	-	M	100644	c205dc29a769e5e5055a53477c7e6c8681ae771a	adopt-upstream-exact		fixed-target upstream-only content is byte-identical
internal/handler/custom_agent_sandbox_test.go	-	A	100644	982fd02a6b44c3a68156297620ae96054025c98c	adopt-upstream-exact		fixed-target upstream-only content is byte-identical
internal/handler/deployment_capabilities.go	-	A	100644	569fabd3e7a445653e0414d35e9d20368c8a51e5	adapt-upstream-for-musuw		fixed-target path is present with Musuw product/runtime adaptation
internal/handler/deployment_capabilities_test.go	-	A	100644	2b4ff8ecff72b3ffa00bc715912664eb26f5a2fb	adopt-upstream-exact		fixed-target upstream-only content is byte-identical
internal/handler/dto/auth.go	-	M	100644	3afe35f32442742c2320b4b25cb5639f49b342a9	adopt-upstream-exact		fixed-target upstream-only content is byte-identical
internal/handler/dto/datasource.go	-	M	100644	a3e4f52066ac5ab601169b494fd1ba022550081e	adopt-upstream-exact		fixed-target upstream-only content is byte-identical
internal/handler/dto/datasource_test.go	M	-	100644	e5113a665b144371cf2337ab84f6d1125d68407c	preserve-musuw-exact		audited local-only content is byte-identical
internal/handler/dto/model.go	M	-	100644	c85d8b5a851b05feda943b4e9c3b3ff12a3b6d8a	preserve-musuw-exact		audited local-only content is byte-identical
internal/handler/dto/tenant.go	-	M	100644	881719f80583b69b95a0b7346a4049db326bbf4a	adopt-upstream-exact		fixed-target upstream-only content is byte-identical
internal/handler/dto/web_search_provider.go	-	M	100644	17fcf7feea206b2cca5d9c26b22f8a83d2ae8faf	adopt-upstream-exact		fixed-target upstream-only content is byte-identical
internal/handler/embed_channel_exchange_test.go	-	M	100644	df5e1040a94b22527a7a00cfbf097b6993334fce	adopt-upstream-exact		fixed-target upstream-only content is byte-identical
internal/handler/embed_resource_urls_test.go	-	M	100644	4613381392aee678f6c424ef1c287003ed3cb752	adopt-upstream-exact		fixed-target upstream-only content is byte-identical
internal/handler/embed_session_test.go	-	M	100644	c553e2e1e333c74aa7d64298c924b36dded9ef8a	adopt-upstream-exact		fixed-target upstream-only content is byte-identical
internal/handler/entitlement.go	A	-	100644	b7f3d54fc4d26a0564df7cd8cf4e335f5beec6cb	adapt-musuw-for-target		audited Musuw path retained and adapted at its existing owner for the target contract
internal/handler/entitlement_public_config_test.go	A	-	100644	0cb7a3864f3fa17cec4c9b99707b3dc7e3fbc9b9	preserve-musuw-exact		audited local-only content is byte-identical
internal/handler/entitlement_test.go	A	-	100644	5d9ae5369767c843b0afb021e5dd862cc3a67f2a	adapt-musuw-for-target		audited Musuw path retained and adapted at its existing owner for the target contract
internal/handler/im.go	-	M	100644	ac0aff89b539535a88633fd675cae37277ee4b2d	adapt-upstream-for-musuw		fixed-target path is present with Musuw product/runtime adaptation
internal/handler/initialization.go	M	-	100644	5583aebd79465df9ee25a513dd23bfc8bccc8f2a	preserve-musuw-exact		audited local-only content is byte-identical
internal/handler/initialization_consumer_models_test.go	A	-	100644	c03d299eabc9407fd3734240cf7b58bb4e4d24e2	preserve-musuw-exact		audited local-only content is byte-identical
internal/handler/knowledge.go	M	M	100644	80c4b8f4cb3b416ecb4715026744318768bef783	compose-three-way		overlap review composed target capability with Musuw product semantics at the existing owner
internal/handler/knowledgebase.go	M	M	100644	b3788a6331e9655e5f3b30da019d10feac257a54	compose-three-way		overlap review composed target capability with Musuw product semantics at the existing owner
internal/handler/knowledgebase_copy_preflight_test.go	M	-	100644	b927839555d0e7cedc0009b85488e235b5bc8eff	preserve-musuw-exact		audited local-only content is byte-identical
internal/handler/knowledgebase_hybrid_search_resource_urls_test.go	-	A	100644	513110dc86cae6ec9612d19521d20344d951c206	adopt-upstream-exact		fixed-target upstream-only content is byte-identical
internal/handler/knowledgebase_hybrid_search_test.go	-	M	100644	4ded29b65d6528a1642264b04039c4f79a3a9c3f	adopt-upstream-exact		fixed-target upstream-only content is byte-identical
internal/handler/knowledgebase_lite_visible_strategy_test.go	A	-	100644	1763303107076386279a96f9f68b65f5317a4c79	adapt-musuw-for-target		audited Musuw path retained and adapted at its existing owner for the target contract
internal/handler/knowledgebase_not_found_test.go	-	M	100644	9e8a7caa224145da2968326efe87e34e9a3db2dd	adopt-upstream-exact		fixed-target upstream-only content is byte-identical
internal/handler/list_pagination.go	-	M	100644	3e470db6b63c1deb5559fbebe0966bea2f3f07b2	adopt-upstream-exact		fixed-target upstream-only content is byte-identical
internal/handler/list_pagination_test.go	-	A	100644	4d0ffefacbc984ac63350a4de1c35054a7b0a732	adopt-upstream-exact		fixed-target upstream-only content is byte-identical
internal/handler/mcp_service.go	-	M	100644	a27b37098c90904519469af954d74c0005b71e2b	adopt-upstream-exact		fixed-target upstream-only content is byte-identical
internal/handler/me_env_var.go	-	A	100644	b2a36ae5f06f6eb2c3190fe0be777c52816cae36	adopt-upstream-exact		fixed-target upstream-only content is byte-identical
internal/handler/me_env_var_test.go	-	A	100644	68259bcc2fd25205a9e2826ce6aed6f404074dc1	adopt-upstream-exact		fixed-target upstream-only content is byte-identical
internal/handler/memory.go	-	A	100644	47b32eb7b8ecb9fc7cab593f0f417b9508b2cf00	adopt-upstream-exact		fixed-target upstream-only content is byte-identical
internal/handler/message.go	M	-	100644	b320142e2c57db87b07b760b19c04f88276c7b43	preserve-musuw-exact		audited local-only content is byte-identical
internal/handler/model.go	M	-	100644	6b70a8291de87f4cb1be6ff7f17544aa3bb5f44b	preserve-musuw-exact		audited local-only content is byte-identical
internal/handler/organization.go	-	M	100644	dcc08e0daaaea490c455a91bcc52f6744caef492	adapt-upstream-for-musuw		fixed-target path is present with Musuw product/runtime adaptation
internal/handler/sandbox_check.go	-	A	100644	6158b84ba27085a78e94eec5f938fd0d4dcd3692	adopt-upstream-exact		fixed-target upstream-only content is byte-identical
internal/handler/sandbox_check_test.go	-	A	100644	5c2b5227a0e81834f53ab033a80dc4520d17b8e0	adopt-upstream-exact		fixed-target upstream-only content is byte-identical
internal/handler/sandbox_config.go	-	A	100644	98e4ddcd04a88d3896710f569789f784a7232381	adopt-upstream-exact		fixed-target upstream-only content is byte-identical
internal/handler/sandbox_config_test.go	-	A	100644	1e88b207d2f44306c7d8f560a550491e01cf16cc	adopt-upstream-exact		fixed-target upstream-only content is byte-identical
internal/handler/sandbox_skill.go	-	A	100644	d00b6bd0857cbc4757a09ca3701a479bccaa9729	adopt-upstream-exact		fixed-target upstream-only content is byte-identical
internal/handler/sandbox_skill_env_test.go	-	A	100644	644eed7bc42a74745b33c57ddb55cdc1cb64d7be	adopt-upstream-exact		fixed-target upstream-only content is byte-identical
internal/handler/sandbox_skill_test.go	-	A	100644	34b8b8f1b11662801bd90e2ffbb280f04396311b	adopt-upstream-exact		fixed-target upstream-only content is byte-identical
internal/handler/session/agent_stream_handler.go	M	M	100644	75eb38563c314d1bf1c2ab8d69a5509a2716e0c4	compose-three-way		overlap review composed target capability with Musuw product semantics at the existing owner
internal/handler/session/agent_stream_handler_error_test.go	A	-	100644	674025cccc2e91ab58235a72e64cd9cc9d349aec	adapt-musuw-for-target		audited Musuw path retained and adapted at its existing owner for the target contract
internal/handler/session/artifact_download.go	-	A	100644	6186bed8b3bea9a895f489d34e805aed08c348cb	adopt-upstream-exact		fixed-target upstream-only content is byte-identical
internal/handler/session/artifact_download_test.go	-	A	100644	e58a1d202b494ff345889551555df249eaed6eac	adopt-upstream-exact		fixed-target upstream-only content is byte-identical
internal/handler/session/artifact_reference.go	-	A	100644	1152b10bb4c15a5b9f84f869960635cbf1dc04eb	adopt-upstream-exact		fixed-target upstream-only content is byte-identical
internal/handler/session/artifact_reference_test.go	-	A	100644	c17f276976a483995ad2c4f8c5b116cff274b182	adopt-upstream-exact		fixed-target upstream-only content is byte-identical
internal/handler/session/attachment_processor.go	-	M	100644	358b4219c83b2aa3f2b573974e86b4868797c0c4	adopt-upstream-exact		fixed-target upstream-only content is byte-identical
internal/handler/session/handler.go	-	M	100644	a9840a5651e0a00afaa41c25347680a5bbf1f91a	adapt-upstream-for-musuw		fixed-target path is present with Musuw product/runtime adaptation
internal/handler/session/helpers.go	-	M	100644	c8a1e9ef51388c704bf60713553420a2bb8b5ce9	adapt-upstream-for-musuw		fixed-target path is present with Musuw product/runtime adaptation
internal/handler/session/helpers_test.go	-	M	100644	f9537da1200583e627030c3ef2ef5713eec8f502	adopt-upstream-exact		fixed-target upstream-only content is byte-identical
internal/handler/session/qa.go	M	M	100644	cc8aa69bb5d0e2058506bb348d59551b192527a8	compose-three-way		overlap review composed target capability with Musuw product semantics at the existing owner
internal/handler/session/qa_attachment_test.go	-	A	100644	9e4056bc25e60c0d552ce838570b7ce0f170bb58	adopt-upstream-exact		fixed-target upstream-only content is byte-identical
internal/handler/session/qa_title_routing_test.go	A	-	100644	9b60ab69f0e829deadf56f0d435f5821cb40ae03	adapt-musuw-for-target		audited Musuw path retained and adapted at its existing owner for the target contract
internal/handler/session/quick_answer_timeline.go	-	A	100644	1c6f1508313dc9dccb228bc638f6548c6863115a	adopt-upstream-exact		fixed-target upstream-only content is byte-identical
internal/handler/session/quick_answer_timeline_test.go	-	A	100644	433893db5873231ee8306bc1e3514ce8b6556996	adopt-upstream-exact		fixed-target upstream-only content is byte-identical
internal/handler/session/request_thinking_test.go	A	-	100644	d4d9015db361325666328f477de9f1aaa78c8d10	preserve-musuw-exact		audited local-only content is byte-identical
internal/handler/session/resource_urls_test.go	M	-	100644	c84d6cb24a5299c315337a7001c4eb5b7f9375b7	preserve-musuw-exact		audited local-only content is byte-identical
internal/handler/session/stream.go	M	-	100644	2761b424792b72c2c850411a5acb2b588f4200b7	preserve-musuw-exact		audited local-only content is byte-identical
internal/handler/session/stream_usage_test.go	-	A	100644	2832efe0dea9208233d9f8a2d932fecafc58ba08	adopt-upstream-exact		fixed-target upstream-only content is byte-identical
internal/handler/session/types.go	M	-	100644	445ab734032e1356ea058d00678553d2c4b6f7fb	adapt-musuw-for-target		audited Musuw path retained and adapted at its existing owner for the target contract
internal/handler/skill_catalog.go	-	A	100644	333947aa41d11ef146643ba6ce480f6bdda516ed	adopt-upstream-exact		fixed-target upstream-only content is byte-identical
internal/handler/skill_catalog_test.go	-	A	100644	8648489a9bcb4584f43ffdda5327d6c320f0a2ea	adopt-upstream-exact		fixed-target upstream-only content is byte-identical
internal/handler/skill_handler.go	-	M	100644	2a261d9f68ac89351692d1bdbcf74aea8430ac79	adapt-upstream-for-musuw		fixed-target path is present with Musuw product/runtime adaptation
internal/handler/skill_handler_test.go	-	A	100644	6109476cc4c832b72b0a6816cc5dbdb4ecbe6fbd	adapt-upstream-for-musuw		fixed-target path is present with Musuw product/runtime adaptation
internal/handler/system.go	M	M	100644	cf148a85dd21aafe0beb5f1fccfca299b09fc947	compose-three-way		overlap review composed target capability with Musuw product semantics at the existing owner
internal/handler/system_consumer_model_policy.go	A	-	100644	ce46c809776a4e8ba5b868aa40e403dae1932d78	preserve-musuw-exact		audited local-only content is byte-identical
internal/handler/system_consumer_model_policy_test.go	A	-	100644	f3068a170307dbb94e3ff39c4c38626b4263f55b	preserve-musuw-exact		audited local-only content is byte-identical
internal/handler/system_runtime_revision_test.go	A	-	100644	17f8d7b507f79309d9e1e05f166150d9b395b59a	preserve-musuw-exact		audited local-only content is byte-identical
internal/handler/system_runtime_test.go	M	M	100644	e52f17640e4d718af0c95f2bff02c75247f6bd56	compose-three-way		overlap review composed target capability with Musuw product semantics at the existing owner
internal/handler/system_storage_quota_test.go	A	-	100644	fe89b0af47c1cb4f235a4070e808c11748098120	preserve-musuw-exact		audited local-only content is byte-identical
internal/handler/system_tenant_operations_test.go	A	-	100644	68978c285dd532a482b097354e391572290476ef	preserve-musuw-exact		audited local-only content is byte-identical
internal/handler/system_user_create_test.go	-	A	100644	4b9af3cbf1632c33593e792c95d5c66fb8f0770d	adopt-upstream-exact		fixed-target upstream-only content is byte-identical
internal/handler/system_user_investigation.go	A	-	100644	8cd4580229a16c3d4040577191726384c839cb32	preserve-musuw-exact		audited local-only content is byte-identical
internal/handler/system_user_investigation_test.go	A	-	100644	d20f7e0f6db6c1922a798fc79e467028371709f5	preserve-musuw-exact		audited local-only content is byte-identical
internal/handler/tenant.go	M	M	100644	ee63bd0dc74b70bcd24c51dea6094aaff869d1c4	compose-three-way		overlap review composed target capability with Musuw product semantics at the existing owner
internal/handler/tenant_api_key_validation_test.go	-	M	100644	020cfd777f789d552536b48a7193846e0365671c	adopt-upstream-exact		fixed-target upstream-only content is byte-identical
internal/handler/tenant_invitation.go	-	M	100644	6b705526fb08c3ff69109820bba5d85096cc13e1	adopt-upstream-exact		fixed-target upstream-only content is byte-identical
internal/handler/tenant_invitation_accept_by_token_test.go	-	A	100644	66f07a9fbb135a24549c4359c5910e06413a1473	adopt-upstream-exact		fixed-target upstream-only content is byte-identical
internal/handler/tenant_invitation_auto_accept_test.go	-	A	100644	e950bb001d6e5d64d2e1b21b49490920502e0f39	adopt-upstream-exact		fixed-target upstream-only content is byte-identical
internal/handler/tenant_member.go	-	M	100644	cfcf6603712aab52c4b9bf5b522370d2296eee50	adopt-upstream-exact		fixed-target upstream-only content is byte-identical
internal/handler/tenant_member_test.go	-	M	100644	e3d2b6b80c1816e31c3343518f39b86588d78f0f	adopt-upstream-exact		fixed-target upstream-only content is byte-identical
internal/handler/tenant_openrouter_response_test.go	A	-	100644	6017b0f6e77145c51d4759e348ac2f26cb1a6b1e	preserve-musuw-exact		audited local-only content is byte-identical
internal/handler/tenant_policy.go	M	-	100644	41578e0f74043b9746adc5c174efba46f1c0ecad	preserve-musuw-exact		audited local-only content is byte-identical
internal/handler/tenant_retrieval_consumer_test.go	A	-	100644	562729a2595b6230dc180dedb750125fd21e0e52	preserve-musuw-exact		audited local-only content is byte-identical
internal/handler/tenant_secret_disclosure_test.go	M	-	100644	9fa9f0d3b8723997bc45da380f0ffed9367d1df2	preserve-musuw-exact		audited local-only content is byte-identical
internal/handler/wiki_page.go	-	M	100644	30b840e1ffbab16227dc2540d2378dcc98aa24f9	adapt-upstream-for-musuw		fixed-target path is present with Musuw product/runtime adaptation
internal/handler/wiki_page_graph_test.go	A	-	100644	1f9d4e5bcb011f2d611918e0fad279607aa8ca4e	adapt-musuw-for-target		audited Musuw path retained and adapted at its existing owner for the target contract
internal/im/adapter.go	-	M	100644	6db12da68643bd56f8c9a0fcc164308b000da113	adopt-upstream-exact		fixed-target upstream-only content is byte-identical
internal/im/channel_agent_name_test.go	-	A	100644	dde8f79f76438f64441b0ffb838262c5a127c16c	adopt-upstream-exact		fixed-target upstream-only content is byte-identical
internal/im/dingtalk/adapter.go	-	M	100644	45d96e4bddfd3f3c71601e64e63fb9283ce1cf88	adopt-upstream-exact		fixed-target upstream-only content is byte-identical
internal/im/dingtalk/adapter_test.go	-	M	100644	1c33cac2d26d37f8d84e0818dd1ede2dc77ba4bc	adopt-upstream-exact		fixed-target upstream-only content is byte-identical
internal/im/dingtalk/download_test.go	-	M	100644	1eeb5dee9999f22f43944cb42d87349651ea7950	adopt-upstream-exact		fixed-target upstream-only content is byte-identical
internal/im/feishu/adapter.go	-	M	100644	6b6d124ccfe6c4907f2a4560342cbc4d40ce9341	adopt-upstream-exact		fixed-target upstream-only content is byte-identical
internal/im/feishu/factory.go	-	M	100644	c9ef1c4a7063b72c18041e66f0a7808519086d44	adopt-upstream-exact		fixed-target upstream-only content is byte-identical
internal/im/feishu/longconn.go	-	M	100644	40873398309c1d23c9a915a9dbf2ce4fd34e5804	adopt-upstream-exact		fixed-target upstream-only content is byte-identical
internal/im/feishu/region_test.go	-	M	100644	53f1dc9f8c2277ba739a734efdb71f2ebe379810	adopt-upstream-exact		fixed-target upstream-only content is byte-identical
internal/im/feishu/send_e2e_test.go	-	M	100644	762e2262c2948030de458775f368ab11bd1a9347	adopt-upstream-exact		fixed-target upstream-only content is byte-identical
internal/im/file_message_test.go	-	A	100644	3653fb612c9c2d640b657b6fb9e89a693238f263	adopt-upstream-exact		fixed-target upstream-only content is byte-identical
internal/im/mattermost/adapter.go	-	M	100644	0fd3811238c36d39c65fcb7b5656302ee03ad05f	adopt-upstream-exact		fixed-target upstream-only content is byte-identical
internal/im/qqbot/longconn.go	-	M	100644	7e468c3c213ca3df3789f9099f47f1c92d0b736b	adopt-upstream-exact		fixed-target upstream-only content is byte-identical
internal/im/service.go	-	M	100644	52d410626464f0bfdccc429d1db903a5e1c484a2	adapt-upstream-for-musuw		fixed-target path is present with Musuw product/runtime adaptation
internal/im/slack/adapter_test.go	-	M	100644	4501fe53aa9254955b1fde8e9c4a49adf13421a2	adopt-upstream-exact		fixed-target upstream-only content is byte-identical
internal/im/stream_display_test.go	-	M	100644	915ea326169e70be8d3d047fe31eab544df3bc5b	adopt-upstream-exact		fixed-target upstream-only content is byte-identical
internal/im/stream_test.go	-	M	100644	e82c2a0aa1cc3dedf664e401123b64015ef25f9e	adopt-upstream-exact		fixed-target upstream-only content is byte-identical
internal/im/telegram/adapter.go	-	M	100644	998594694b31e48f261b089179276c86f79fdc4f	adopt-upstream-exact		fixed-target upstream-only content is byte-identical
internal/im/telegram/longconn.go	-	M	100644	7d85d5e5caf21d0f34cefbf3885a32dfeb35a252	adopt-upstream-exact		fixed-target upstream-only content is byte-identical
internal/im/think_test.go	-	M	100644	25f5b600459bdecb2ac89c38a74189af81689795	adopt-upstream-exact		fixed-target upstream-only content is byte-identical
internal/im/tool_display.go	-	M	100644	992293f4832a5e3c99ed2867203ebc512d73d70c	adopt-upstream-exact		fixed-target upstream-only content is byte-identical
internal/im/tool_display_test.go	-	M	100644	e6a0f380e9f1f84a5d578f6d047bf3b98627bbe6	adopt-upstream-exact		fixed-target upstream-only content is byte-identical
internal/im/wechat/adapter.go	-	M	100644	52411069246f17dffb3cb15683884056f7c40e77	adopt-upstream-exact		fixed-target upstream-only content is byte-identical
internal/im/wechat/longpoll.go	-	M	100644	e892279e6bd09e2ee841278ca78a35ebc5e84ba3	adopt-upstream-exact		fixed-target upstream-only content is byte-identical
internal/im/wechat/qrcode.go	-	M	100644	3bed70173f9ef5ea14d506a329ed78acedb05d71	adopt-upstream-exact		fixed-target upstream-only content is byte-identical
internal/im/wecom/longconn.go	-	M	100644	3ecd6cf451a7dcf8eeafa1f9ccb8fc32e4075e83	adopt-upstream-exact		fixed-target upstream-only content is byte-identical
internal/im/wecom/quote_test.go	-	M	100644	f38c6be1acedacc0dda08948aa1f3c89fe359bc4	adopt-upstream-exact		fixed-target upstream-only content is byte-identical
internal/im/wecom/webhook_adapter.go	-	M	100644	963f62a8ed580fdf5ca84af2e1adb09e622794d7	adopt-upstream-exact		fixed-target upstream-only content is byte-identical
internal/im/wecom/webhook_adapter_test.go	-	A	100644	0e8a35e62759d23996717475e40d85fa0b5a94df	adopt-upstream-exact		fixed-target upstream-only content is byte-identical
internal/im/yunzhijia/adapter.go	-	M	100644	7492609401970f2de729e326b31855cc671e27b6	adopt-upstream-exact		fixed-target upstream-only content is byte-identical
internal/im/yunzhijia/adapter_test.go	-	M	100644	c1c739d91911f16d287a27d78e96d82c4e7f9f18	adopt-upstream-exact		fixed-target upstream-only content is byte-identical
internal/im/yunzhijia/types.go	-	M	100644	7fdb4bad394780a7526ab8ab0835f8fa3dde8774	adopt-upstream-exact		fixed-target upstream-only content is byte-identical
internal/infrastructure/chunker/patterns_test.go	-	M	100644	e60d6c4a2aa07be09ae9b2b6e3f1c069986b0fe2	adopt-upstream-exact		fixed-target upstream-only content is byte-identical
internal/infrastructure/chunker/strategy.go	-	M	100644	053bf39573ab4d20498f1319c4d0a0de96d092c5	adopt-upstream-exact		fixed-target upstream-only content is byte-identical
internal/infrastructure/chunker/strategy_test.go	-	M	100644	4c565ec00390ec9feac4e010348cdfa5c1c86275	adopt-upstream-exact		fixed-target upstream-only content is byte-identical
internal/infrastructure/docparser/anydoc/anydoc.go	-	A	100644	5965f26e6dcc7a4a654b054d2b7e477f1e69d140	adopt-upstream-exact		fixed-target upstream-only content is byte-identical
internal/infrastructure/docparser/anydoc/anydoc_test.go	-	A	100644	b54024e4372cea40b57520d0bce206f858166e5e	adopt-upstream-exact		fixed-target upstream-only content is byte-identical
internal/infrastructure/docparser/anydoc/backend_cgo.go	-	A	100644	4a1040222fcd341e24f3824664a0976d6602689f	adopt-upstream-exact		fixed-target upstream-only content is byte-identical
internal/infrastructure/docparser/anydoc/backend_stub.go	-	A	100644	2f36ccae2ac490844136550a75db3fd0379c344f	adopt-upstream-exact		fixed-target upstream-only content is byte-identical
internal/infrastructure/docparser/anydoc/convert_linked_test.go	-	A	100644	daf8512fbf9c93f2ec88572fa0ac20df6d7989c1	adopt-upstream-exact		fixed-target upstream-only content is byte-identical
internal/infrastructure/docparser/anydoc_reader.go	-	A	100644	10a38e472c229fe40b31569864586d673aa43222	adopt-upstream-exact		fixed-target upstream-only content is byte-identical
internal/infrastructure/docparser/anydoc_reader_test.go	-	A	100644	d09bf4aeb90939870db2164c3cf49b9b5e81b845	adopt-upstream-exact		fixed-target upstream-only content is byte-identical
internal/infrastructure/docparser/doc.go	-	A	100644	d3bc5cf874b05038bddaa7964d104a917eb91204	adopt-upstream-exact		fixed-target upstream-only content is byte-identical
internal/infrastructure/docparser/engine_registry.go	-	M	100644	998792182315bde7497b415eeec6f67bf7782612	adopt-upstream-exact		fixed-target upstream-only content is byte-identical
internal/infrastructure/docparser/engine_registry_reader_test.go	-	A	100644	2b37b06d9a0bff67ff6c6e1573d2b2fc59731191	adopt-upstream-exact		fixed-target upstream-only content is byte-identical
internal/infrastructure/docparser/engine_registry_test.go	-	M	100644	26ba84e7573ca7552dddec71b6535738de07acc4	adopt-upstream-exact		fixed-target upstream-only content is byte-identical
internal/infrastructure/docparser/engines.go	-	A	100644	0dafa648d2bd4fda413367f4ba1219379ec2ba91	adopt-upstream-exact		fixed-target upstream-only content is byte-identical
internal/infrastructure/docparser/http_parser.go	-	M	100644	aeca68e60f08c54d81fe384032bce1a133cbdd6b	adopt-upstream-exact		fixed-target upstream-only content is byte-identical
internal/infrastructure/docparser/image_resolver.go	M	-	100644	a14d88470ec18473ed555712d1ec41f7162a20a7	adapt-musuw-for-target		audited Musuw path retained and adapted at its existing owner for the target contract
internal/infrastructure/docparser/json_converter_test.go	-	M	100644	a2231b364489b664eec59367cafaa11c602085a0	adopt-upstream-exact		fixed-target upstream-only content is byte-identical
internal/infrastructure/docparser/mineru_converter.go	-	M	100644	1c7f1372a453546803e49c3c50f1b562dd13e5a4	adopt-upstream-exact		fixed-target upstream-only content is byte-identical
internal/infrastructure/docparser/mineru_converter_test.go	-	M	100644	4310d9fdb8e00da78f7dcc60d7aa3c723be34f13	adopt-upstream-exact		fixed-target upstream-only content is byte-identical
internal/infrastructure/docparser/paddleocr_vl_cloud_converter.go	-	M	100644	98cfc01336c4cb01ad2058a22393576cf98d90b4	adopt-upstream-exact		fixed-target upstream-only content is byte-identical
internal/infrastructure/docparser/paddleocr_vl_converter.go	-	M	100644	313d3b74e74cc8a6f8a5066838f1d011c8018b8d	adopt-upstream-exact		fixed-target upstream-only content is byte-identical
internal/infrastructure/docparser/weknoracloud_http_reader.go	-	M	100644	f19ef7106e9a9e66d8f8620a761a57b08c48390b	adopt-upstream-exact		fixed-target upstream-only content is byte-identical
internal/infrastructure/tikhub/importer.go	A	-	100644	a17929d3763c75826ba6b1e59b9d964e1a3d4a68	adapt-musuw-for-target		audited Musuw path retained and adapted at its existing owner for the target contract
internal/infrastructure/tikhub/importer_test.go	A	-	100644	24b0f759ce1673c9bc62144b381675c33c4fc5d6	adapt-musuw-for-target		audited Musuw path retained and adapted at its existing owner for the target contract
internal/infrastructure/tikhub/route.go	A	-	100644	ff7a1e8e7a4f00136793d4a0be9c7be4dc59457a	preserve-musuw-exact		audited local-only content is byte-identical
internal/infrastructure/web_search/baidu.go	-	M	100644	3a8490e12fdad5b6b556643e303da4d68cbdb125	adopt-upstream-exact		fixed-target upstream-only content is byte-identical
internal/infrastructure/web_search/exa.go	-	A	100644	5e04520940cf1a6d7d3c2ca31b585b414b2e1cf6	adopt-upstream-exact		fixed-target upstream-only content is byte-identical
internal/infrastructure/web_search/exa_test.go	-	A	100644	23544c159e8bb13b5adfb74748fa11d66f2bcb88	adopt-upstream-exact		fixed-target upstream-only content is byte-identical
internal/infrastructure/web_search/metaso.go	-	A	100644	e3fa5f05eb5fd4c6a3e45ce2c77edf19af469fca	adopt-upstream-exact		fixed-target upstream-only content is byte-identical
internal/infrastructure/web_search/metaso_test.go	-	A	100644	0ceed0bfdf111104c65a66caf3b436643a924c53	adopt-upstream-exact		fixed-target upstream-only content is byte-identical
internal/infrastructure/web_search/ollama.go	-	M	100644	b4e3fa8fefe5fee05e41daa91397aeb42b66ac98	adopt-upstream-exact		fixed-target upstream-only content is byte-identical
internal/infrastructure/web_search/proxy.go	-	M	100644	3dc3881664a57da80128a83d89123b73258b0876	adopt-upstream-exact		fixed-target upstream-only content is byte-identical
internal/infrastructure/web_search/proxy_test.go	-	M	100644	9a2fc121b57ab938eb914b9392984d857550b3d3	adopt-upstream-exact		fixed-target upstream-only content is byte-identical
internal/infrastructure/web_search/searxng.go	M	-	100644	b26d822bd20b08a91a8e121a34d2eae091852290	preserve-musuw-exact		audited local-only content is byte-identical
internal/infrastructure/web_search/test_errors.go	-	M	100644	74cdbd7dbd1a0d90286bbb27d046d94e39b778de	adopt-upstream-exact		fixed-target upstream-only content is byte-identical
internal/infrastructure/web_search/test_errors_test.go	-	M	100644	7433fc2d61c9aebb5f5480954f5355b1bca6e59f	adopt-upstream-exact		fixed-target upstream-only content is byte-identical
internal/logger/llm_logger.go	-	M	100644	4058a8421229f73f803ad940067e19f26b5b2fb8	adopt-upstream-exact		fixed-target upstream-only content is byte-identical
internal/logger/logger.go	-	M	100644	d7ff2d45e13e1dafad1b4974798696b465dd15c9	adopt-upstream-exact		fixed-target upstream-only content is byte-identical
internal/logger/logger_test.go	-	M	100644	ff9663b4843d662280bc8cfb1493177d3d4dbee6	adopt-upstream-exact		fixed-target upstream-only content is byte-identical
internal/mcp/client.go	-	M	100644	c49962f9d99b463afdc4478b54b5e525045077f1	adopt-upstream-exact		fixed-target upstream-only content is byte-identical
internal/mcp/oauth_manager.go	-	M	100644	0791e4aadb147c55a63bfa41993575194cb8692b	adopt-upstream-exact		fixed-target upstream-only content is byte-identical
internal/mcp/security.go	-	A	100644	d614e3ff38980c86e80b09877c84a4c5a02229cd	adopt-upstream-exact		fixed-target upstream-only content is byte-identical
internal/mcp/security_test.go	-	A	100644	b79ecc8c64b9abc22e346a627670574492e7fdf1	adopt-upstream-exact		fixed-target upstream-only content is byte-identical
internal/middleware/access.go	M	-	100644	9142e129d5b6172f14943f7d0c7128a354d9345a	preserve-musuw-exact		audited local-only content is byte-identical
internal/middleware/auth.go	M	M	100644	1fd0652ca82b8dd58835f7e009a57b2b06d81010	compose-three-way		overlap review composed target capability with Musuw product semantics at the existing owner
internal/middleware/auth_context_test.go	-	M	100644	d756f16d50c56eadd4ca0429c536be12f032bd51	adopt-upstream-exact		fixed-target upstream-only content is byte-identical
internal/middleware/auth_role_test.go	M	-	100644	e8bb83cbe5c50cf0e92db04a70c8f4500e7aa00e	preserve-musuw-exact		audited local-only content is byte-identical
internal/middleware/auth_unavailable_test.go	A	-	100644	a36857eb93ffbc8104a13d206db321dbbb505040	preserve-musuw-exact		audited local-only content is byte-identical
internal/middleware/embed_auth.go	-	M	100644	9e02193fe7bd0fb54e653320df87e05aa385c6dc	adopt-upstream-exact		fixed-target upstream-only content is byte-identical
internal/middleware/kb_access_test.go	-	M	100644	2d3208633be58c7e2f6f7c3f067187dc691e46b1	adapt-upstream-for-musuw		fixed-target path is present with Musuw product/runtime adaptation
internal/middleware/logger.go	M	M	100644	13f589cf6c03f73e5b2b90880fa6f9e28e0cf768	compose-three-way		overlap review composed target capability with Musuw product semantics at the existing owner
internal/middleware/logger_test.go	M	-	100644	0b975397c867e1e8e6965a2989a7ca16d05ca958	adapt-musuw-for-target		audited Musuw path retained and adapted at its existing owner for the target contract
internal/middleware/recovery.go	-	M	100644	7a31790740e907fa783cae6c8c392bf152a0165a	adopt-upstream-exact		fixed-target upstream-only content is byte-identical
internal/modelcontext/model_output.go	-	M	100644	1d9b6bbd7fe333c1feb7d4891d473480cfe0f1d4	adopt-upstream-exact		fixed-target upstream-only content is byte-identical
internal/modelcontext/registry.go	-	M	100644	233f70ebe38684d17ec894abcdb70848524ce72c	adopt-upstream-exact		fixed-target upstream-only content is byte-identical
internal/modelcontext/registry_test.go	-	M	100644	dd7e4f09fa9dcf4a730f94f6cc2f07b2cdb38a8a	adopt-upstream-exact		fixed-target upstream-only content is byte-identical
internal/modelcontext/tool_policy.go	-	M	100644	3577eb09acfaa8aec2ce1de73c15c058dacff06f	adopt-upstream-exact		fixed-target upstream-only content is byte-identical
internal/models/asr/asr.go	M	-	100644	58e82b274ed54be7f81b2954739f5ab53a11c535	adapt-musuw-for-target		audited Musuw path retained and adapted at its existing owner for the target contract
internal/models/asr/openai.go	M	-	100644	997e5da454031aea4c072d9a05d3b0d1a112fa21	adapt-musuw-for-target		audited Musuw path retained and adapted at its existing owner for the target contract
internal/models/chat/chat.go	M	-	100644	796bff3eba0ec5808325e8c7285431ba7e65560a	adapt-musuw-for-target		audited Musuw path retained and adapted at its existing owner for the target contract
internal/models/chat/langfuse_wrapper.go	M	-	100644	9b5f573cae30cb3090a3cd566f8fed82f8c35a1f	preserve-musuw-exact		audited local-only content is byte-identical
internal/models/chat/langfuse_wrapper_test.go	M	-	100644	98c72d3d07f32378f65945443d927aab058178e0	preserve-musuw-exact		audited local-only content is byte-identical
internal/models/chat/openai_request.go	M	-	100644	8b6e5524a7ccf89da591a81ca1f9722657988fda	preserve-musuw-exact		audited local-only content is byte-identical
internal/models/chat/openai_stream.go	M	-	100644	5d4d63fc5ada34f6ae20c9575a5323d812081bcc	preserve-musuw-exact		audited local-only content is byte-identical
internal/models/chat/provider.go	M	-	100644	83b7a99396364d3279fc8833fd4af50cf71e88a3	preserve-musuw-exact		audited local-only content is byte-identical
internal/models/chat/provider_test.go	M	-	100644	534c7a404fed222952593438e741f844d6829ceb	preserve-musuw-exact		audited local-only content is byte-identical
internal/models/chat/remote_api.go	M	M	100644	5d47b3f36a763d610396dbd7dc42dede7af3a404	compose-three-way		overlap review composed target capability with Musuw product semantics at the existing owner
internal/models/chat/remote_api_test.go	M	-	100644	b0fd4128283ae83e945f339acfd0fdf6df1ce99a	preserve-musuw-exact		audited local-only content is byte-identical
internal/models/chat/sse_reader.go	M	-	100644	b538c4a56f5d213912f1bf371656f554bcd492d2	preserve-musuw-exact		audited local-only content is byte-identical
internal/models/chat/sse_reader_test.go	A	-	100644	a3cce2ab50a0503b24829527007de2d627d9578d	preserve-musuw-exact		audited local-only content is byte-identical
internal/models/chat/thinking.go	M	-	100644	71289adbe3ab7cbe24355dea50d8ba4c7de18e95	adapt-musuw-for-target		audited Musuw path retained and adapted at its existing owner for the target contract
internal/models/chat/timeout_test.go	M	-	100644	3c9b02c4d804b1dcf48829bf4e3727dc0c29f391	preserve-musuw-exact		audited local-only content is byte-identical
internal/models/chat/transport.go	M	M	100644	b6a57ceddda0e5969d88a1c8b9d8f7e7e9db24ff	compose-three-way		overlap review composed target capability with Musuw product semantics at the existing owner
internal/models/chat/usage.go	-	M	100644	f51189e02505ec409afdd0491057dd7d2deaaa78	adopt-upstream-exact		fixed-target upstream-only content is byte-identical
internal/models/chat/usage_attribution_test.go	-	A	100644	0425260a5068967e147c378112d4a239309e492e	adopt-upstream-exact		fixed-target upstream-only content is byte-identical
internal/models/embedding/azure_openai_test.go	M	-	100644	fb7009e1afb2eb9069ac9f8fd3fa5896dbf415d9	preserve-musuw-exact		audited local-only content is byte-identical
internal/models/embedding/embedder.go	M	-	100644	0d203dd4760b1a99a7afb056879fb2da102aed34	preserve-musuw-exact		audited local-only content is byte-identical
internal/models/embedding/openai.go	M	-	100644	4560dbf13a90f4449ede53375e57324ac59e9be8	preserve-musuw-exact		audited local-only content is byte-identical
internal/models/embedding/openai_test.go	M	-	100644	43030165abad2715f4af526ed94ec1ec227fecb4	preserve-musuw-exact		audited local-only content is byte-identical
internal/models/embedding/transport_test.go	-	M	100644	5ea3358aae795e22b28c029d240c1e3670310858	adopt-upstream-exact		fixed-target upstream-only content is byte-identical
internal/models/embedding/weknoracloud.go	-	M	100644	f5c855442b05715fe990f99bc4960bc16df6cd63	adopt-upstream-exact		fixed-target upstream-only content is byte-identical
internal/models/embedding/weknoracloud_test.go	-	A	100644	fe221c4e7ded30bfb97cf7f8e4e7ae81184ae36b	adopt-upstream-exact		fixed-target upstream-only content is byte-identical
internal/models/openrouter/key_manager.go	A	-	100644	3c563da978814de793c614f9027557b271695746	preserve-musuw-exact		audited local-only content is byte-identical
internal/models/openrouter/key_manager_test.go	A	-	100644	c86d664dd3edad54b04ecb774d1148840ccb1bc9	preserve-musuw-exact		audited local-only content is byte-identical
internal/models/openrouter/transport.go	A	-	100644	7fe886ce217206acf2e41c4039f4314ccf1edf42	adapt-musuw-for-target		audited Musuw path retained and adapted at its existing owner for the target contract
internal/models/openrouter/transport_test.go	A	-	100644	8bc3501c8b6a5f6b1f2d4033e1c9591a5f524f66	adapt-musuw-for-target		audited Musuw path retained and adapted at its existing owner for the target contract
internal/models/provider/deepseek.go	M	-	100644	0626f0f83ab1ff981960f5391b323feddf36da73	adapt-musuw-for-target		audited Musuw path retained and adapted at its existing owner for the target contract
internal/models/provider/novita.go	-	M	100644	6d4515c3546779f32e888657b8ac9355f8a819dd	adopt-upstream-exact		fixed-target upstream-only content is byte-identical
internal/models/provider/openrouter.go	M	-	100644	e0641b4ceb0d5c984cc9d3bb32a198cfc362e8f1	preserve-musuw-exact		audited local-only content is byte-identical
internal/models/provider/provider_test.go	M	-	100644	9da2769d23d216ac8fbc3a31387febec1131ef75	preserve-musuw-exact		audited local-only content is byte-identical
internal/models/rerank/langfuse_wrapper.go	-	M	100644	1905cb3a098e6e1f1e75ff8b08af6d04441db821	adopt-upstream-exact		fixed-target upstream-only content is byte-identical
internal/models/rerank/remote_api.go	M	-	100644	d91a621a897d5a7413939595e5eea22b5ccdd993	preserve-musuw-exact		audited local-only content is byte-identical
internal/models/rerank/reranker.go	M	-	100644	3e82616f2ebe3a0bc81d613088c58b84695cd124	preserve-musuw-exact		audited local-only content is byte-identical
internal/models/vlm/concurrency_wrapper.go	M	-	100644	084ed24ec76b56cba63b5df8edc546c7b75bebf7	adapt-musuw-for-target		audited Musuw path retained and adapted at its existing owner for the target contract
internal/models/vlm/langfuse_wrapper.go	M	M	100644	9073f2dc8492080afc02c0ad7b7c9c1e679ca50d	compose-three-way		overlap review composed target capability with Musuw product semantics at the existing owner
internal/models/vlm/llm_debug.go	M	-	100644	0639de1ad1cff5d502ff0d4961bac8fb2095fa41	adapt-musuw-for-target		audited Musuw path retained and adapted at its existing owner for the target contract
internal/models/vlm/ollama.go	-	M	100644	2c9afbd7b9a84dc6bfffb4ecf95f6b4f54aea706	adopt-upstream-exact		fixed-target upstream-only content is byte-identical
internal/models/vlm/remote_api.go	M	M	100644	4febc154085b707a8c3abc5082ea177e77d6196a	compose-three-way		overlap review composed target capability with Musuw product semantics at the existing owner
internal/models/vlm/remote_api_reasoning_test.go	A	A	100644	bda04360220c65415d6867c00a86396b0d4599df	compose-three-way		overlap review composed target capability with Musuw product semantics at the existing owner
internal/models/vlm/remote_api_video_test.go	A	-	100644	90d5d239c642237c26931efd7fde26208713c900	adapt-musuw-for-target		audited Musuw path retained and adapted at its existing owner for the target contract
internal/models/vlm/vlm.go	M	-	100644	190f7b3a2712460dda644d3e4113a1163092f30d	adapt-musuw-for-target		audited Musuw path retained and adapted at its existing owner for the target contract
internal/router/consumer_model_options_route_test.go	A	-	100644	00099b2ca260306008e1f35843cdf846240ba6ef	preserve-musuw-exact		audited local-only content is byte-identical
internal/router/deployment_capabilities.go	-	A	100644	9daffaaac6bc6ff6fd95dbe9f5737f363d2e32ee	adopt-upstream-exact		fixed-target upstream-only content is byte-identical
internal/router/deployment_capabilities_test.go	-	A	100644	0838808a54f8d02fb27f9f95a6eeb8b88440330e	adapt-upstream-for-musuw		fixed-target path is present with Musuw product/runtime adaptation
internal/router/files.go	-	M	100644	73df3fef55647d458dc806cc594f1c1c201cb56c	adapt-upstream-for-musuw		fixed-target path is present with Musuw product/runtime adaptation
internal/router/lite_product_edition_test.go	A	-	100644	6c04dd9109c0de4d50f24abeee6451865ee60fea	preserve-musuw-exact		audited local-only content is byte-identical
internal/router/lite_product_gate.go	A	-	100644	315de6a84ee15ab28df2b71820b3492f0daa8592	adapt-musuw-for-target		audited Musuw path retained and adapted at its existing owner for the target contract
internal/router/lite_product_gate_request_test.go	A	-	100644	fb03401e1f0627c88e3da66586677a829660ac98	adapt-musuw-for-target		audited Musuw path retained and adapted at its existing owner for the target contract
internal/router/lite_product_gate_test.go	A	-	100644	f89d8fd0b79e80049d6820e54d0b1a0e7f23dc28	adapt-musuw-for-target		audited Musuw path retained and adapted at its existing owner for the target contract
internal/router/paddle_public_config_route_test.go	A	-	100644	37bd1221be65160723b79c92199ca6d1069e3985	preserve-musuw-exact		audited local-only content is byte-identical
internal/router/paddle_webhook_task.go	A	-	100644	9e10f4ccce671dce77e6d831f993559ac2c9b7f3	preserve-musuw-exact		audited local-only content is byte-identical
internal/router/paddle_webhook_task_test.go	A	-	100644	c63f4f7cc79fb52bd1a493f7fba1ec22a989eeee	preserve-musuw-exact		audited local-only content is byte-identical
internal/router/rbac.go	-	M	100644	20a3bf4a7c5cef9847e0d7b9ee1e5445609f6388	adapt-upstream-for-musuw		fixed-target path is present with Musuw product/runtime adaptation
internal/router/router.go	M	M	100644	4d8ff8fe06f30dc819ee504c5f6c358be7d005ae	compose-three-way		overlap review composed target capability with Musuw product semantics at the existing owner
internal/router/router_api_key_capabilities_test.go	M	M	100644	5dbca4f06f583fb5aa55f9a60190ece5fe828f8f	compose-three-way		overlap review composed target capability with Musuw product semantics at the existing owner
internal/router/router_api_key_management_test.go	-	M	100644	b5f2b91529a33f82b5dbe35dfdb31eece4623811	adopt-upstream-exact		fixed-target upstream-only content is byte-identical
internal/router/router_files_test.go	-	M	100644	d00e2667886a40d5511d5f28c792482e9816c317	adapt-upstream-for-musuw		fixed-target path is present with Musuw product/runtime adaptation
internal/router/routes_agent.go	-	M	100644	3b9e88c5d9f23cf3a061eafa89c4cc5557255e3f	adapt-upstream-for-musuw		fixed-target path is present with Musuw product/runtime adaptation
internal/router/routes_auth_tenant.go	M	M	100644	47d3f780e4e049d443f9a0ac00ee19082a972801	compose-three-way		overlap review composed target capability with Musuw product semantics at the existing owner
internal/router/routes_chat.go	-	M	100644	8cd2cc78cdfae4d0b7efa67249d4e71a2809eb4d	adopt-upstream-exact		fixed-target upstream-only content is byte-identical
internal/router/routes_infra.go	M	M	100644	55ce1f88234b62ed759b69a2f8cc802146f44809	compose-three-way		overlap review composed target capability with Musuw product semantics at the existing owner
internal/router/routes_memory.go	-	A	100644	60024efafc9ec6a7f62d44400cff5f2f07f1d8f3	adopt-upstream-exact		fixed-target upstream-only content is byte-identical
internal/router/sync_task.go	M	M	100644	89a411c62ac87e3782a6144436e3aaa23e73357b	compose-three-way		overlap review composed target capability with Musuw product semantics at the existing owner
internal/router/sync_task_retry_test.go	M	-	100644	94e8fbfb4d32f6c46a1f34cab93d74a6968f6bec	adapt-musuw-for-target		audited Musuw path retained and adapted at its existing owner for the target contract
internal/router/task.go	M	M	100644	33c9c44841b8dd0a3605694369fce94338a935d9	compose-three-way		overlap review composed target capability with Musuw product semantics at the existing owner
internal/router/task_openrouter_credit.go	A	-	100644	74340d97497b757dacccc31307d598d0a39f80e4	adapt-musuw-for-target		audited Musuw path retained and adapted at its existing owner for the target contract
internal/router/task_openrouter_credit_test.go	A	-	100644	b3928a69bcc4d7f8efa09ad4b66885b46f7bca91	adapt-musuw-for-target		audited Musuw path retained and adapted at its existing owner for the target contract
internal/sandbox/capabilities.go	-	A	100644	841cbdf999c7d2ed65923c598acdce2e70de0000	adapt-upstream-for-musuw		fixed-target path is present with Musuw product/runtime adaptation
internal/sandbox/check_client_guard_test.go	-	A	100644	184293bc9cc3456560b9134bd124b4e6734b8a46	adopt-upstream-exact		fixed-target upstream-only content is byte-identical
internal/sandbox/config_identity.go	-	A	100644	16ff8e70abcb283cee4a60febd34c31353c35019	adopt-upstream-exact		fixed-target upstream-only content is byte-identical
internal/sandbox/config_identity_test.go	-	A	100644	8d26c0849d9848c7f481a26dba160835d5a6245b	adopt-upstream-exact		fixed-target upstream-only content is byte-identical
internal/sandbox/config_required.go	-	A	100644	5403315333bfaf414c6f412f70b7a6d031dd2c9c	adopt-upstream-exact		fixed-target upstream-only content is byte-identical
internal/sandbox/config_sandboxes.go	-	A	100644	0f57a77ae343d2a9ffca112509e0edc8878fb3b5	adopt-upstream-exact		fixed-target upstream-only content is byte-identical
internal/sandbox/config_sandboxes_test.go	-	A	100644	ed34c60acb4490937ec274e853a89460fdb5cc30	adopt-upstream-exact		fixed-target upstream-only content is byte-identical
internal/sandbox/cube_dns.go	-	A	100644	43ad1bc6f6dc40bd65ebdd28ba90c61086c5cdb0	adopt-upstream-exact		fixed-target upstream-only content is byte-identical
internal/sandbox/cube_dns_test.go	-	A	100644	36293f601890b2f619fdc46f982b3d7f6ef2af52	adopt-upstream-exact		fixed-target upstream-only content is byte-identical
internal/sandbox/cube_egress_integration_test.go	-	A	100644	01c54f21fa4b4cda5540949323b28f32eb10d622	adopt-upstream-exact		fixed-target upstream-only content is byte-identical
internal/sandbox/cube_integration_test.go	-	A	100644	b68a9f211167d50adc7db4db7996da143bc04095	adopt-upstream-exact		fixed-target upstream-only content is byte-identical
internal/sandbox/cube_mock_test.go	-	A	100644	baa6c5c59c2d84e68bd546ab570f1bb643faf3f8	adopt-upstream-exact		fixed-target upstream-only content is byte-identical
internal/sandbox/cube_remote_client.go	-	A	100644	c10de2fb441aeb7af91a1bc3bf541c22e84e1056	adopt-upstream-exact		fixed-target upstream-only content is byte-identical
internal/sandbox/cube_remote_client_test.go	-	A	100644	c5eca9104c0db9f59041f312d52a56aab85b7f90	adopt-upstream-exact		fixed-target upstream-only content is byte-identical
internal/sandbox/cube_template_catalog_test.go	-	A	100644	fd57596f0111532eb468c0362c7850445eecce74	adopt-upstream-exact		fixed-target upstream-only content is byte-identical
internal/sandbox/docker.go	-	D	000000	0000000000000000000000000000000000000000	adopt-upstream-deletion		fixed target deletion is present
internal/sandbox/docker_engine.go	-	A	100644	c5e07d13b2f6bc69f3f951402a4139f8d7508551	adopt-upstream-exact		fixed-target upstream-only content is byte-identical
internal/sandbox/docker_host.go	-	A	100644	74c69ed63b7cba02f40390afa42a0682faed0429	adopt-upstream-exact		fixed-target upstream-only content is byte-identical
internal/sandbox/docker_host_test.go	-	A	100644	5eb9218bd9c76710030c7086b7ebf7e346912c44	adopt-upstream-exact		fixed-target upstream-only content is byte-identical
internal/sandbox/docker_idle_sweeper.go	-	A	100644	10b4bbf7eed45d295d7109bd51562bc374436d3c	adopt-upstream-exact		fixed-target upstream-only content is byte-identical
internal/sandbox/docker_idle_sweeper_test.go	-	A	100644	723bcd82b37c78b4435fb5c8c29f4d77c49c9017	adopt-upstream-exact		fixed-target upstream-only content is byte-identical
internal/sandbox/docker_integration_test.go	-	A	100644	7575de36ac077a2a12ca80efff0be179be031932	adopt-upstream-exact		fixed-target upstream-only content is byte-identical
internal/sandbox/docker_remote_client.go	-	A	100644	0f82ca4ceb51905d78ea42234edc0b7cae1e2a8d	adopt-upstream-exact		fixed-target upstream-only content is byte-identical
internal/sandbox/docker_remote_client_test.go	-	A	100644	ecb8ba5b325e68edddc72cb2a9cf15828b35517f	adopt-upstream-exact		fixed-target upstream-only content is byte-identical
internal/sandbox/docker_rpc_timeout.go	-	A	100644	0fb892d7ac2b0ce3e38491a730789d0e302c9e47	adopt-upstream-exact		fixed-target upstream-only content is byte-identical
internal/sandbox/docker_snapshot.go	-	A	100644	bd2f70fbd3f88b73621f6af26f6b469bfff5e853	adopt-upstream-exact		fixed-target upstream-only content is byte-identical
internal/sandbox/docker_snapshot_test.go	-	A	100644	8f731d0fab8d004df4d407c34954a0c41f440c5f	adopt-upstream-exact		fixed-target upstream-only content is byte-identical
internal/sandbox/docker_template_catalog.go	-	A	100644	b17a89bdfb61aecf8c3d835e07944766754059c7	adopt-upstream-exact		fixed-target upstream-only content is byte-identical
internal/sandbox/e2b_compatible_integration_test.go	-	A	100644	0919e695f81d9a54dabcf87d2201973171beb54e	adopt-upstream-exact		fixed-target upstream-only content is byte-identical
internal/sandbox/e2b_integration_test.go	-	A	100644	6c575529de06bb2358ab4f17303b7f9783153f94	adopt-upstream-exact		fixed-target upstream-only content is byte-identical
internal/sandbox/e2b_remote_client.go	-	A	100644	f835044f9aa0b4b5ffbd33d512c7af654fc695ca	adopt-upstream-exact		fixed-target upstream-only content is byte-identical
internal/sandbox/e2b_remote_client_test.go	-	A	100644	09737b58a8e38ccf8c2eb2ae2531a4d2e8a07130	adopt-upstream-exact		fixed-target upstream-only content is byte-identical
internal/sandbox/envd_compat_transport.go	-	A	100644	4f3783c5f7158bc97bc5176c6f849108fbf877eb	adopt-upstream-exact		fixed-target upstream-only content is byte-identical
internal/sandbox/envd_compat_transport_test.go	-	A	100644	d06226f4d643f2fe010cd4984e1d102927609aa5	adopt-upstream-exact		fixed-target upstream-only content is byte-identical
internal/sandbox/gateway_transport.go	-	A	100644	90525d26b338add893b4e7e1cf37c27839e9f0d2	adopt-upstream-exact		fixed-target upstream-only content is byte-identical
internal/sandbox/gateway_transport_test.go	-	A	100644	db09985e0ba11c78935a3b51f4aee6ff03d3a6ba	adopt-upstream-exact		fixed-target upstream-only content is byte-identical
internal/sandbox/local.go	-	D	000000	0000000000000000000000000000000000000000	adopt-upstream-deletion		fixed target deletion is present
internal/sandbox/local_unix.go	-	D	000000	0000000000000000000000000000000000000000	adopt-upstream-deletion		fixed target deletion is present
internal/sandbox/local_windows.go	-	D	000000	0000000000000000000000000000000000000000	adopt-upstream-deletion		fixed target deletion is present
internal/sandbox/manager.go	-	M	100644	266a2a5656d6f1010daa3ecf56387272cb7ecf08	adopt-upstream-exact		fixed-target upstream-only content is byte-identical
internal/sandbox/orphan_reaper.go	-	A	100644	b6dfc5d50da14ec83a00f21922b7de387835e1be	adopt-upstream-exact		fixed-target upstream-only content is byte-identical
internal/sandbox/orphan_reaper_test.go	-	A	100644	ca30a26e848503211aefbbfb31e42feec9a8c092	adopt-upstream-exact		fixed-target upstream-only content is byte-identical
internal/sandbox/remote_client.go	-	A	100644	244fa07d425418f8f80025668dec51106d753cf1	adopt-upstream-exact		fixed-target upstream-only content is byte-identical
internal/sandbox/remote_client_test.go	-	A	100644	11506cc3538aea0c81f777d1f77527bb7a8fc4fa	adopt-upstream-exact		fixed-target upstream-only content is byte-identical
internal/sandbox/remote_errors.go	-	A	100644	b504124011bbf2e43e20e9905654e40a1dc2cdea	adopt-upstream-exact		fixed-target upstream-only content is byte-identical
internal/sandbox/remote_errors_test.go	-	A	100644	cc7df8316ed2d76f81edd74be82656be052ffc3b	adopt-upstream-exact		fixed-target upstream-only content is byte-identical
internal/sandbox/remote_fake_test.go	-	A	100644	df103504ea69122a4383d1538fbd49535ffa73f0	adopt-upstream-exact		fixed-target upstream-only content is byte-identical
internal/sandbox/remote_sandbox.go	-	A	100644	e5257b369c8e164db144093bd5621ce2bc75be30	adopt-upstream-exact		fixed-target upstream-only content is byte-identical
internal/sandbox/remote_sandbox_test.go	-	A	100644	fbb1eb9789b4759c498a04dad95043262814e858	adopt-upstream-exact		fixed-target upstream-only content is byte-identical
internal/sandbox/remote_snapshot_test.go	-	A	100644	e4bd8d69c5b423590ba75270dc657abef8f69950	adopt-upstream-exact		fixed-target upstream-only content is byte-identical
internal/sandbox/runtime_defaults.go	-	A	100644	a5ae97b83497dc109e987597186e11193671846b	adopt-upstream-exact		fixed-target upstream-only content is byte-identical
internal/sandbox/sandbox.go	-	M	100644	7a33bd982d8b37db2c5b1b1ac417655f6877de82	adopt-upstream-exact		fixed-target upstream-only content is byte-identical
internal/sandbox/sandbox_test.go	-	M	100644	7ae9392ffd78317cb52472d2f0781ef78dffa293	adopt-upstream-exact		fixed-target upstream-only content is byte-identical
internal/sandbox/session_binding.go	-	A	100644	5c8b39acd253e64cba2285888ca9e0ae6de7a79e	adopt-upstream-exact		fixed-target upstream-only content is byte-identical
internal/sandbox/session_binding_redis.go	-	A	100644	377f5ac2b70b6b1ce8e9fffcc73ec06cf703c442	adopt-upstream-exact		fixed-target upstream-only content is byte-identical
internal/sandbox/session_binding_redis_test.go	-	A	100644	39c02b84af1bf73eb19762d2875c8eb2d14ec10f	adopt-upstream-exact		fixed-target upstream-only content is byte-identical
internal/sandbox/session_binding_tenant_test.go	-	A	100644	593650f8649e14264f400300d40be32e80e6b7d5	adopt-upstream-exact		fixed-target upstream-only content is byte-identical
internal/sandbox/session_binding_test.go	-	A	100644	b3902054eacfebf8fffe313a805b680c73741c97	adopt-upstream-exact		fixed-target upstream-only content is byte-identical
internal/sandbox/session_lifecycle.go	-	A	100644	467ea5e37e8d7bb8064160d78a35d5847b3663aa	adopt-upstream-exact		fixed-target upstream-only content is byte-identical
internal/sandbox/session_lifecycle_test.go	-	A	100644	c0dcbc6d05cd7944ab9b9f37248ca6539de1976e	adopt-upstream-exact		fixed-target upstream-only content is byte-identical
internal/sandbox/session_manager.go	-	A	100644	4744444037b7567cd68c828e974402f9e2f72dbe	adapt-upstream-for-musuw		fixed-target path is present with Musuw product/runtime adaptation
internal/sandbox/session_manager_test.go	-	A	100644	06dad9c124ba77a0391b5329fb76349f1491453e	adapt-upstream-for-musuw		fixed-target path is present with Musuw product/runtime adaptation
internal/sandbox/shell_quote.go	-	A	100644	7af59e620a8a50ec1def3c4d76ed6e345bfd611c	adopt-upstream-exact		fixed-target upstream-only content is byte-identical
internal/sandbox/shell_quote_test.go	-	A	100644	7a039079bea9596460a287e720a988345a0153aa	adopt-upstream-exact		fixed-target upstream-only content is byte-identical
internal/sandbox/skill_image.go	-	A	100644	c1ba8d16a0abe04be34a972788f68edb0b4382bf	adopt-upstream-exact		fixed-target upstream-only content is byte-identical
internal/sandbox/skill_paths.go	-	A	100644	0102e66e4223d57f613c02af0fe5a8739aba818e	adopt-upstream-exact		fixed-target upstream-only content is byte-identical
internal/sandbox/skill_paths_test.go	-	A	100644	efb37e50873f579957ca00cf7d207978d015d7c0	adopt-upstream-exact		fixed-target upstream-only content is byte-identical
internal/sandbox/template_catalog.go	-	A	100644	669566220e785bfa6ea7006a88395055942c08e0	adopt-upstream-exact		fixed-target upstream-only content is byte-identical
internal/sandbox/template_catalog_test.go	-	A	100644	a255ae6cbfd4c1059263fe96c275629f21d60be7	adopt-upstream-exact		fixed-target upstream-only content is byte-identical
internal/sandbox/tenant_config.go	-	A	100644	53dfe29e4e7db91567bf873499c1339c62fc39b1	adopt-upstream-exact		fixed-target upstream-only content is byte-identical
internal/sandbox/tenant_config_test.go	-	A	100644	b5596fcde3b4ba534df1287dd8375ad144b5f627	adopt-upstream-exact		fixed-target upstream-only content is byte-identical
internal/sandbox/tenant_resolver.go	-	A	100644	0e55113f24d2b579e0b46e6b70002a2d64d0e14a	adapt-upstream-for-musuw		fixed-target path is present with Musuw product/runtime adaptation
internal/sandbox/tenant_resolver_test.go	-	A	100644	902ca9cdeacb2536f30cc5cb421c702c9b9c6ef1	adapt-upstream-for-musuw		fixed-target path is present with Musuw product/runtime adaptation
internal/sandbox/url_guard.go	-	A	100644	c16690ed8374c07a7b29f78e701f9bfc71853659	adapt-upstream-for-musuw		fixed-target path is present with Musuw product/runtime adaptation
internal/sandbox/url_guard_test.go	-	A	100644	77fa3a2df2cf3805211ac893b5465c148f710b0b	adapt-upstream-for-musuw		fixed-target path is present with Musuw product/runtime adaptation
internal/sandbox/validator_test.go	-	M	100644	67b461559e6540503af69289e37fc27de7410ac8	adopt-upstream-exact		fixed-target upstream-only content is byte-identical
internal/searchutil/chunkmerge.go	-	M	100644	a8149577b7325a87fd0f558e4904a5eae71409c8	adopt-upstream-exact		fixed-target upstream-only content is byte-identical
internal/searchutil/chunkmerge_test.go	-	M	100644	17de0dbe8cda870ca2c899b136ca1023dfa4d454	adopt-upstream-exact		fixed-target upstream-only content is byte-identical
internal/searchutil/imageinfo.go	-	M	100644	487563aea15991072f5c72bce047964a15843e03	adopt-upstream-exact		fixed-target upstream-only content is byte-identical
internal/searchutil/imageinfo_disabled_test.go	-	A	100644	6d4e414959cb661841a46a2c8bbf844b7ab020d1	adopt-upstream-exact		fixed-target upstream-only content is byte-identical
internal/tracing/langfuse/memory_obs.go	-	A	100644	304741364e7e752c40d0f30c16a9de78b183a8ef	adopt-upstream-exact		fixed-target upstream-only content is byte-identical
internal/tracing/langfuse/memory_obs_test.go	-	A	100644	5edfbcd027af605b47f0272a1b43da101b5c7eab	adopt-upstream-exact		fixed-target upstream-only content is byte-identical
internal/tracing/langfuse/retrieval_obs.go	-	M	100644	5915609648456b9c76ff2f847ef82716119b17fc	adopt-upstream-exact		fixed-target upstream-only content is byte-identical
internal/tracing/langfuse/tracer.go	-	M	100644	0b70430f96037aa13e54be179b7bfcc1326505e1	adopt-upstream-exact		fixed-target upstream-only content is byte-identical
internal/types/account_erasure.go	A	-	100644	95eeb7728c50e279e31ed4272cafcd9bcd845508	adapt-musuw-for-target		audited Musuw path retained and adapted at its existing owner for the target contract
internal/types/account_erasure_identity_migration_contract_test.go	A	-	100644	3071d193761ed8f9e028c403b2b8e75b547054e4	preserve-musuw-exact		audited local-only content is byte-identical
internal/types/account_erasure_task.go	A	-	100644	66e119ea76ac949d9f13cb46293c89610301893d	preserve-musuw-exact		audited local-only content is byte-identical
internal/types/agent.go	M	M	100644	3be81d9e159c122413ef82d397e17e2a9de6977f	compose-three-way		overlap review composed target capability with Musuw product semantics at the existing owner
internal/types/agent_test.go	-	M	100644	47006e45d1bc875b525cf33cf50f56af0a970400	adopt-upstream-exact		fixed-target upstream-only content is byte-identical
internal/types/audit_log.go	M	M	100644	376e2e62e94cce750ca3847c8a401f5a75aa09fa	compose-three-way		overlap review composed target capability with Musuw product semantics at the existing owner
internal/types/audit_log_test.go	-	M	100644	d4a38cdec1df3bd175719adbff807ce292c55ebd	adopt-upstream-exact		fixed-target upstream-only content is byte-identical
internal/types/builtin_agent_config.go	-	M	100644	bd7899edd70b7052c38c88a4eceda7aec5ed99a9	adopt-upstream-exact		fixed-target upstream-only content is byte-identical
internal/types/builtin_agent_defaults_test.go	A	-	100644	b76ca146e05550341d2b9271854025c10d20aeba	adapt-musuw-for-target		audited Musuw path retained and adapted at its existing owner for the target contract
internal/types/builtin_agent_localization_test.go	-	A	100644	83151ba26e3066d2610583da7157ae78b0315fb0	adopt-upstream-exact		fixed-target upstream-only content is byte-identical
internal/types/builtin_models_config.go	M	-	100644	473e9518b2f15aafa15c49a25090123b7f4f1724	preserve-musuw-exact		audited local-only content is byte-identical
internal/types/builtin_models_config_test.go	M	-	100644	876d74abad2ade555f21acd25969cb1a481fe42c	adapt-musuw-for-target		audited Musuw path retained and adapted at its existing owner for the target contract
internal/types/chat.go	M	M	100644	a24e5043b98254b82f38fb442cb1d24168226689	compose-three-way		overlap review composed target capability with Musuw product semantics at the existing owner
internal/types/chat_manage.go	-	M	100644	a74cbec8968e566e5e91068f6efb9029b66a5d24	adopt-upstream-exact		fixed-target upstream-only content is byte-identical
internal/types/complimentary_entitlement_migration_contract_test.go	A	-	100644	1dcbe88ac5ea5ef7475ee755c4de738b2a7e018b	preserve-musuw-exact		audited local-only content is byte-identical
internal/types/config_redaction.go	M	M	100644	d0137dbdf7d9925f1d6c9bda06355d745c558fd6	compose-three-way		overlap review composed target capability with Musuw product semantics at the existing owner
internal/types/config_redaction_sandbox_test.go	-	A	100644	2baa4433f254ec8847462b27deaa7f670a482d8d	adopt-upstream-exact		fixed-target upstream-only content is byte-identical
internal/types/const.go	-	M	100644	32234409272377ff4af85b1739731d6035172bf7	adopt-upstream-exact		fixed-target upstream-only content is byte-identical
internal/types/consumer_plan_storage_migration_contract_test.go	A	-	100644	d120c03f2cb0c302b64b8bc2151c378addd208ff	preserve-musuw-exact		audited local-only content is byte-identical
internal/types/consumer_scene.go	A	-	100644	d2829694bd74b2d58e44daa0e04375f80c113633	preserve-musuw-exact		audited local-only content is byte-identical
internal/types/context_clone.go	-	A	100644	65d9e9361de1ee48da3a50acdf896c0d6dd09405	adapt-upstream-for-musuw		fixed-target path is present with Musuw product/runtime adaptation
internal/types/context_clone_coverage_test.go	-	A	100644	deb8f375a12bde19d73bd15f49347eb82af2f098	adopt-upstream-exact		fixed-target upstream-only content is byte-identical
internal/types/context_helpers.go	-	M	100644	01aaeac7fccf6dee797d04bcb3e74d881ed9c865	adopt-upstream-exact		fixed-target upstream-only content is byte-identical
internal/types/custom_agent.go	-	M	100644	75a05b6b059d56654063b9a0f715d94106ac10a2	adapt-upstream-for-musuw		fixed-target path is present with Musuw product/runtime adaptation
internal/types/custom_agent_test.go	-	M	100644	9a0068aebb261d6d6c36b3e32fa41db66f9e2f00	adapt-upstream-for-musuw		fixed-target path is present with Musuw product/runtime adaptation
internal/types/datasource.go	M	M	100644	503d6949c562c78489477b8af554f49f7b4ede9a	compose-three-way		overlap review composed target capability with Musuw product semantics at the existing owner
internal/types/datasource_test.go	M	-	100644	b670f3a148c829187389c1556f117a76ba9a1d97	preserve-musuw-exact		audited local-only content is byte-identical
internal/types/embed_channel_test.go	-	M	100644	4abbea2142694c74e91bc8f6fa5090d6e6f2a8cc	adopt-upstream-exact		fixed-target upstream-only content is byte-identical
internal/types/entitlement.go	A	-	100644	7bb607fade67ec0024766ef3021ac520d6bf47b8	preserve-musuw-exact		audited local-only content is byte-identical
internal/types/entitlement_test.go	A	-	100644	5eb63435f76d625247470fa10d7f614554e1ba8f	preserve-musuw-exact		audited local-only content is byte-identical
internal/types/faq_test.go	-	M	100644	dbc98ef7270544ced384829dfbc148a72e98eec4	adopt-upstream-exact		fixed-target upstream-only content is byte-identical
internal/types/interfaces/account_erasure.go	A	-	100644	e66ba44cf3db04c9623a9b9ecde72a6cf47cb035	preserve-musuw-exact		audited local-only content is byte-identical
internal/types/interfaces/agent.go	-	M	100644	889b0428fa5f6a7ef4910a600ab1a073186b180a	adopt-upstream-exact		fixed-target upstream-only content is byte-identical
internal/types/interfaces/chunk.go	-	M	100644	5729676affdc31561b4fd34fce83d68f625dda6d	adapt-upstream-for-musuw		fixed-target path is present with Musuw product/runtime adaptation
internal/types/interfaces/consumer_model_resolver.go	A	-	100644	a866b14ffbe32f4b0bc0d0af43d6638deee056ce	preserve-musuw-exact		audited local-only content is byte-identical
internal/types/interfaces/custom_agent.go	-	M	100644	28a4b2c17a6a225cae217c239732138d7341159e	adopt-upstream-exact		fixed-target upstream-only content is byte-identical
internal/types/interfaces/entitlement.go	A	-	100644	0b6f00883f3701fa4b6d3b237a761ab37420c467	preserve-musuw-exact		audited local-only content is byte-identical
internal/types/interfaces/knowledge.go	M	M	100644	e499dba01b861f56a17c0b28807dc57b8fe8392c	compose-three-way		overlap review composed target capability with Musuw product semantics at the existing owner
internal/types/interfaces/knowledgebase.go	M	-	100644	c3f191e6ca2de4819af3dab78bedec7cb16990a5	preserve-musuw-exact		audited local-only content is byte-identical
internal/types/interfaces/mcp_service.go	-	M	100644	6bc7046107f18d7a5a93cfb60be2abce04aec04b	adopt-upstream-exact		fixed-target upstream-only content is byte-identical
internal/types/interfaces/memory.go	-	A	100644	b80ba505d2d341d8607b3e356202dc28b25c354b	adapt-upstream-for-musuw		fixed-target path is present with Musuw product/runtime adaptation
internal/types/interfaces/message.go	-	M	100644	b6ad52487471407a5ad666a2d0f56c578b908b1e	adopt-upstream-exact		fixed-target upstream-only content is byte-identical
internal/types/interfaces/model.go	-	M	100644	b29f27563423ee6ff85358f704f515b7affcf15d	adopt-upstream-exact		fixed-target upstream-only content is byte-identical
internal/types/interfaces/paddle_billing_operation.go	A	-	100644	6040d18302e31d7abafce8470bb2b7b7d59523c1	preserve-musuw-exact		audited local-only content is byte-identical
internal/types/interfaces/resource.go	-	M	100644	12dd33f643b77c006b23be6eae3d1f6797c93138	adopt-upstream-exact		fixed-target upstream-only content is byte-identical
internal/types/interfaces/stream_manager.go	-	M	100644	6ff3acd92a93afb903cb6335cd5b0725ec4b3be6	adopt-upstream-exact		fixed-target upstream-only content is byte-identical
internal/types/interfaces/tenant.go	M	M	100644	22d9567b34692bbc233f0c89c3c1fa80bd756516	compose-three-way		overlap review composed target capability with Musuw product semantics at the existing owner
internal/types/interfaces/tenant_invitation_service.go	-	M	100644	6c891beee8fcad52530f5889fe6b3de8c3c396a7	adopt-upstream-exact		fixed-target upstream-only content is byte-identical
internal/types/interfaces/user.go	M	M	100644	3579247b4ce16222fdf93ea9ebafb188dadbf1a5	compose-three-way		overlap review composed target capability with Musuw product semantics at the existing owner
internal/types/interfaces/wiki_page.go	-	M	100644	13517c1f362b0786c3a227f4d40e9007e5bb6fae	adopt-upstream-exact		fixed-target upstream-only content is byte-identical
internal/types/knowledge.go	M	M	100644	368f806104e505cc5b1bcbededbed4b0a493e0e9	compose-three-way		overlap review composed target capability with Musuw product semantics at the existing owner
internal/types/knowledgebase.go	M	M	100644	136859ed5ed51aa3f2543b4d6eab9ff6464c8b32	compose-three-way		overlap review composed target capability with Musuw product semantics at the existing owner
internal/types/knowledgebase_auto_tag_test.go	-	A	100644	772360a9bd27c5b06430f6af67a0578700a871e1	adopt-upstream-exact		fixed-target upstream-only content is byte-identical
internal/types/knowledgebase_platform_defaults_test.go	A	-	100644	543bf091c36ad06a75a38f26b1d830635d190ac1	preserve-musuw-exact		audited local-only content is byte-identical
internal/types/knowledgebase_test.go	-	M	100644	a81a13d1ca73548a9d62d823ebeb41265d1f2cf4	adapt-upstream-for-musuw		fixed-target path is present with Musuw product/runtime adaptation
internal/types/mcp.go	M	-	100644	03e300b92b339a93a33a84753e907364ce3ba254	preserve-musuw-exact		audited local-only content is byte-identical
internal/types/mcp_oauth.go	M	-	100644	a8a888c97ac663380ba933e9a1608adca5f095ce	preserve-musuw-exact		audited local-only content is byte-identical
internal/types/mcp_test.go	M	-	100644	04f46db22ae23e9b8414aba03114d7bece510263	preserve-musuw-exact		audited local-only content is byte-identical
internal/types/memory.go	-	A	100644	89e4e6e71ad45015b95f48cec9e43c206b20f2f9	adapt-upstream-for-musuw		fixed-target path is present with Musuw product/runtime adaptation
internal/types/memory_test.go	-	A	100644	00266bb590126ac85e882131fd102a8833dec72f	adapt-upstream-for-musuw		fixed-target path is present with Musuw product/runtime adaptation
internal/types/message.go	-	M	100644	37554a3adad507d4993d21cab2a58e4a75fac701	adapt-upstream-for-musuw		fixed-target path is present with Musuw product/runtime adaptation
internal/types/message_attachment_test.go	-	M	100644	95edcd189cabd25c2cd008ad96032091f785fcf6	adopt-upstream-exact		fixed-target upstream-only content is byte-identical
internal/types/message_test.go	-	A	100644	9f8abf429fe2ef0816cdfa08de45ad83da53bf50	adopt-upstream-exact		fixed-target upstream-only content is byte-identical
internal/types/model.go	M	-	100644	7ec1aa7da951d3ea84ba091b4c11acbe396ad89c	adapt-musuw-for-target		audited Musuw path retained and adapted at its existing owner for the target contract
internal/types/openrouter_credentials_test.go	A	-	100644	f4361ee20d9933f226952fdf8f17489c947ea5c1	preserve-musuw-exact		audited local-only content is byte-identical
internal/types/paddle_billing_operation.go	A	-	100644	ddeecd2e443c6dff62fbd840c49ad6f76f090be5	preserve-musuw-exact		audited local-only content is byte-identical
internal/types/paddle_renewal_event_migration_contract_test.go	A	-	100644	12a8f5508604f42cbfe027b3586a8d43caff1787	preserve-musuw-exact		audited local-only content is byte-identical
internal/types/paddle_webhook_task.go	A	-	100644	590238fd7087fd55a7ec2c6c88f66296216bf270	preserve-musuw-exact		audited local-only content is byte-identical
internal/types/paddle_webhook_task_test.go	A	-	100644	9ad1effa6a5462ccb6f9d24db1915eb91a99a015	preserve-musuw-exact		audited local-only content is byte-identical
internal/types/parser_engine_config_test.go	-	M	100644	7569cf5aae76bac83c5f2894a736dc292cf37f01	adopt-upstream-exact		fixed-target upstream-only content is byte-identical
internal/types/platform_knowledge_base_migration_contract_test.go	A	-	100644	c21b3fa0a8b6a3d1a1d99a371b5fa0830eec1203	preserve-musuw-exact		audited local-only content is byte-identical
internal/types/prompt_instructions.go	-	M	100644	4b47e6e78bfda507bf1690587149cfc2ae76f095	adopt-upstream-exact		fixed-target upstream-only content is byte-identical
internal/types/qa_request.go	M	-	100644	9dd09784f34d8bf662e3d40be08d8e81a8d5bbac	preserve-musuw-exact		audited local-only content is byte-identical
internal/types/resource.go	-	M	100644	1acacd6bdac5ac79acd814ff59e9556bba4f326a	adopt-upstream-exact		fixed-target upstream-only content is byte-identical
internal/types/resource_test.go	-	A	100644	d74c9c658ae604c83a9f5074df3acc15ba0db08a	adopt-upstream-exact		fixed-target upstream-only content is byte-identical
internal/types/retrieval_config.go	-	M	100644	fe5ab23b465dab812d50068fcfa0f6c487a45877	adopt-upstream-exact		fixed-target upstream-only content is byte-identical
internal/types/sandbox_tenant_context_test.go	-	A	100644	0e78fb62aeca44aa3ea56290f3469c69724fe910	adopt-upstream-exact		fixed-target upstream-only content is byte-identical
internal/types/secret_persistence_strict.go	A	-	100644	a37dd0195456fe55841a8d32007712536c8dfd33	preserve-musuw-exact		audited local-only content is byte-identical
internal/types/secret_persistence_strict_test.go	A	-	100644	316c7f71c548aa2bee4bb08905215426867920b6	preserve-musuw-exact		audited local-only content is byte-identical
internal/types/session.go	M	M	100644	413339d22798bb0417511b02b1a4a020fc777763	compose-three-way		overlap review composed target capability with Musuw product semantics at the existing owner
internal/types/session_access_test.go	-	M	100644	98cf545662985ca8349076a8eadd538289a84325	adopt-upstream-exact		fixed-target upstream-only content is byte-identical
internal/types/storage_source_usage_migration_contract_test.go	A	-	100644	1f57eb70ed8797ca9e1707b97a65897acd2c38d6	preserve-musuw-exact		audited local-only content is byte-identical
internal/types/storagebackend.go	M	-	100644	8bfcdbaaca711dc98e57d47d38d09717b0e8f6e0	preserve-musuw-exact		audited local-only content is byte-identical
internal/types/task.go	M	M	100644	1b97221a7989040580ffedba1e306307f0dd8880	compose-three-way		overlap review composed target capability with Musuw product semantics at the existing owner
internal/types/task_queue_test.go	-	M	100644	cf160558fcb0eb326e650130ddee1e4e5101d910	adapt-upstream-for-musuw		fixed-target path is present with Musuw product/runtime adaptation
internal/types/tenant.go	M	M	100644	c60cf46ec934123db2f7abae158eb78f169a87b6	compose-three-way		overlap review composed target capability with Musuw product semantics at the existing owner
internal/types/tenant_api_key.go	M	-	100644	2bb77f8430d07aceb17fa566fdd199ee6f690e62	preserve-musuw-exact		audited local-only content is byte-identical
internal/types/tenant_env_vars.go	-	A	100644	42da985594b3426dbbc0b7e554e2a793f5fa0a3c	adapt-upstream-for-musuw		fixed-target path is present with Musuw product/runtime adaptation
internal/types/tenant_env_vars_test.go	-	A	100644	5a640af2546774bb41ce6fd7459cfcbb00ed1f41	adapt-upstream-for-musuw		fixed-target path is present with Musuw product/runtime adaptation
internal/types/tenant_json.go	A	-	100644	6d9e9f4c68fba987537ba6bc4f4da8e529a16c68	preserve-musuw-exact		audited local-only content is byte-identical
internal/types/tenant_sandbox_config_entity.go	-	A	100644	07c4775be3c5549d677612fdaf8529066cc35ee4	adopt-upstream-exact		fixed-target upstream-only content is byte-identical
internal/types/tenant_sandbox_config_entity_test.go	-	A	100644	8608c42875c6d12b12fd59725b9ef957966abb99	adopt-upstream-exact		fixed-target upstream-only content is byte-identical
internal/types/tenant_sandbox_config_test.go	-	A	100644	94742212b03a04d64da39865fcb75c63fa58afee	adapt-upstream-for-musuw		fixed-target path is present with Musuw product/runtime adaptation
internal/types/tenant_skill.go	-	A	100644	25af15d8a21d6ec22b7e3cee5a26ded4f4715b3e	adopt-upstream-exact		fixed-target upstream-only content is byte-identical
internal/types/token_usage_test.go	-	A	100644	3b27dea2d2389809f310b7799972a859e52d3433	adopt-upstream-exact		fixed-target upstream-only content is byte-identical
internal/types/user.go	M	M	100644	cd5e1474a3a1f8815d47ecce92febe0ce526d1c7	compose-three-way		overlap review composed target capability with Musuw product semantics at the existing owner
internal/types/vectorstore.go	M	-	100644	4fc6138c5061d1d249fc08f5a35419acf646894a	preserve-musuw-exact		audited local-only content is byte-identical
internal/types/vectorstore_test.go	M	-	100644	c99f3af8c9d0cd64c2528e2f6593c3fedbc8ab6e	preserve-musuw-exact		audited local-only content is byte-identical
internal/types/web_search_provider.go	M	M	100644	004a2397bc6a9dc6e6541c53ae1c92a647ad0087	compose-three-way		overlap review composed target capability with Musuw product semantics at the existing owner
internal/types/web_search_provider_test.go	-	M	100644	43fa4d90a5fafb5316bc3fdf4502ca4dd65e8e1d	adopt-upstream-exact		fixed-target upstream-only content is byte-identical
internal/types/wiki_page.go	-	M	100644	c05639113a66ed236b934004f6316e5c02f77047	adopt-upstream-exact		fixed-target upstream-only content is byte-identical
internal/types/wiki_page_test.go	-	M	100644	530b225ac5f291bbca5d8594a2b7e26e016c3ee4	adopt-upstream-exact		fixed-target upstream-only content is byte-identical
internal/utils/debug.go	-	M	100644	4d1265c810f1694e1fa41bff0c590aeadd37a44c	adopt-upstream-exact		fixed-target upstream-only content is byte-identical
internal/utils/extraheaders.go	-	M	100644	b32d54f8e931bbd0599e977d71d7d1fa27d64523	adopt-upstream-exact		fixed-target upstream-only content is byte-identical
internal/utils/extraheaders_test.go	-	M	100644	5f4ecf3305bbd3149fb170c8e9049d1543614eda	adopt-upstream-exact		fixed-target upstream-only content is byte-identical
internal/utils/httputil.go	-	M	100644	9fd05cca4e038ce3c332364bbf6336e96d1f1203	adopt-upstream-exact		fixed-target upstream-only content is byte-identical
internal/utils/log_sanitize.go	-	M	100644	03c061fb19d6bb1338a59d1579339c484d5eb4da	adopt-upstream-exact		fixed-target upstream-only content is byte-identical
internal/utils/mysql_ssrf.go	-	A	100644	e45dfc901673122461273a4f82f11df65034b9c7	adopt-upstream-exact		fixed-target upstream-only content is byte-identical
internal/utils/security.go	M	M	100644	0c2c43a1ae1d2b9825ed66527a3512ef8b7e1390	compose-three-way		overlap review composed target capability with Musuw product semantics at the existing owner
internal/utils/security_test.go	M	M	100644	d34a3d4d33c400bdcff4b58b8630ebbc83dd7084	compose-three-way		overlap review composed target capability with Musuw product semantics at the existing owner
internal/utils/security_transport_test.go	-	M	100644	303df5aec721448361673c3835803003f699e2e4	adopt-upstream-exact		fixed-target upstream-only content is byte-identical
internal/utils/ssrf_outbound_cache.go	-	A	100644	d7ffdbba835760d31a50ffcdb84941877528fbaa	adopt-upstream-exact		fixed-target upstream-only content is byte-identical
internal/utils/ssrf_outbound_cache_test.go	-	A	100644	b3856478dcaabe3109c28b832b816a2a4698dc7c	adopt-upstream-exact		fixed-target upstream-only content is byte-identical
internal/utils/taskid.go	M	M	100644	89f7cc0ebf9a35215742ac0a5b50aed4d8689e62	preserve-musuw-exact		overlap review retained the audited Musuw content exactly
mcp-server/weknora_mcp_server.py	M	-	100644	9c322aea28248305be5c68824641d40ecd87d36f	preserve-musuw-exact		audited local-only content is byte-identical
migrations/mysql/00-init-db.sql	M	M	100644	dbe42513a9439d70d03c3b4b7b940d553e3adc0c	compose-three-way		overlap review composed target capability with Musuw product semantics at the existing owner
migrations/paradedb/00-init-db.sql	M	M	100644	3c91c231c1f26cb973811789690306715dfe8683	compose-three-way		overlap review composed target capability with Musuw product semantics at the existing owner
migrations/paradedb/01-migrate-to-paradedb.sql	M	-	100644	1d0debd35993038395d505e8b9c9ae412ccee293	preserve-musuw-exact		audited local-only content is byte-identical
migrations/sqlite/000000_init.up.sql	M	M	100644	22ca22a6b2e53ed48bb7dfbd07a0d691f210bb83	preserve-musuw-exact		overlap review retained the audited Musuw content exactly
migrations/sqlite/000003_consumer_plan_entitlements.down.sql	A	-	100644	d01e62ae24113204b648a24dc6d7744fba3222e9	preserve-musuw-exact		audited local-only content is byte-identical
migrations/sqlite/000003_consumer_plan_entitlements.up.sql	A	-	100644	342a0c1d41f3fc603eaeaf23b633b787a3e4a30c	preserve-musuw-exact		audited local-only content is byte-identical
migrations/sqlite/000003_knowledge_base_auto_tag_config.down.sql	-	A	000000	0000000000000000000000000000000000000000	append-upstream-migration	migrations/sqlite/000013_knowledge_base_auto_tag_config.down.sql	colliding target migration appended as migrations/sqlite/000013_knowledge_base_auto_tag_config.down.sql (byte-identical target SQL) without reinterpreting Musuw history
migrations/sqlite/000003_knowledge_base_auto_tag_config.up.sql	-	A	000000	0000000000000000000000000000000000000000	append-upstream-migration	migrations/sqlite/000013_knowledge_base_auto_tag_config.up.sql	colliding target migration appended as migrations/sqlite/000013_knowledge_base_auto_tag_config.up.sql (byte-identical target SQL) without reinterpreting Musuw history
migrations/sqlite/000004_memory.down.sql	-	A	000000	0000000000000000000000000000000000000000	append-upstream-migration	migrations/sqlite/000014_memory.down.sql	colliding target migration appended as migrations/sqlite/000014_memory.down.sql (byte-identical target SQL) without reinterpreting Musuw history
migrations/sqlite/000004_memory.up.sql	-	A	000000	0000000000000000000000000000000000000000	append-upstream-migration	migrations/sqlite/000014_memory.up.sql	colliding target migration appended as migrations/sqlite/000014_memory.up.sql (Musuw-compatible adapted target SQL) without reinterpreting Musuw history
migrations/sqlite/000004_openrouter_credit_period.down.sql	A	-	100644	cd2de130f446fcddb8e0f41449fba2eeb67520d7	preserve-musuw-exact		audited local-only content is byte-identical
migrations/sqlite/000004_openrouter_credit_period.up.sql	A	-	100644	db0cdc1f4b7dbb44e849a835bec1387d26c8e7e7	preserve-musuw-exact		audited local-only content is byte-identical
migrations/sqlite/000005_messages_attachments_and_invitation_fields.down.sql	-	A	000000	0000000000000000000000000000000000000000	append-upstream-migration	migrations/sqlite/000015_messages_attachments_and_invitation_fields.down.sql	colliding target migration appended as migrations/sqlite/000015_messages_attachments_and_invitation_fields.down.sql (byte-identical target SQL) without reinterpreting Musuw history
migrations/sqlite/000005_messages_attachments_and_invitation_fields.up.sql	-	A	000000	0000000000000000000000000000000000000000	append-upstream-migration	migrations/sqlite/000015_messages_attachments_and_invitation_fields.up.sql	colliding target migration appended as migrations/sqlite/000015_messages_attachments_and_invitation_fields.up.sql (byte-identical target SQL) without reinterpreting Musuw history
migrations/sqlite/000005_paddle_billing_period.down.sql	A	-	100644	8680817dcb8ba7c9caf2799b520228a2e77a3463	preserve-musuw-exact		audited local-only content is byte-identical
migrations/sqlite/000005_paddle_billing_period.up.sql	A	-	100644	251366b3acc285984a0f1fd97d3d66d9e6534c5f	preserve-musuw-exact		audited local-only content is byte-identical
migrations/sqlite/000006_paddle_current_period_end.down.sql	A	-	100644	c47701b71ebbfeb48c15648864c17ec61f36f1ad	preserve-musuw-exact		audited local-only content is byte-identical
migrations/sqlite/000006_paddle_current_period_end.up.sql	A	-	100644	b520a581326c80d8efacbeb30498ce5d7dcf665f	preserve-musuw-exact		audited local-only content is byte-identical
migrations/sqlite/000006_task_queue_and_dead_letters.down.sql	-	A	000000	0000000000000000000000000000000000000000	append-upstream-migration	migrations/sqlite/000016_task_queue_and_dead_letters.down.sql	colliding target migration appended as migrations/sqlite/000016_task_queue_and_dead_letters.down.sql (byte-identical target SQL) without reinterpreting Musuw history
migrations/sqlite/000006_task_queue_and_dead_letters.up.sql	-	A	000000	0000000000000000000000000000000000000000	append-upstream-migration	migrations/sqlite/000016_task_queue_and_dead_letters.up.sql	colliding target migration appended as migrations/sqlite/000016_task_queue_and_dead_letters.up.sql (byte-identical target SQL) without reinterpreting Musuw history
migrations/sqlite/000007_paddle_billing_operations.down.sql	A	-	100644	5e010c4c1d3d706f2e5ce37e7179ef13fb30a8ab	preserve-musuw-exact		audited local-only content is byte-identical
migrations/sqlite/000007_paddle_billing_operations.up.sql	A	-	100644	d601eb019e6b700cf4cbb9218642159ba259f449	preserve-musuw-exact		audited local-only content is byte-identical
migrations/sqlite/000007_system_admin_and_settings.down.sql	-	A	000000	0000000000000000000000000000000000000000	append-upstream-migration	migrations/sqlite/000017_system_admin_and_settings.down.sql	colliding target migration appended as migrations/sqlite/000017_system_admin_and_settings.down.sql (byte-identical target SQL) without reinterpreting Musuw history
migrations/sqlite/000007_system_admin_and_settings.up.sql	-	A	000000	0000000000000000000000000000000000000000	append-upstream-migration	migrations/sqlite/000017_system_admin_and_settings.up.sql	colliding target migration appended as migrations/sqlite/000017_system_admin_and_settings.up.sql (byte-identical target SQL) without reinterpreting Musuw history
migrations/sqlite/000008_consumer_plan_storage_quota.down.sql	A	-	100644	d71602c9bc46dceb18e7709ab523610604d7c35d	preserve-musuw-exact		audited local-only content is byte-identical
migrations/sqlite/000008_consumer_plan_storage_quota.up.sql	A	-	100644	79cf2ea684db52f9a1c5f53e276d4c221147505c	preserve-musuw-exact		audited local-only content is byte-identical
migrations/sqlite/000008_processing_spans_and_pending_subtasks.down.sql	-	A	000000	0000000000000000000000000000000000000000	append-upstream-migration	migrations/sqlite/000018_processing_spans_and_pending_subtasks.down.sql	colliding target migration appended as migrations/sqlite/000018_processing_spans_and_pending_subtasks.down.sql (byte-identical target SQL) without reinterpreting Musuw history
migrations/sqlite/000008_processing_spans_and_pending_subtasks.up.sql	-	A	000000	0000000000000000000000000000000000000000	append-upstream-migration	migrations/sqlite/000018_processing_spans_and_pending_subtasks.up.sql	colliding target migration appended as migrations/sqlite/000018_processing_spans_and_pending_subtasks.up.sql (byte-identical target SQL) without reinterpreting Musuw history
migrations/sqlite/000009_account_erasure_identity.down.sql	A	-	100644	43dd3351bd7a83c6a3d4f7a02553cff0b511cdc7	preserve-musuw-exact		audited local-only content is byte-identical
migrations/sqlite/000009_account_erasure_identity.up.sql	A	-	100644	0e106185be590304f20dc0ae880c735692e7eaac	preserve-musuw-exact		audited local-only content is byte-identical
migrations/sqlite/000009_embed_channel_memory_flag.down.sql	-	A	000000	0000000000000000000000000000000000000000	append-upstream-migration	migrations/sqlite/000019_embed_channel_memory_flag.down.sql	colliding target migration appended as migrations/sqlite/000019_embed_channel_memory_flag.down.sql (byte-identical target SQL) without reinterpreting Musuw history
migrations/sqlite/000009_embed_channel_memory_flag.up.sql	-	A	000000	0000000000000000000000000000000000000000	append-upstream-migration	migrations/sqlite/000019_embed_channel_memory_flag.up.sql	colliding target migration appended as migrations/sqlite/000019_embed_channel_memory_flag.up.sql (byte-identical target SQL) without reinterpreting Musuw history
migrations/sqlite/000010_knowledge_multi_tags.down.sql	-	A	000000	0000000000000000000000000000000000000000	append-upstream-migration	migrations/sqlite/000020_knowledge_multi_tags.down.sql	colliding target migration appended as migrations/sqlite/000020_knowledge_multi_tags.down.sql (byte-identical target SQL) without reinterpreting Musuw history
migrations/sqlite/000010_knowledge_multi_tags.up.sql	-	A	000000	0000000000000000000000000000000000000000	append-upstream-migration	migrations/sqlite/000020_knowledge_multi_tags.up.sql	colliding target migration appended as migrations/sqlite/000020_knowledge_multi_tags.up.sql (byte-identical target SQL) without reinterpreting Musuw history
migrations/sqlite/000010_paddle_renewal_event_at.down.sql	A	-	100644	eef4966a8dc96e8a1b85381c06b37d1b635448d9	preserve-musuw-exact		audited local-only content is byte-identical
migrations/sqlite/000010_paddle_renewal_event_at.up.sql	A	-	100644	6302325f38f0a10be9e8669fc5dc071311e6bb01	preserve-musuw-exact		audited local-only content is byte-identical
migrations/sqlite/000011_principal_model.down.sql	-	A	000000	0000000000000000000000000000000000000000	append-upstream-migration	migrations/sqlite/000021_principal_model.down.sql	colliding target migration appended as migrations/sqlite/000021_principal_model.down.sql (byte-identical target SQL) without reinterpreting Musuw history
migrations/sqlite/000011_principal_model.up.sql	-	A	000000	0000000000000000000000000000000000000000	append-upstream-migration	migrations/sqlite/000021_principal_model.up.sql	colliding target migration appended as migrations/sqlite/000021_principal_model.up.sql (byte-identical target SQL) without reinterpreting Musuw history
migrations/sqlite/000011_storage_source_usage.down.sql	A	-	100644	06613f225066639411233c5ffea18425996ffe99	preserve-musuw-exact		audited local-only content is byte-identical
migrations/sqlite/000011_storage_source_usage.up.sql	A	-	100644	0c05542d474858c1fa01c2132480be0bf28f4dd5	preserve-musuw-exact		audited local-only content is byte-identical
migrations/sqlite/000012_complimentary_entitlements.down.sql	A	-	100644	bb948ac8e04ada66ecac6f3b58e8a95039146c90	preserve-musuw-exact		audited local-only content is byte-identical
migrations/sqlite/000012_complimentary_entitlements.up.sql	A	-	100644	67bab74b1aeefb532262633e0f73928f2da6ed08	preserve-musuw-exact		audited local-only content is byte-identical
migrations/sqlite/000012_message_usage.down.sql	-	A	000000	0000000000000000000000000000000000000000	append-upstream-migration	migrations/sqlite/000022_message_usage.down.sql	colliding target migration appended as migrations/sqlite/000022_message_usage.down.sql (byte-identical target SQL) without reinterpreting Musuw history
migrations/sqlite/000012_message_usage.up.sql	-	A	000000	0000000000000000000000000000000000000000	append-upstream-migration	migrations/sqlite/000022_message_usage.up.sql	colliding target migration appended as migrations/sqlite/000022_message_usage.up.sql (Musuw-compatible adapted target SQL) without reinterpreting Musuw history
migrations/versioned/000000_init.up.sql	M	-	100644	f47b79e027a5a595c609ca835b20ce49812a6a18	preserve-musuw-exact		audited local-only content is byte-identical
migrations/versioned/000080_default_searxng_provider.down.sql	A	-	100644	4b23f52ca899856bc21b6c72ccd80259b7a4cdf9	preserve-musuw-exact		audited local-only content is byte-identical
migrations/versioned/000080_default_searxng_provider.up.sql	A	-	100644	9fdcdbe05affc0835b977ddaa5a59fdd2d54c38b	preserve-musuw-exact		audited local-only content is byte-identical
migrations/versioned/000080_knowledge_base_auto_tag_config.down.sql	-	A	000000	0000000000000000000000000000000000000000	append-upstream-migration	migrations/versioned/000094_knowledge_base_auto_tag_config.down.sql	colliding target migration appended as migrations/versioned/000094_knowledge_base_auto_tag_config.down.sql (byte-identical target SQL) without reinterpreting Musuw history
migrations/versioned/000080_knowledge_base_auto_tag_config.up.sql	-	A	000000	0000000000000000000000000000000000000000	append-upstream-migration	migrations/versioned/000094_knowledge_base_auto_tag_config.up.sql	colliding target migration appended as migrations/versioned/000094_knowledge_base_auto_tag_config.up.sql (Musuw-compatible adapted target SQL) without reinterpreting Musuw history
migrations/versioned/000081_builtin_agent_model_defaults.down.sql	A	-	100644	edff2e46aa2246b0396c2af80e1d6d3ab6d3e60b	preserve-musuw-exact		audited local-only content is byte-identical
migrations/versioned/000081_builtin_agent_model_defaults.up.sql	A	-	100644	bb2991644d66125f346e439de41aff59102fd287	preserve-musuw-exact		audited local-only content is byte-identical
migrations/versioned/000081_message_artifacts.down.sql	-	A	000000	0000000000000000000000000000000000000000	append-upstream-migration	migrations/versioned/000095_message_artifacts.down.sql	colliding target migration appended as migrations/versioned/000095_message_artifacts.down.sql (byte-identical target SQL) without reinterpreting Musuw history
migrations/versioned/000081_message_artifacts.up.sql	-	A	000000	0000000000000000000000000000000000000000	append-upstream-migration	migrations/versioned/000095_message_artifacts.up.sql	colliding target migration appended as migrations/versioned/000095_message_artifacts.up.sql (byte-identical target SQL) without reinterpreting Musuw history
migrations/versioned/000082_platform_knowledge_base_defaults.down.sql	A	-	100644	3efe825699b8af286cd405c3d39aa7e47f398a0e	preserve-musuw-exact		audited local-only content is byte-identical
migrations/versioned/000082_platform_knowledge_base_defaults.up.sql	A	-	100644	796f2ff2c41581d0053c6d1de74420b58735da29	preserve-musuw-exact		audited local-only content is byte-identical
migrations/versioned/000082_tenant_sandbox_config.down.sql	-	A	000000	0000000000000000000000000000000000000000	append-upstream-migration	migrations/versioned/000096_tenant_sandbox_config.down.sql	colliding target migration appended as migrations/versioned/000096_tenant_sandbox_config.down.sql (Musuw-compatible adapted target SQL) without reinterpreting Musuw history
migrations/versioned/000082_tenant_sandbox_config.up.sql	-	A	000000	0000000000000000000000000000000000000000	append-upstream-migration	migrations/versioned/000096_tenant_sandbox_config.up.sql	colliding target migration appended as migrations/versioned/000096_tenant_sandbox_config.up.sql (Musuw-compatible adapted target SQL) without reinterpreting Musuw history
migrations/versioned/000083_consumer_plan_entitlements.down.sql	A	-	100644	43aaa7479199960ff8d3c123ecf21f4a4d6c290d	preserve-musuw-exact		audited local-only content is byte-identical
migrations/versioned/000083_consumer_plan_entitlements.up.sql	A	-	100644	197877d881efdb052c8d87684edf85954c6096a1	preserve-musuw-exact		audited local-only content is byte-identical
migrations/versioned/000083_session_sandbox_config.down.sql	-	A	000000	0000000000000000000000000000000000000000	append-upstream-migration	migrations/versioned/000097_session_sandbox_config.down.sql	colliding target migration appended as migrations/versioned/000097_session_sandbox_config.down.sql (Musuw-compatible adapted target SQL) without reinterpreting Musuw history
migrations/versioned/000083_session_sandbox_config.up.sql	-	A	000000	0000000000000000000000000000000000000000	append-upstream-migration	migrations/versioned/000097_session_sandbox_config.up.sql	colliding target migration appended as migrations/versioned/000097_session_sandbox_config.up.sql (Musuw-compatible adapted target SQL) without reinterpreting Musuw history
migrations/versioned/000084_consumer_chat_catalog.down.sql	A	-	100644	b1bd5fdf3df06a36125c04c53656ada74bb6bf97	preserve-musuw-exact		audited local-only content is byte-identical
migrations/versioned/000084_consumer_chat_catalog.up.sql	A	-	100644	4a0be5e134aa95d2285efd78f239e170be3d003c	preserve-musuw-exact		audited local-only content is byte-identical
migrations/versioned/000084_memory.down.sql	-	A	000000	0000000000000000000000000000000000000000	append-upstream-migration	migrations/versioned/000098_memory.down.sql	colliding target migration appended as migrations/versioned/000098_memory.down.sql (byte-identical target SQL) without reinterpreting Musuw history
migrations/versioned/000084_memory.up.sql	-	A	000000	0000000000000000000000000000000000000000	append-upstream-migration	migrations/versioned/000098_memory.up.sql	colliding target migration appended as migrations/versioned/000098_memory.up.sql (Musuw-compatible adapted target SQL) without reinterpreting Musuw history
migrations/versioned/000085_message_usage.down.sql	-	A	000000	0000000000000000000000000000000000000000	append-upstream-migration	migrations/versioned/000099_message_usage.down.sql	colliding target migration appended as migrations/versioned/000099_message_usage.down.sql (byte-identical target SQL) without reinterpreting Musuw history
migrations/versioned/000085_message_usage.up.sql	-	A	000000	0000000000000000000000000000000000000000	append-upstream-migration	migrations/versioned/000099_message_usage.up.sql	colliding target migration appended as migrations/versioned/000099_message_usage.up.sql (byte-identical target SQL) without reinterpreting Musuw history
migrations/versioned/000085_openrouter_credit_period.down.sql	A	-	100644	d8817acebad66ac887b773657374226938e888dc	preserve-musuw-exact		audited local-only content is byte-identical
migrations/versioned/000085_openrouter_credit_period.up.sql	A	-	100644	3426a9de36baeb0d01b13f68938da4e5cd9bdb02	preserve-musuw-exact		audited local-only content is byte-identical
migrations/versioned/000086_paddle_billing_period.down.sql	A	-	100644	2a0b5cbd610bd39e21b5138cc7fef818fe8a29be	preserve-musuw-exact		audited local-only content is byte-identical
migrations/versioned/000086_paddle_billing_period.up.sql	A	-	100644	251366b3acc285984a0f1fd97d3d66d9e6534c5f	preserve-musuw-exact		audited local-only content is byte-identical
migrations/versioned/000086_tenant_skills.down.sql	-	A	000000	0000000000000000000000000000000000000000	append-upstream-migration	migrations/versioned/000100_tenant_skills.down.sql	colliding target migration appended as migrations/versioned/000100_tenant_skills.down.sql (Musuw-compatible adapted target SQL) without reinterpreting Musuw history
migrations/versioned/000086_tenant_skills.up.sql	-	A	000000	0000000000000000000000000000000000000000	append-upstream-migration	migrations/versioned/000100_tenant_skills.up.sql	colliding target migration appended as migrations/versioned/000100_tenant_skills.up.sql (Musuw-compatible adapted target SQL) without reinterpreting Musuw history
migrations/versioned/000087_paddle_current_period_end.down.sql	A	-	100644	8584dbed11488ad6a71e85d0dc0b6ba800aecf4e	preserve-musuw-exact		audited local-only content is byte-identical
migrations/versioned/000087_paddle_current_period_end.up.sql	A	-	100644	2bc068b2e8da2239498eb0300bf79a982702360c	preserve-musuw-exact		audited local-only content is byte-identical
migrations/versioned/000087_skill_install_transcript.down.sql	-	A	000000	0000000000000000000000000000000000000000	append-upstream-migration	migrations/versioned/000101_skill_install_transcript.down.sql	colliding target migration appended as migrations/versioned/000101_skill_install_transcript.down.sql (Musuw-compatible adapted target SQL) without reinterpreting Musuw history
migrations/versioned/000087_skill_install_transcript.up.sql	-	A	000000	0000000000000000000000000000000000000000	append-upstream-migration	migrations/versioned/000101_skill_install_transcript.up.sql	colliding target migration appended as migrations/versioned/000101_skill_install_transcript.up.sql (Musuw-compatible adapted target SQL) without reinterpreting Musuw history
migrations/versioned/000088_paddle_billing_operations.down.sql	A	-	100644	5e010c4c1d3d706f2e5ce37e7179ef13fb30a8ab	preserve-musuw-exact		audited local-only content is byte-identical
migrations/versioned/000088_paddle_billing_operations.up.sql	A	-	100644	bd22951471dac4bc8ca4449eb945d96b2c9b9e92	preserve-musuw-exact		audited local-only content is byte-identical
migrations/versioned/000088_skill_snapshot_planned_name.down.sql	-	A	000000	0000000000000000000000000000000000000000	append-upstream-migration	migrations/versioned/000102_skill_snapshot_planned_name.down.sql	colliding target migration appended as migrations/versioned/000102_skill_snapshot_planned_name.down.sql (Musuw-compatible adapted target SQL) without reinterpreting Musuw history
migrations/versioned/000088_skill_snapshot_planned_name.up.sql	-	A	000000	0000000000000000000000000000000000000000	append-upstream-migration	migrations/versioned/000102_skill_snapshot_planned_name.up.sql	colliding target migration appended as migrations/versioned/000102_skill_snapshot_planned_name.up.sql (Musuw-compatible adapted target SQL) without reinterpreting Musuw history
migrations/versioned/000089_consumer_storage_quotas.down.sql	A	-	100644	9cd3218eaa554c859de9a00f0f4ba4efedfdb4ba	preserve-musuw-exact		audited local-only content is byte-identical
migrations/versioned/000089_consumer_storage_quotas.up.sql	A	-	100644	f756fc98492f855befab5a0149fea7bad5ac4b71	preserve-musuw-exact		audited local-only content is byte-identical
migrations/versioned/000089_env_vars.down.sql	-	A	000000	0000000000000000000000000000000000000000	append-upstream-migration	migrations/versioned/000103_env_vars.down.sql	colliding target migration appended as migrations/versioned/000103_env_vars.down.sql (Musuw-compatible adapted target SQL) without reinterpreting Musuw history
migrations/versioned/000089_env_vars.up.sql	-	A	000000	0000000000000000000000000000000000000000	append-upstream-migration	migrations/versioned/000103_env_vars.up.sql	colliding target migration appended as migrations/versioned/000103_env_vars.up.sql (Musuw-compatible adapted target SQL) without reinterpreting Musuw history
migrations/versioned/000090_account_erasure_identity.down.sql	A	-	100644	8a4903ee4cabfbcb3c7bd7010deccd34b4bae2e9	preserve-musuw-exact		audited local-only content is byte-identical
migrations/versioned/000090_account_erasure_identity.up.sql	A	-	100644	fd0c45dad52926cc77aac138c8afad592b0baa58	preserve-musuw-exact		audited local-only content is byte-identical
migrations/versioned/000090_skill_catalog.down.sql	-	A	000000	0000000000000000000000000000000000000000	append-upstream-migration	migrations/versioned/000104_skill_catalog.down.sql	colliding target migration appended as migrations/versioned/000104_skill_catalog.down.sql (Musuw-compatible adapted target SQL) without reinterpreting Musuw history
migrations/versioned/000090_skill_catalog.up.sql	-	A	000000	0000000000000000000000000000000000000000	append-upstream-migration	migrations/versioned/000104_skill_catalog.up.sql	colliding target migration appended as migrations/versioned/000104_skill_catalog.up.sql (Musuw-compatible adapted target SQL) without reinterpreting Musuw history
migrations/versioned/000091_paddle_renewal_event_at.down.sql	A	-	100644	95cf04b98915c3f87295efe9e140aae6d9582043	preserve-musuw-exact		audited local-only content is byte-identical
migrations/versioned/000091_paddle_renewal_event_at.up.sql	A	-	100644	19003aa73548cf383ca4798dfacd13c5b69fd6d2	preserve-musuw-exact		audited local-only content is byte-identical
migrations/versioned/000092_storage_source_usage.down.sql	A	-	100644	47acd68cb327b4c7e55e5eceef298c41c1596920	preserve-musuw-exact		audited local-only content is byte-identical
migrations/versioned/000092_storage_source_usage.up.sql	A	-	100644	84e7b0470114b3f79536366c660f0816396e6d60	preserve-musuw-exact		audited local-only content is byte-identical
migrations/versioned/000093_complimentary_entitlements.down.sql	A	-	100644	1d30a64af8698c04ae09cf52711c30c30b432edc	preserve-musuw-exact		audited local-only content is byte-identical
migrations/versioned/000093_complimentary_entitlements.up.sql	A	-	100644	8d2eaa73dcb00ae522e6e8b5da6bbfbb9647cf25	preserve-musuw-exact		audited local-only content is byte-identical
packages/dsh-weknora/.gitignore	-	A	100644	1eae0cf6700cebfee743504d0bdeaf642a11f012	adopt-upstream-exact		fixed-target upstream-only content is byte-identical
packages/dsh-weknora/README.md	-	A	100644	5b556bfffe552cccbcc20aa427be85f3be9f0e1c	adopt-upstream-exact		fixed-target upstream-only content is byte-identical
packages/dsh-weknora/README_CN.md	-	A	100644	6875b18e3cc855c65acf13d2d77bee36cb83de57	adopt-upstream-exact		fixed-target upstream-only content is byte-identical
packages/dsh-weknora/contract/contract_test.go	-	A	100644	331cd44b4e2221e3858cf8fc2c9cf7f5e1568b57	adopt-upstream-exact		fixed-target upstream-only content is byte-identical
packages/dsh-weknora/cordis.patch.yml	-	A	100644	8c340035b48b4a3fb7d9e75df55bfdaa8a8bc396	adopt-upstream-exact		fixed-target upstream-only content is byte-identical
packages/dsh-weknora/package-lock.json	-	A	100644	169529e51e2d66bf7fefc5cf3b0184086bc6448a	adopt-upstream-exact		fixed-target upstream-only content is byte-identical
packages/dsh-weknora/package.json	-	A	100644	3f075bcbce59a70e0f4bc30fa438517f94d42e86	adopt-upstream-exact		fixed-target upstream-only content is byte-identical
packages/dsh-weknora/src/client.ts	-	A	100644	1975a972354e6a4ae41c8fbb6638579e52af376d	adopt-upstream-exact		fixed-target upstream-only content is byte-identical
packages/dsh-weknora/src/config.ts	-	A	100644	5cbe4c4dcdebc18507913d037baa42edc25a80b2	adopt-upstream-exact		fixed-target upstream-only content is byte-identical
packages/dsh-weknora/src/harness.ts	-	A	100644	a8e49f03238d98d87d2b7e15bdfb20d0e6aa739e	adopt-upstream-exact		fixed-target upstream-only content is byte-identical
packages/dsh-weknora/src/index.ts	-	A	100644	ae165708c12b8108d6b8b99212486d0ae8961b77	adopt-upstream-exact		fixed-target upstream-only content is byte-identical
packages/dsh-weknora/src/render.ts	-	A	100644	2bcbdb01e5dce750f9694fc0340cb330111c5b17	adopt-upstream-exact		fixed-target upstream-only content is byte-identical
packages/dsh-weknora/src/tools.ts	-	A	100644	5be1999e38e74cd7d1bdd18551929084c5f2c7f3	adopt-upstream-exact		fixed-target upstream-only content is byte-identical
packages/dsh-weknora/test/client.test.mjs	-	A	100644	8a03566bab4639bf633928f26a70a96a76c1f901	adopt-upstream-exact		fixed-target upstream-only content is byte-identical
packages/dsh-weknora/test/config.test.mjs	-	A	100644	a7b5d7e37ecd1b44082f8b94ed429df1e1ecb0d6	adopt-upstream-exact		fixed-target upstream-only content is byte-identical
packages/dsh-weknora/test/contract.test.mjs	-	A	100644	c09c740fe8e6d5aeb9ea0b1492717a654bfcf40d	adopt-upstream-exact		fixed-target upstream-only content is byte-identical
packages/dsh-weknora/test/e2e/fake-model.mjs	-	A	100644	b736ea7374d0674ae11314eb442c97f085daad51	adopt-upstream-exact		fixed-target upstream-only content is byte-identical
packages/dsh-weknora/test/e2e/run-in-dsh.mjs	-	A	100644	d77900aaf9ea940dd9d3f41b21a10f738a362e13	adopt-upstream-exact		fixed-target upstream-only content is byte-identical
packages/dsh-weknora/test/fixtures/api-contract.json	-	A	100644	162bc53670ec8921b3dfcec6fb0831848a33b176	adopt-upstream-exact		fixed-target upstream-only content is byte-identical
packages/dsh-weknora/test/helpers/json-schema.mjs	-	A	100644	d1efb0148f610d62a5d05aea00b61dc286a76b3d	adopt-upstream-exact		fixed-target upstream-only content is byte-identical
packages/dsh-weknora/test/helpers/mock-weknora.mjs	-	A	100644	9ce3eb8c936dd61e4c27880149f4f82c2f8f88c3	adopt-upstream-exact		fixed-target upstream-only content is byte-identical
packages/dsh-weknora/test/tools.test.mjs	-	A	100644	8be07a9ad34d0baec4a75ceafc9d1cd24a397e15	adopt-upstream-exact		fixed-target upstream-only content is byte-identical
packages/dsh-weknora/tsconfig.build.json	-	A	100644	a0bfcab3e31a4ae6ab6950442ec90db6ea16ef87	adopt-upstream-exact		fixed-target upstream-only content is byte-identical
packages/dsh-weknora/tsconfig.json	-	A	100644	989ac8ae2a365152c72bb428f2e61c20ce40b76b	adopt-upstream-exact		fixed-target upstream-only content is byte-identical
scripts/build-anydoc-lib.sh	-	A	100755	5de88b7041ba025d0555cc32f3f4f3860a4c710e	adapt-upstream-for-musuw		fixed-target path is present with Musuw product/runtime adaptation
scripts/build_images.sh	-	M	100755	725f8b9f87fa3c551888ee2c21b36a57f3a54950	adopt-upstream-exact		fixed-target upstream-only content is byte-identical
scripts/cloud-image/prepare.sh	-	M	100755	6f7b5eb6a4338ed44656b1586ff33907aa3f5ae3	adopt-upstream-exact		fixed-target upstream-only content is byte-identical
scripts/dev.sh	-	M	100755	d3836a5575346b622776ac894922d24f7ff6abb5	adopt-upstream-exact		fixed-target upstream-only content is byte-identical
scripts/git-hooks/common.sh	-	A	100755	e6370489620e0c0026896187d3bdc7e04c59d770	adopt-upstream-exact		fixed-target upstream-only content is byte-identical
scripts/git-hooks/pre-commit	-	A	100755	cc7ba3a8866beab8cab60da9f45c72181a814596	adopt-upstream-exact		fixed-target upstream-only content is byte-identical
scripts/git-hooks/pre-push	-	A	100755	0580687f26ed49cf87358d92b0e50a55b96327ab	adopt-upstream-exact		fixed-target upstream-only content is byte-identical
scripts/install-git-hooks.sh	-	A	100755	0b2e950abb685306a69055b742f491eb0e7e1918	adopt-upstream-exact		fixed-target upstream-only content is byte-identical
skills/preloaded/openmaic-classroom/SKILL.md	M	-	100644	555f6537685cab9369211ed3bb1cbc6153fe9172	preserve-musuw-exact		audited local-only content is byte-identical
skills/preloaded/openmaic-classroom/references/requirement-builder.md	M	-	100644	fc674915e109355dcd6181b0af6a3bb9b19edb25	preserve-musuw-exact		audited local-only content is byte-identical
skills/preloaded/openmaic-classroom/scripts/concept-to-requirement.py	M	-	100644	7e497821e0d92f659c35a759acce18517140fe5b	preserve-musuw-exact		audited local-only content is byte-identical
skills/preloaded/openmaic-classroom/scripts/rag-to-requirement.py	M	-	100644	a69caa99e2d2a5dfdfc0df5ea25e84b9db9dc485	preserve-musuw-exact		audited local-only content is byte-identical
third_party/anydoc-go/.gitignore	-	A	100644	a5a68772c1496bcaa9f6c013257257e50dafc700	adopt-upstream-exact		fixed-target upstream-only content is byte-identical
third_party/anydoc-go/Cargo.lock	-	A	100644	b33122f56e8c0ea6cddd868aad60854ab7b3a937	adopt-upstream-exact		fixed-target upstream-only content is byte-identical
third_party/anydoc-go/Cargo.toml	-	A	100644	945ef5ff86f763b1e96e297999e95a7911c49e9c	adopt-upstream-exact		fixed-target upstream-only content is byte-identical
third_party/anydoc-go/LICENSE	-	A	100644	7ad9f5abd403a43dfcb7b5559e5bc5fac003b2de	adopt-upstream-exact		fixed-target upstream-only content is byte-identical
third_party/anydoc-go/README.md	-	A	100644	95bd0ef316d243a548f639cfc60fb37b66d17544	adapt-upstream-for-musuw		fixed-target path is present with Musuw product/runtime adaptation
third_party/anydoc-go/anydoc.go	-	A	100644	5830e758312f83e5dab483f55bb79ca2d31f86b0	adopt-upstream-exact		fixed-target upstream-only content is byte-identical
third_party/anydoc-go/build.rs	-	A	100644	09bb51ba28bb92f51282c90146b5343352def1f5	adopt-upstream-exact		fixed-target upstream-only content is byte-identical
third_party/anydoc-go/errors.go	-	A	100644	9000e8378018e80d232f491b1e3fa2db17f7ca31	adopt-upstream-exact		fixed-target upstream-only content is byte-identical
third_party/anydoc-go/format.go	-	A	100644	05bed7c88748000fe69cd9c3200a687f5ceaed3b	adopt-upstream-exact		fixed-target upstream-only content is byte-identical
third_party/anydoc-go/go.mod	-	A	100644	d0780b92d64ac73dafb6dfeaf9b8bcd878a41f38	adopt-upstream-exact		fixed-target upstream-only content is byte-identical
third_party/anydoc-go/include/anydoc.h	-	A	100644	179ff5ce466d9469e91e22d9d15a4924f459ea56	adopt-upstream-exact		fixed-target upstream-only content is byte-identical
third_party/anydoc-go/lib_linux_gnu.go	-	A	100644	1618280e2a108d1861c8e7cadc4f7dcd11e2942c	adopt-upstream-exact		fixed-target upstream-only content is byte-identical
third_party/anydoc-go/lib_linux_musl.go	-	A	100644	5c710676c99ea3b41b25066d5cd04339a81cb136	adopt-upstream-exact		fixed-target upstream-only content is byte-identical
third_party/anydoc-go/model.go	-	A	100644	c0656950ca0246ba8c0aa895c9ca22925b4a04d6	adopt-upstream-exact		fixed-target upstream-only content is byte-identical
third_party/anydoc-go/src/asset_links.rs	-	A	100644	b5247df7714e1b2c6579c8f66a2a8cee647062f5	adopt-upstream-exact		fixed-target upstream-only content is byte-identical
third_party/anydoc-go/src/lib.rs	-	A	100644	18b787f790be22a240fe8897d0e2e5c0698f6661	adopt-upstream-exact		fixed-target upstream-only content is byte-identical
third_party/anydoc-go/src/model.rs	-	A	100644	5a97b044874c6b03caa9eaf6305d148e4848d7ab	adopt-upstream-exact		fixed-target upstream-only content is byte-identical
third_party/anydoc-go/version.go	-	A	100644	e493d82fdd6ac06fe1fbacf88b22f016b419db2d	adopt-upstream-exact		fixed-target upstream-only content is byte-identical
website-docs/01-getting-started/01-introduction.md	M	M	100644	16d43be89226ed5b7a820c374696274bad11dd32	compose-three-way		overlap review composed target capability with Musuw product semantics at the existing owner
website-docs/01-getting-started/02-installation.md	-	M	100644	cd67705d63d7633d368b1f26c77f93066c72af6f	adopt-upstream-exact		fixed-target upstream-only content is byte-identical
website-docs/01-getting-started/04-configuration.md	M	M	100644	a8fa7b34073c92cbf2b76f0f56b928230ee2fb1e	compose-three-way		overlap review composed target capability with Musuw product semantics at the existing owner
website-docs/02-architecture/01-overview.md	-	M	100644	f67c725c98d715572c47b6ee178325dce283c6f6	adopt-upstream-exact		fixed-target upstream-only content is byte-identical
website-docs/02-architecture/03-document-pipeline.md	M	M	100644	d7ad85ae25aaa083c7b2162519c50008c1283195	compose-three-way		overlap review composed target capability with Musuw product semantics at the existing owner
website-docs/02-architecture/04-rag-pipeline.md	-	M	100644	c7dd2ccc1b10121fb58b08cdb8bd084947770f42	adopt-upstream-exact		fixed-target upstream-only content is byte-identical
website-docs/03-features/01-tenant-auth.md	M	-	100644	8f9bbfe19009042351d72054cef7f3816311e482	preserve-musuw-exact		audited local-only content is byte-identical
website-docs/03-features/02-knowledge-base.md	M	-	100644	a28b2ca6fb8757799364134c9e65d888fb8e1365	preserve-musuw-exact		audited local-only content is byte-identical
website-docs/03-features/03-document-parsing.md	-	M	100644	69ea1e4fb5e02b2414db7bd43420420c733cfe5a	adopt-upstream-exact		fixed-target upstream-only content is byte-identical
website-docs/03-features/07-agent.md	-	M	100644	775963980c576f7b5176f49bcf160c2c98f6e7ee	adapt-upstream-for-musuw		fixed-target path is present with Musuw product/runtime adaptation
website-docs/03-features/12-im-integration.md	-	M	100644	d15dab22ff5eae8fe03fd69013a3d99349e133cb	adopt-upstream-exact		fixed-target upstream-only content is byte-identical
website-docs/03-features/13-embed-channel.md	M	-	100644	f381412fe79fff453e8e1fee2611f09f60a8e3f7	preserve-musuw-exact		audited local-only content is byte-identical
website-docs/03-features/17-faq.md	-	M	100644	42c5d673f831a928c75000b33fe75bbca7f59c20	adopt-upstream-exact		fixed-target upstream-only content is byte-identical
website-docs/03-features/20-platform-admin.md	M	-	100644	d12ebadfa1dee2ca2d6c92bfbba78da8831379fc	preserve-musuw-exact		audited local-only content is byte-identical
website-docs/04-api/01-api-overview.md	-	M	100644	c0387b26cd8f399c1281a259c4857ee6fedbf72a	adopt-upstream-exact		fixed-target upstream-only content is byte-identical
website-docs/04-api/02-api-knowledge.md	-	M	100644	40ce28f0895a2e1aba0923ba9f0ca4c5f7c1d2cd	adopt-upstream-exact		fixed-target upstream-only content is byte-identical
website-docs/05-clients/01-frontend.md	M	M	100644	dac272229e7963255b0c922227cd77cee90a29e3	compose-three-way		overlap review composed target capability with Musuw product semantics at the existing owner
website-docs/05-clients/03-go-sdk.md	-	M	100644	797f98f0a5517b0ac3f04862025b058d3a155b4f	adopt-upstream-exact		fixed-target upstream-only content is byte-identical
website-docs/README.md	-	M	100644	551a06f15ac00d484d5f44a9768d00ab91564e31	adopt-upstream-exact		fixed-target upstream-only content is byte-identical
