status	base_mode	target_mode	base_blob	target_blob	path	local_change	default_decision
M	100644	100644	a19ce7202e0de3b9b12e231ce007b9fa69346a5c	5a4065be7433ce5bf2f64e47ce70d4e211b12b9d	.air.toml	no	adopt-upstream
M	100644	100644	c1e874d719fe032ee272d0e90ce8919c1960c32a	22f37568712a5de2a53848827ea47d7866546991	.env.example	yes:M	three-way-preserve-musuw
A	000000	100644	0000000000000000000000000000000000000000	3217cb3b8f2972e8b97f5d17d0b03913c1a99cc3	.github/workflows/anydoc.yml	no	adopt-upstream
M	100644	100644	1f7bce20da3266a48be55ce9c75429a8b1de51f2	c525c7bab0d3cebd9cc66a6f4d5ee3ce66ac3dfc	.github/workflows/app.yml	yes:D	three-way-preserve-musuw
M	100644	100644	1227dd76ef551c68e18769b8afae25b0995b7ef2	f154e1bc6914e9ce3eb09dbc594c5ff3a8ebd521	.github/workflows/cli.yml	yes:D	three-way-preserve-musuw
M	100644	100644	fe1a8669b3d156f5078b8a5bd7afb8b20d2f3215	19f560cebd3dc0b8431384e06675d9028e72153f	.github/workflows/docker-image.yml	yes:D	three-way-preserve-musuw
M	100644	100644	93ece72bd5952ec3ba3690b9a6ae4fc80bce1baf	ff78a1c7d3baf8ee61743dfa280b8f23870191bf	.github/workflows/docreader.yml	yes:D	three-way-preserve-musuw
A	000000	100644	0000000000000000000000000000000000000000	f92ed64a827f72af9ce9c226b1aa135b7d8f8568	.github/workflows/dsh-plugin.yml	no	adopt-upstream
A	000000	100644	0000000000000000000000000000000000000000	780f62d42716a28be14186fb2071e25df596831c	.github/workflows/go-lint-cache.yml	no	adopt-upstream
A	000000	100644	0000000000000000000000000000000000000000	401a7fbbb86ddb069b01929aece2535c46384e01	.github/workflows/go-lint.yml	no	adopt-upstream
M	100644	100644	1423ddab11659dc7d3aa35a8d560122ac7e03cec	88998fb78263bd9fee09497f225b2c7bdc725b54	.gitignore	yes:M	three-way-preserve-musuw
M	100644	100644	cf49aee758abeafa734ffd04df7941fd43ac630a	63b35f01f000c06ceb672ae5783f5a2f271cb22a	.golangci.yml	no	adopt-upstream
M	100644	100644	acad8462c6fc14f2f2cb02c4a9f97fbbf776f878	f169c931491d3835a368e284b89a1b219535b053	Makefile	yes:M	three-way-preserve-musuw
M	100644	100644	d956ee04589e8527aaadecea474a58f1c13e6c9b	c732ddb3741cfcc61252872bf92fcd69b7e38697	README.md	no	adopt-upstream
M	100644	100644	b6be71fefd7d31dff75b6aaa7667af964856aefe	e95ef83803a18bf999b9bc46696fc26990cae0db	README_CN.md	no	adopt-upstream
M	100644	100644	819f965f2721c2c6a530569fd384010ebc1fe1f2	ccfa3b606338f0ff4186a1f27ddc5e79bf382041	README_JA.md	no	adopt-upstream
M	100644	100644	f772933832f983f3b12de9b9090f1532880fc196	0aea145855f8482dce3b695d26499db0f748adcc	README_KO.md	no	adopt-upstream
M	100644	100644	3fc0fee2ed22beaa5457728430eccb5ff59e3e3a	6aef3641b79ec9a0c4b446722e91d2c668bdf73b	cli/AGENTS.md	no	adopt-upstream
M	100644	100644	8f4247dd613179d4bac7919cfe261115505cf628	7882032b6e061193937a08889a238f4ef29bbdab	cli/acceptance/testdata/wire/kb_list.success.json	no	adopt-upstream
M	100644	100644	e505b699fdcb688c1bac4de57bd03a8b9d9db916	d00ac6db89e678e54c8855be7d891a8c5a2c8742	cli/acceptance/testdata/wire/kb_view.success.json	no	adopt-upstream
M	100644	100644	dcd1cc91bda5e8131f597ca8b2d2ca0774a6454e	40a9fb7838913a5802bb680d9c00945d3e198f39	cli/cmd/agent/edit.go	no	adopt-upstream
M	100644	100644	b76881d6640ac1d1686f4947b5d659655c67e58e	67592b96a7c7ec0c7005d133438bb429e19a503e	cli/cmd/agent/edit_test.go	no	adopt-upstream
M	100644	100644	45a30f0f129bdab1621a7b69d26df5686e8459bb	68dc2b3900994cfa0942aeade87f4769f98a7887	cli/cmd/chat/chat.go	no	adopt-upstream
M	100644	100644	b85cb5f1401c2821d0d97add97082ef100618ec9	d28f06a0701dc6bd55cea2f9379b155602e83da3	cli/cmd/chat/chat_test.go	no	adopt-upstream
M	100644	100644	d19dc3657e21326f292fa8c703d177aedd7b6fe3	38cf52590d21fcfa3fb5309474317e863168388d	cli/cmd/message/list.go	no	adopt-upstream
M	100644	100644	2807026bda3a1aecd5c88e1f73535d9aa08acfc8	38812654397b460ce4fc14f8e46059ad5c697945	cli/cmd/message/list_test.go	no	adopt-upstream
M	100644	100644	726cbf2ea882acdffc80bd5a705989dc84cb4eb3	b2d4493c91e33347955f8386da7200b7b87c02d3	cli/cmd/session/ask.go	no	adopt-upstream
M	100644	100644	58ad2258aed5ee7f00688f0adbcd93b9ebc2ca7c	5b98742b0ae347b7fa2bfa1f1172c8882eb005a0	cli/cmd/session/ask_test.go	no	adopt-upstream
M	100644	100644	cb5362b02da18107a6712e116d635194244804c7	3357a1f74bdb66babee6693fc165e4a9ff00bbbf	cli/cmd/session/resume.go	no	adopt-upstream
M	100644	100644	6f5f34ab9836978efddb738c80a852c7735c92ce	351516adbbec8884ace1d56b2dc6fe3dd73a6954	cli/cmd/session/resume_test.go	no	adopt-upstream
M	100644	100644	0681fc244a583e61c68b262eb917f1afc512f9d2	0adb800f87fe9eab5be719dbd142e7bc46ca4966	cli/cmd/session/view.go	no	adopt-upstream
M	100644	100644	4e1268483daf2b906124cb812aff084e427003b9	817e606677e26f885f1cd06bddfde5bdc312fa17	cli/cmd/session/view_test.go	no	adopt-upstream
M	100644	100644	73243204854749845c4171be60fbbb8b5974ab01	7473906f927ed1dc987dc213d7d8bb3c34dadfb8	cli/internal/cmdutil/confirm.go	no	adopt-upstream
M	100644	100644	ac16a62175022579b7cb0e8863d376c1698fa928	48f32b7f9281bb405db7dfb71e99117709a9cb9b	cli/internal/cmdutil/confirm_test.go	no	adopt-upstream
M	100644	100644	13833fd289396fdbab3e3baa71629be2fcedf7fe	32ffa40aa4b72c259fe8d0b00f4570a5dd3436ca	cli/internal/cmdutil/errors_doc_test.go	no	adopt-upstream
M	100644	100644	2f189194bbd05d89f885582ee98d55d97c0c6b0c	2acac1c80e6e2390cfcac45ec71d9c01fd899c0a	cli/internal/cmdutil/exit.go	no	adopt-upstream
M	100644	100644	e160c2c7d1e2c585d8abff6d0a19206c50871a58	f08432d94bf32320d15cf11740aba88ee1bd3bc1	cli/internal/mcp/tools.go	no	adopt-upstream
M	100644	100644	53aa2fa2fdb68249b132b3a672de1f98cc1846ee	96eebe252e878d4cae485aab0a9207cd46cd4f19	cli/internal/mcp/tools_test.go	no	adopt-upstream
M	100755	100755	068bd0f3c5752460c49b0dfbccb1c7ccc9132f5b	c3eb588d1f08cd2fc2cc701328fb3fe08c2f62bf	cli/scripts/check-skill-wire-vocab.sh	no	adopt-upstream
M	100644	100644	230ab29d867d8e5339eb0a03fcdfc9a01f17d7f4	7b1c0456fdd4471ff016003d3a3d86b5092e7601	client/README.md	no	adopt-upstream
M	100644	100644	cd7ae962fc2f495803108367be95e61c2c0b1eee	2527fe2a69b97deb86839c446f7a2f81342606ae	client/README_EN.md	no	adopt-upstream
M	100644	100644	ccc9ee8407506811d64f4d61077d95cd532cd7e2	dc6d64f0e5f2cb516a88de7159575f391b4d91a1	client/agent.go	no	adopt-upstream
M	100644	100644	f1d482e14ee761d280df99de7778eaede2781262	c22f6178a023d7ca107d5dff1c63d8bd26a38705	client/auth.go	no	adopt-upstream
A	000000	100644	0000000000000000000000000000000000000000	df9eb3be361da2f19183b266d10b66aa8a292551	client/env_var.go	no	adopt-upstream
M	100644	100644	3e11578b367144e02e7c5d75d1beb7895aff89cd	e4de9205ec81dedd19176158e6874c9dc2085f2d	client/initialization.go	no	adopt-upstream
M	100644	100644	0561e1b34c24374baa2feb011f463dcd3d9042cf	dbf2186f9de5e8fe70353fae16c3a50bc2a16763	client/knowledgebase.go	no	adopt-upstream
M	100644	100644	442fae4881002bfcd890c95d4cb22891286f6349	57f3adb5fea93761419d2b6f25ba0950536f4983	client/resource_urls.go	no	adopt-upstream
M	100644	100644	11655fe1ffc40aa1de22ef7b64dd4bb678253223	7555ac072e1534dab22f13ba06e646f9ca8080a8	client/skill.go	no	adopt-upstream
M	100644	100644	e65386a0ce1dedc17c82c06a4de454b8edaf3c92	4780b1e436ba5240e35849a5133c469e9a78be7b	client/system.go	no	adopt-upstream
M	100644	100644	5afd8f9e8172102a63850f81137414403e6701c9	7c0c31ac31071f00ce8c09c1c3383097e7f863e1	client/tenant.go	yes:M	three-way-preserve-musuw
M	100644	100644	22b0ce52767d37344fe5eb52bbd892cc0665c819	9a9ea5a184e8fd8c8d3190aac759f90f0f654c9c	config/builtin_agents.yaml	yes:M	three-way-preserve-musuw
M	100644	100644	f46f72d36b747989ab6569e7730288b9f957424a	6bdf87f1ec49740622c5c2407b9b4556913993a4	config/prompt_templates/agent_system_prompt.yaml	yes:M	three-way-preserve-musuw
M	100644	100644	5155038267587643d69e331efcd3447562451455	b7874fbaa8a3692d5efabd56734d8b9aae6463c1	docker-compose.yml	yes:M	three-way-preserve-musuw
M	100644	100644	38e12b06c440ad3196a5c03bc049aca4693ca586	a15ef60796f5ccc0440c9b7113b9cd1fa7d47d94	docker/Dockerfile.app	no	adopt-upstream
M	100644	100644	971a8b2a652613e4e724da4cf7125f8cec85ab0d	0c08898b29e25ab480862a21b3edf54efbfec734	docker/Dockerfile.sandbox	no	adopt-upstream
A	000000	100644	0000000000000000000000000000000000000000	ec00062ec73f00cf44a6a40cf845d4f357b31cb5	docreader/parser/docx_merge.py	no	adopt-upstream
M	100644	100644	bd713f805e3b064f8539b46ac1a7b2087b3346d7	f9820069fe341b41ea5b53b9412352e808e7d5d9	docreader/parser/docx_parser.py	no	adopt-upstream
M	100644	100644	57202329235f68a3e52182d729dadf9523e4c5af	937f3c220e3ca71a2200a51fa30797f6338722f8	docreader/parser/markdown_parser.py	no	adopt-upstream
M	100644	100644	738f719e07f783af196cfbd094f5609592cb1981	f2a28915d041f548e77b71bb62056d2622775c07	docreader/parser/markitdown_parser.py	no	adopt-upstream
M	100644	100644	08aac048cd9d3af232799075f4cf30924211882f	8103d11f79a559c1d1934ef36a66c5bd06ba04c8	docreader/parser/mhtml_parser.py	no	adopt-upstream
M	100644	100644	f6374c4f0910ac58d3f1bc675588ebec63216fc5	bdb96c28dc3d403ab82868f867e61d4717529976	docreader/parser/opendataloader_parser.py	no	adopt-upstream
M	100644	100644	d94657f80c6ca5b0527af4554408fd47d563c432	4a54196521bdef3afbd6fa507fe90ade15204dd3	docreader/parser/pdf_parser.py	no	adopt-upstream
M	100644	100644	30825b12f1096714071de546fa1d17bcf57a5997	330c0211adece83a010819aaa0d26d269cc312d8	docreader/parser/registry.py	no	adopt-upstream
M	100644	100644	40a25279b918020c3e0d51b1be635090b5a87181	8ef9434096e47fdb4b3b91a6081c298585216232	docreader/parser/web_parser.py	no	adopt-upstream
M	100644	100644	8fe4b2bc00efe48b3621fac7eaacda59980fe5c1	a0613bdb8e33cb0aaaafee6e8ff180ea249df469	docreader/parser/xlsx_merge.py	no	adopt-upstream
A	000000	100644	0000000000000000000000000000000000000000	90ae3c00b15472a1b3011bfd546ee0bedc24ed67	docreader/parser/xmind_parser.py	no	adopt-upstream
M	100644	100644	cfa2378f94cc37ea8e52d50a6537812551265937	60c63a976c76910c74723188a7c630a5dace1a52	docreader/pyproject.toml	no	adopt-upstream
A	000000	100644	0000000000000000000000000000000000000000	ca2c300f118baddf480b372258ea4dc98bef6f1b	docreader/tests/fixtures/generate_issue_2634_fixture.py	no	adopt-upstream
A	000000	100644	0000000000000000000000000000000000000000	c03366f5558de2708b5bb071cbb8b16e0e6cd037	docreader/tests/fixtures/issue_2634_vertical_merge.docx	no	adopt-upstream
A	000000	100644	0000000000000000000000000000000000000000	a86f901b8da2a849b2f61d1bcf824f40a9620965	docreader/tests/test_docx_merge.py	no	adopt-upstream
A	000000	100644	0000000000000000000000000000000000000000	b3338d4fe84eecaba409f69cbce9a8e508fcb150	docreader/tests/test_docx_tables.py	no	adopt-upstream
M	100644	100644	5d8516e686e24cf9e5932ccfef4995224fa04ad2	682613ff2c2fc3c0c164b62a222706f1cf0bf03f	docreader/tests/test_excel_parser.py	no	adopt-upstream
M	100644	100644	56aa987ed199b7fb4691e42996b3b07f6a0fbea4	c26b357066dbbd1372ebaffb17886943d0f13386	docreader/tests/test_markdown_table_util.py	no	adopt-upstream
M	100644	100644	afd70773f89e37a3d8d6a987a8132f4b2ab4c332	1d98fa761b0ff73f81289f3f46dcbfebd2c36b02	docreader/tests/test_mhtml_parser.py	no	adopt-upstream
M	100644	100644	28a6f9747cd46516ea3c5c304439234999d973f4	70792dcd74275f7765221c2bd0355fc6605095c4	docreader/tests/test_opendataloader_parser.py	no	adopt-upstream
M	100644	100644	d074358dd36236a395cdc9d0ac3beb7547f6f745	505f2a5931595a29edfbb8a1b9221710322a7a7f	docreader/tests/test_parser_routing.py	no	adopt-upstream
A	000000	100644	0000000000000000000000000000000000000000	d435a9c7fcd6a78303bbb99b91bb47dd466bc2a3	docreader/tests/test_pdf_embedded_images.py	no	adopt-upstream
M	100644	100644	d42b64689c73671133e3774b611e7367e213a680	a4f944dbc9b32c8575bcfdffa3b2b1b7c2bf2440	docreader/tests/test_ssrf.py	no	adopt-upstream
M	100644	100644	0d24c87ff224f1612cd68a6bd06084896acb80d2	677a259b07c72f8bff76225f491925578f0b94a1	docreader/tests/test_web_parser.py	no	adopt-upstream
A	000000	100644	0000000000000000000000000000000000000000	1d92e63e5fe8f3dfcc934bef991e983ab85b7ba3	docreader/tests/test_xmind_parser.py	no	adopt-upstream
M	100644	100644	c13f6a41d0c2dc75307531cb01dd29e4ff9274c4	be33e00409506de1a0aaa36160d701e665bde4f8	docreader/utils/ssrf.py	no	adopt-upstream
M	100644	100644	d687fc5c3c4f844e60455c274433ea61f0af7d97	dd3676aca8fee21d2995883feebbb2f969ee535b	docreader/uv.lock	no	adopt-upstream
M	100644	100644	6ec1dfc6d8561068b1aebf1bbbdd769917c5ec77	f961be0a54fa8797cf107edd483d8b655866c2fe	"docs/IM\351\233\206\346\210\220\345\274\200\345\217\221\346\226\207\346\241\243.md"	no	adopt-upstream
M	100644	100644	f1e7c6e7e3849b1dd8ef0003b8bb2826038a63a9	1eb9e194ebf6e3400a7ef0f2a1ff155ba6cc91e6	docs/KnowledgeGraph.md	no	adopt-upstream
M	100644	100644	4f7997088efe4c4807a9e111c73d3004353bf721	841b6f87fe46c78d93a233717e0cae2df67bca38	docs/agent-skills.md	no	adopt-upstream
M	100644	100644	a705f5005db226e69ed0fa05224e70fc6df1df18	4b36856133cda1660545bb2502b66ae6eaedc3bf	docs/api/README.md	no	adopt-upstream
M	100644	100644	e0a3da97ddf719d9aab0afbb0290184fd28b1e78	8999914edb9bd077512c581e1a6fadb87fe0eb6a	docs/api/auth.md	no	adopt-upstream
M	100644	100644	b84b4c1c7ca36696ccdb668c35a2a53ab2e69435	25a8e0cecc257f5f9f536fffdf3d5619a5631186	docs/api/chat.md	no	adopt-upstream
M	100644	100644	302679f9d0f2f010cb9eeeec0e4a1aaa44147d2d	65f06a2e93732efb10c58f020bb72382cf9e4a7d	docs/api/knowledge-base.md	no	adopt-upstream
M	100644	100644	94dc51c73737d6882029cf72234a9d04a0fa787a	f0a091c8c23db26fe888da5992eb8ef8447571a2	docs/api/knowledge.md	no	adopt-upstream
M	100644	100644	136881ea8e91b07e7a870256e3bf7eedffca3955	b0268453500d452da8c243156dcaecad664dc8e7	docs/api/skill.md	no	adopt-upstream
M	100644	100644	3d3fc47846423789bdb4cccc3f5c639f2ca2d86f	1efe0b05beddab75fbd52b613170965aa3fc40d7	docs/api/system.md	no	adopt-upstream
M	100644	100644	06864e1d830666ad0bd778869d120c3b58d052c1	e8bad6655f130dedb8b8a39a86eb485306bc3131	docs/api/tenant.md	yes:M	three-way-preserve-musuw
M	100644	100644	9f87c24c8fefe009b10e5917f9eb81b1257c02f5	799153fed18b07479c0fb7c32adf503b32e5792e	docs/docs.go	yes:M	three-way-preserve-musuw
A	000000	100644	0000000000000000000000000000000000000000	9062598fafc3654b6634efb4dbe30c075eb0c42d	docs/poc/docker-sandbox/README.md	no	adopt-upstream
A	000000	100644	0000000000000000000000000000000000000000	283b783317a4fc4530548b64ca8d2dca251eae08	docs/poc/docker-sandbox/go.mod	no	adopt-upstream
A	000000	100644	0000000000000000000000000000000000000000	b5499c4e302a8d6ff57992876707e96c582e06dc	docs/poc/docker-sandbox/go.sum	no	adopt-upstream
A	000000	100644	0000000000000000000000000000000000000000	571bd8af3da8986825f9216a980d544f98322257	docs/poc/docker-sandbox/main.go	no	adopt-upstream
A	000000	100644	0000000000000000000000000000000000000000	d6b0ab5dd5c2c527fe9a1a18cf482d2731fa6f42	docs/sandbox-cluster.md	no	adopt-upstream
A	000000	100644	0000000000000000000000000000000000000000	5a03b2ef5faf807cc176894fdafde3aa3ee0dcdc	docs/sandbox-docker-backend.md	no	adopt-upstream
A	000000	100644	0000000000000000000000000000000000000000	23a7908318ae37f4f60237a554cf4ecafaf3b4e3	docs/sandbox-protocol.md	no	adopt-upstream
M	100644	100644	e1eb820d5fbba43ff418057b1ee0092c72b73f9f	90c634165908928366dd6ff644ca66bb59343c8c	docs/swagger.json	yes:M	three-way-preserve-musuw
M	100644	100644	72a2a86fd6ab97e4263b6db6a05a7f4185c59ec7	af472bbd28b11c5c0cf8b5e3d635bf7248845d3c	docs/swagger.yaml	yes:M	three-way-preserve-musuw
A	000000	100644	0000000000000000000000000000000000000000	e701ee62ec830b1e698fc36780f395b9956e8604	docs/swagger_contract_test.go	no	adopt-upstream
M	100644	100644	6565d1e85b5e177ed3096b4516ee5533cc463b37	25418c8988d8d9d378f06fa2f935ebd86265c884	"docs/wiki/\346\240\270\345\277\203\345\212\237\350\203\275/Agent\346\212\200\350\203\275\347\263\273\347\273\237.md"	no	adopt-upstream
M	100644	100644	299a7a38fc1cbf6db9e16b8587a7a63ccb13e746	5c8bea6bfaf15c6ebe27291f05faacdc8afcfd73	"docs/wiki/\346\240\270\345\277\203\345\212\237\350\203\275/\347\237\245\350\257\206\345\233\276\350\260\261.md"	no	adopt-upstream
M	100644	100644	f0a7bd4148de01e972b8a7fa137766ec7aca73da	65ac2f4454c7a622d4655ae0905688d7315db5f5	frontend/docker-entrypoint.sh	yes:M	three-way-preserve-musuw
M	100644	100644	439e7e4043b46be3009bfee190d11c121382376b	0a8b3ce7cae87a8b4e56391d0410814a238694bd	frontend/package-lock.json	yes:M	three-way-preserve-musuw
M	100644	100644	9b4da289ca117dd71524af24c27850977e7987e1	b08839ea43d6a75c0a4d6ef76e4e6b27bf88a1db	frontend/public/config.js	no	adopt-upstream
M	100644	100644	9b50e3b424d2e0fdaec162a854b3261ac15fa29b	75dcc68b7b8335b815ab1024aa20f7210aa209b3	frontend/src/App.vue	yes:M	three-way-preserve-musuw
M	100644	100644	4c950707e0cc969e7c5bb9045a174e702072b9b6	1ff670b7e2f2ad4054e3569b22cc6deab1b9fbac	frontend/src/api/agent/index.ts	no	adopt-upstream
M	100644	100644	44a5871a2fea697cab291e1cd7ae8242c716acb5	ab730caa4e7535e6f9d44c4712e044124b883283	frontend/src/api/auth/index.ts	yes:M	three-way-preserve-musuw
M	100644	100644	6c2e57e6c8f916f1b28405aee9674c8f3267b482	0fb4b5f8d9af1d344cd9693bc7f7f4fed1bff65b	frontend/src/api/chat/index.ts	no	adopt-upstream
A	000000	100644	0000000000000000000000000000000000000000	a46d8abe8b3606e0829f34fe7475288604c13a81	frontend/src/api/env-vars.ts	no	adopt-upstream
M	100644	100644	7eecec5199c5168b8280322b241d8f818f226412	d4f70c5fb2da8ef84019fed2ef1ffad0d85489a6	frontend/src/api/knowledge-base/index.ts	yes:M	three-way-preserve-musuw
A	000000	100644	0000000000000000000000000000000000000000	680d357903043cdc14ffc6cac235903f8b1e48cd	frontend/src/api/memory.ts	no	adopt-upstream
M	100644	100644	3edbc96b581e79c7efb3d1b125b6eeed140757c9	5610fc66809314973fdf2ea7093e45599ea29dcc	frontend/src/api/skill/index.ts	no	adopt-upstream
M	100644	100644	ac09014b2b7373c79773d70e5079de9f3fc5ae37	127881046ead9a11dc36e1f80155bb6b5dab30c6	frontend/src/api/system/index.ts	no	adopt-upstream
M	100644	100644	f638b6623efae2ea6d75b562099fd8e09905936e	ae5baf1eefede179f5af383bf399aee75ddabdf3	frontend/src/api/tenant/index.ts	no	adopt-upstream
M	100644	100644	a17a2294e5b8450d9d0ebe951f66f5e91bf427cd	fcd16866c011fc17227b610c51ed7c87ce2f33ac	frontend/src/api/tenant/invitations.ts	no	adopt-upstream
M	100644	100644	74323bd94115901e7bd60cddb425eb1c6103efab	03cd0690cb281a10cdcd8156926a1523be72e188	frontend/src/api/web-search-provider.ts	no	adopt-upstream
M	100644	100644	7bb8402479026333a0e8e4225a59c56374ab5f71	ea5f295a8a277f1409c02aef677e61e80542a7fd	frontend/src/api/wiki/index.ts	no	adopt-upstream
A	000000	100644	0000000000000000000000000000000000000000	3db779d4f74f8bfd3bbb596d60a0e0c3b6dfa031	frontend/src/assets/img/datasource-gitlab.png	no	adopt-upstream
A	000000	100644	0000000000000000000000000000000000000000	8e70f2f5af1ffe8273d6eb80bc1406342862150c	frontend/src/assets/img/datasource-ima.png	no	adopt-upstream
A	000000	100644	0000000000000000000000000000000000000000	0021a8a7b34c50389e48d7035b19067f2d909fe3	frontend/src/assets/img/providers/mono/sandbox/docker.svg	no	adopt-upstream
M	100644	100644	674efd9069d8c8de3b929d4ef2390827fd103fa0	a3e1ab013b495e4e06b1e5ea29d64621798339ee	frontend/src/components/AgentEmbedChannelPanel.vue	no	adopt-upstream
M	100644	100644	79aec898f1e90c21a9f63fa77bce0dca509750c4	044251479180c4d34db11eacffd87b63a39c8229	frontend/src/components/ChatHeader.vue	yes:M	three-way-preserve-musuw
M	100644	100644	2919cfc635677812f2e407c06ebf0f5661952900	ea9e5e43348b749d567b0f7b0d1a972baeb33343	frontend/src/components/ChatRequestInfoButton.vue	yes:M	three-way-preserve-musuw
M	100644	100644	3476bf74eb04c64948038b89d6f985ab73e92d51	e03c781a85e098f629f223b4a0f9a95683e0f230	frontend/src/components/GlobalCommandPalette.vue	yes:M	three-way-preserve-musuw
M	100644	100644	eeeba21bde1f20ff25b67c113fbda52173a25f13	831596acbbc09f690c1c946c270239ed02d93d5d	frontend/src/components/GlobalCommandPalette/useSearch.ts	yes:M	three-way-preserve-musuw
M	100644	100644	b22fffb7b80f47a24b90b3e1789267ed0188585d	67fb6dcd4789f63086680799ffb99587078adaf5	frontend/src/components/IMChannelPanel.vue	no	adopt-upstream
M	100644	100644	e1cfef13cef9f2d61e53be8c6e4d33268867b2b7	c74fc5a22464b8582e070e32b294d698e1e2fcf5	frontend/src/components/Input-field.vue	yes:M	three-way-preserve-musuw
M	100644	100644	14e2dc8149385e0996df397ca23932f0254c6d45	01abb67a95cffd4122b4e02b97adcf0848e07b57	frontend/src/components/MentionSelector.vue	yes:M	three-way-preserve-musuw
M	100644	100644	9a4e8055dd52f862edc19f4e703cf4e068852dc5	00fd0c6d8fc8a758bd5389d82b4138c278f25cb3	frontend/src/components/ModelDebugDrawer.vue	yes:M	three-way-preserve-musuw
M	100644	100644	402713d0904156e32aba974b144b3e745511e344	70af4e793101360879d2c466021e011d0e6b8d3f	frontend/src/components/ModelSelector.vue	yes:M	three-way-preserve-musuw
A	000000	100644	0000000000000000000000000000000000000000	464c0121325896aaf5ad9a3e95f63b5bf954c325	frontend/src/components/SandboxConfigEditorDrawer.vue	no	adopt-upstream
A	000000	100644	0000000000000000000000000000000000000000	0453746a91b61ae5be256a8d2515085e2eb83587	frontend/src/components/SandboxSkillsPanel.test.mjs	no	adopt-upstream
A	000000	100644	0000000000000000000000000000000000000000	ac2e95f58567c0407eb012a2059d29698841c1d9	frontend/src/components/SandboxSkillsPanel.vue	no	adopt-upstream
A	000000	100644	0000000000000000000000000000000000000000	6f41bc48af830e8866c96d3542202f217fbf21aa	frontend/src/components/SkillFilesDrawer.vue	no	adopt-upstream
A	000000	100644	0000000000000000000000000000000000000000	4434f9a7f699eeb409da17cb702ff1af00f6d80b	frontend/src/components/SkillFilesPanel.vue	no	adopt-upstream
A	000000	100644	0000000000000000000000000000000000000000	c9bf6d21ce7c5b483af083e641c82bb3af502936	frontend/src/components/SkillInstallTimeline.vue	no	adopt-upstream
A	000000	100644	0000000000000000000000000000000000000000	bbda23aa11076f938703bd3ffa9d08b16c2a2be6	frontend/src/components/chat/ChatQuestionMinimap.test.ts	no	adopt-upstream
A	000000	100644	0000000000000000000000000000000000000000	20d0ec43284415cff917b8979359ddc1ec21e6f9	frontend/src/components/chat/ChatQuestionMinimap.vue	no	adopt-upstream
A	000000	100644	0000000000000000000000000000000000000000	3972f188d4c60d4116478a401ca4043cfbe98c82	frontend/src/components/chat/MessageTimestamp.vue	no	adopt-upstream
M	100644	100644	1a3fe844cab0bec8bcaf4c97ff25848422eb816b	cdf0be796b07eb6539e30be28b1afba6f6af92d4	frontend/src/components/css/chat-markdown.less	yes:M	three-way-preserve-musuw
M	100644	100644	3430ce6dc50f8db6f4292b280c682703c92b0c5f	f4d1b31437a6ce32b7d34c6ea1f385c49af6fdae	frontend/src/components/css/chat-message-shared.less	no	adopt-upstream
M	100644	100644	0e04a2db052fc6d825708ad0c81bc8ef7decdff2	c11e438fbb5b6d923d432a43e78ce4e0fb251217	frontend/src/components/doc-content.vue	yes:M	three-way-preserve-musuw
M	100644	100644	7a15bbc605dab156ee07e284952dda815d1815cf	966b14db1720547840cc5802024f6394764ec0ed	frontend/src/components/document-preview.vue	yes:M	three-way-preserve-musuw
M	100644	100644	2cf82b64f3db1fdff490474328e589716bd4ac86	8776bc0e64432e37e1d641262d0e522c486d0b3e	frontend/src/components/knowledge-processing-timeline.vue	no	adopt-upstream
M	100644	100644	2e3082b131b4f6e6d37ad1c1eae000efe3a769f7	c57ad8de9fa75c3e157f8c2449381b81ffb99cbf	frontend/src/components/menu.vue	yes:M	three-way-preserve-musuw
A	000000	100644	0000000000000000000000000000000000000000	3e9ae4fc39a334351c07153e2361f9937cbfe93e	frontend/src/components/modelSelectorClearability.test.ts	no	adopt-upstream
A	000000	100644	0000000000000000000000000000000000000000	3397af189a29fe337643b0d975f4ec078feba740	frontend/src/components/modelSelectorFilter.test.ts	no	adopt-upstream
A	000000	100644	0000000000000000000000000000000000000000	c7f642743b722835e5fca05b023025720cb2e49d	frontend/src/components/modelSelectorFilter.ts	no	adopt-upstream
A	000000	100644	0000000000000000000000000000000000000000	5e247ed0f04ab32cff750a054798359302d0e544	frontend/src/components/settings/SandboxBackendBadge.vue	no	adopt-upstream
M	100644	100644	b5a88b5037556d969e911f9165ea7a8b5bfbe3cd	ccced8162b57fcb856e2152c2802e0ceb7c27d7f	frontend/src/components/settings/SettingDrawer.vue	yes:M	three-way-preserve-musuw
M	100644	100644	b23bd2fb7b00dd4640bb80b4afa7692057683827	e88013f349ae48bee4c02692fe4c2ae584887f34	frontend/src/components/share-to-space-panel.overlay.less	no	adopt-upstream
A	000000	100644	0000000000000000000000000000000000000000	37457ab18c19062c66ee72979f76ba43391809ed	frontend/src/composables/useChatMemoryRow.ts	no	adopt-upstream
A	000000	100644	0000000000000000000000000000000000000000	45952ef94734cc444ddbdacde987045e5c1d90be	frontend/src/composables/useChatQuestionMinimap.ts	no	adopt-upstream
A	000000	100644	0000000000000000000000000000000000000000	afc21ecf29e824c5e477c9e0a44df67e99fd4677	frontend/src/composables/useChatStreamHandler.test.mjs	no	adopt-upstream
M	100644	100644	e3e1619b56e95dbe4b5b3b43a13af7ee195afc89	71ec58c7c665772e5550c06a7228c94727ce60fc	frontend/src/composables/useChatStreamHandler.ts	yes:M	three-way-preserve-musuw
M	100644	100644	38f23a7aa594cc10d94f267d5d0c2727b730cdbe	f7c4ad3362a52fc29190ad4f7c0e6eee38560102	frontend/src/composables/useEmbedChatSession.ts	yes:M	three-way-preserve-musuw
A	000000	100644	0000000000000000000000000000000000000000	09bf8f8f5ec81d37c71a12037a15345ed4c63e0d	frontend/src/config/deploymentCapabilities.test.ts	no	adopt-upstream
A	000000	100644	0000000000000000000000000000000000000000	e6219eb13b817cdbb5cd5fe24e38512ef653db6f	frontend/src/config/deploymentCapabilities.ts	no	adopt-upstream
M	100644	100644	70d06e17237fe700c8d4c7bff7bee4f4224f23e9	8dc2b34186840d4646c0c66be1953f678b2ba2c9	frontend/src/config/integrations.ts	no	adopt-upstream
M	100644	100644	29005519e091f0563a359dc4cd6eef1e9a2bdaf5	620f9c1d50a4c91e9623bd523d554b4bc2f1ccfd	frontend/src/config/settingsAccess.test.ts	yes:M	three-way-preserve-musuw
M	100644	100644	c5b9507f64ead131acb8a296dc65411531eef5dc	9452970f74f77f1b64710feb15527741a9a987e4	frontend/src/config/settingsAccess.ts	yes:M	three-way-preserve-musuw
A	000000	100644	0000000000000000000000000000000000000000	078d40e1c47413b6998c9aeb80df18922d5c6c41	frontend/src/config/settingsRoute.test.ts	no	adopt-upstream
A	000000	100644	0000000000000000000000000000000000000000	c3f3487b6f01c9f167027cfe87e38391731452c2	frontend/src/config/settingsRoute.ts	no	adopt-upstream
M	100644	100644	303ee7467179a6c4c6f487a1654f3bea621a04d0	723854bf13d4622f5b7ae4196f4ddafe1ef2e593	frontend/src/directives/stableHtml.ts	no	adopt-upstream
M	100644	100644	e7913094151140b0e4c47bcb83a9158eea0ca837	1e37991722878070bd0ec5a8f7a2da2c9b54a701	frontend/src/hooks/useKnowledgeBase.ts	no	adopt-upstream
M	100644	100644	e01c0c10eea20acd282ac106e2a6bb3ba46f3916	3cd7cf3bd0b3fdceb47559e8dded8958cb63588b	frontend/src/i18n/embed.ts	no	adopt-upstream
M	100755	100755	da405b6189302356058316fa5ac09b6a0b484ea4	f7820402ea8b631f2fce7a025950b8c44f79bdb6	frontend/src/i18n/index.ts	yes:M	three-way-preserve-musuw
M	100644	100644	c9b2f46adc6fc0be670f3d9d9ad6f01f920064ef	0cb915f389d8a4031fdbf148fe97a7422a3b2950	frontend/src/i18n/localeKeyAudit.ts	no	adopt-upstream
M	100755	100755	d28822f68e34a4b6d2c6ffc57df2442e1dc337d6	ae0cc1471406e8edf5e8ca183a4e91c707bd9198	frontend/src/i18n/locales/en-US.ts	yes:M	three-way-preserve-musuw
M	100755	100755	4f7b4cfefaee1768a3549cb7cd3f7f9f58b378de	5fe976dd1106899d517cb6536f965c3a1bb868ed	frontend/src/i18n/locales/ko-KR.ts	yes:M	three-way-preserve-musuw
M	100755	100755	dbb4af1ac3e7426fa9c8626ab8659133b7e3b968	b75346a354697000a36d56b82f19bab50f15a997	frontend/src/i18n/locales/ru-RU.ts	yes:M	three-way-preserve-musuw
M	100755	100755	06eb7a75cbfe675e2afe39ff02afa085656a6c85	1fdf6e65e4265173dcec5174058240a14aea8391	frontend/src/i18n/locales/zh-CN.ts	yes:M	three-way-preserve-musuw
A	000000	100644	0000000000000000000000000000000000000000	c5f17c520826e8338bf9ac647e096cd87d1fdc2a	frontend/src/i18n/memoryKeyReferences.test.ts	no	adopt-upstream
A	000000	100644	0000000000000000000000000000000000000000	b5f456010f1e5c9a8f7f5d0cfa558b8e11c7a7f3	frontend/src/i18n/resolveDefaultLocale.test.ts	no	adopt-upstream
A	000000	100644	0000000000000000000000000000000000000000	808495f57a0dd98ef5af65512e1c746b042828aa	frontend/src/i18n/resolveDefaultLocale.ts	no	adopt-upstream
M	100644	100644	5da03f654b087f55229ce98789b5b4a8b72fb2e1	10d9ae73ae1862776a2ff88f84e1a6e2d87bdf8d	frontend/src/main.ts	yes:M	three-way-preserve-musuw
M	100644	100644	8e46dd80d51faecd26223bc3946ba08d58c6a65e	40280f7973d188bc35c0882467616f97b108f84a	frontend/src/router/index.ts	yes:M	three-way-preserve-musuw
M	100644	100644	216b98b19ceb2be009c6581488ea82309195452c	464cea53486771a01c64a0165b45369c7063409d	frontend/src/stores/auth.ts	yes:M	three-way-preserve-musuw
M	100644	100644	0bd51bda58071b3e55da547524830a44dab4b81a	7a0f44b444221d6f70df7497f0d9504c8cff8ae2	frontend/src/stores/chatResources.ts	yes:M	three-way-preserve-musuw
A	000000	100644	0000000000000000000000000000000000000000	0a8c2edf6267d9e02c9b5939ed33723c55693736	frontend/src/stores/deploymentCapabilities.ts	no	adopt-upstream
M	100644	100644	33cdbe068da7554cadb0ab4146814eea24be4dee	5041ff3e8c7360ece95956a3d1365e81e9be1b63	frontend/src/stores/editorResources.ts	no	adopt-upstream
A	000000	100644	0000000000000000000000000000000000000000	341bd5a190397625898292e55b936d5e371187d1	frontend/src/stores/localizedResourceCache.test.ts	no	adopt-upstream
A	000000	100644	0000000000000000000000000000000000000000	bd16b7178e56e0977f5889926ff60dd025fd3781	frontend/src/stores/localizedResourceCache.ts	no	adopt-upstream
M	100644	100644	ca520eca9271632deccfe4ce545ced167e2f8abe	19ac6d9ed87ba56a7d42902f56de1049c8547009	frontend/src/stores/menu.ts	yes:M	three-way-preserve-musuw
M	100644	100644	7af8bb4ed64e306bc66edceedde6e24010b08668	ff88602bf3a2448147b8aa580724c6a616107b09	frontend/src/stores/organization.ts	no	adopt-upstream
M	100644	100644	47167a1d210d2905a04f96e3169ff7dd826571d5	be0ac99d9cadf73bc47fe3c58e0e73362b9db0a3	frontend/src/types/mention.ts	no	adopt-upstream
M	100644	100644	1614e1dd8449795692afda28558708f0739417f6	f1cdc455f38bc54b39c927279f4f61ccdbf2796c	frontend/src/types/tool-results.ts	no	adopt-upstream
M	100644	100644	b717903000ab2370fb19d3ac0221baf697383b8e	719324361602e5be64d93e5fedc49ba76249666c	frontend/src/utils/agent-tool-display.test.mjs	no	adopt-upstream
M	100644	100644	7878965dc1e27db3335cb60346c0d452beb210cd	ccaaa1e62acfd1b7f0511abb96b37da46c5b7cc9	frontend/src/utils/agent-tool-display.ts	no	adopt-upstream
M	100644	100644	d7760183424c621a979b4446082ac4a21b411e13	260b52d180aed2d26880e19f9e3a20d0c5298ecf	frontend/src/utils/agent-tool-icons.ts	no	adopt-upstream
M	100644	100644	ec3fa40920a1e3a24a221e9d6b7a4c710ef5bb47	d05a63447484bf248bfc0cf2999bc1d934091be2	frontend/src/utils/attachmentPreview.ts	no	adopt-upstream
M	100644	100644	1eb0d9412a880e0856bcfd82b8f03163d9fd08a9	c99b4f763c1c6a0793d0eec26dbb7590b69b910f	frontend/src/utils/chatMarkdownRenderer.ts	yes:M	three-way-preserve-musuw
M	100644	100644	f4aad38e073c1ebb8512f31c59b88d6b1d586255	3fea409920fcfe7dc898025cfc0ff1cd27da8e1a	frontend/src/utils/chatMessageShared.ts	no	adopt-upstream
A	000000	100644	0000000000000000000000000000000000000000	2f89cccb49922ba230a271857d886fd76a683c47	frontend/src/utils/chatQuestionMinimap.test.ts	no	adopt-upstream
A	000000	100644	0000000000000000000000000000000000000000	fd6e667d8f9c1a5cf50cebd828a30c604501d9bf	frontend/src/utils/chatQuestionMinimap.ts	no	adopt-upstream
A	000000	100644	0000000000000000000000000000000000000000	82972f86eb13185424a734508e7c8875d23623ee	frontend/src/utils/clipboard.ts	no	adopt-upstream
A	000000	100644	0000000000000000000000000000000000000000	0e7bf43e7fad733c28bdbcb9c524ceed6577629d	frontend/src/utils/filePreview.test.ts	no	adopt-upstream
A	000000	100644	0000000000000000000000000000000000000000	77e62d06f9926345c422ed247b73f5d1cb820ed6	frontend/src/utils/filePreview.ts	no	adopt-upstream
M	100644	100644	163c0f7b0afd5ab589bc84fb1f383033d9e7f206	b6b74db999fead50d44ea4d3b4e2dad87cd72bbf	frontend/src/utils/files.ts	no	adopt-upstream
M	100644	100644	235afda699168e2951c0e47c31dc5796faa0a2a6	414609b6f65af7748c4cd16d9556c4550a136663	frontend/src/utils/index.ts	yes:M	three-way-preserve-musuw
M	100644	100644	7507a1943f27b64c325ee4ca1239e03acbfe53ca	0c688d56cd001bb841ce71f1d8b5116a3e30e3c9	frontend/src/utils/markdownDomPurify.ts	no	adopt-upstream
M	100644	100644	72a0c91fc1e534638b50ccae49bfb7f7fbdebb6d	4b5e866d1e327c4f46f8cd35c39a4d15689515c8	frontend/src/utils/markdownEnhancements.ts	no	adopt-upstream
M	100644	100644	3a26908e00219c4c33a707214658c0b93e56dfa4	5eaaf2167e5a3141892dc85da1c0f48310b7598c	frontend/src/utils/mermaidShared.ts	no	adopt-upstream
A	000000	100644	0000000000000000000000000000000000000000	3e2382c92a1048f8a526dfd0899f06837c07c24e	frontend/src/utils/mermaidStreaming.test.ts	no	adopt-upstream
A	000000	100644	0000000000000000000000000000000000000000	7440fbd32c49c65bff28131cd1ff8565a58ac8f4	frontend/src/utils/mermaidStreaming.ts	no	adopt-upstream
A	000000	100644	0000000000000000000000000000000000000000	d549eb0e2b7e092607593c6f7bac087146c2a6cf	frontend/src/utils/messageTimestamp.test.ts	no	adopt-upstream
A	000000	100644	0000000000000000000000000000000000000000	ec3b72e384b327a1638aebad9bc83732c53bc0de	frontend/src/utils/messageTimestamp.ts	no	adopt-upstream
A	000000	100644	0000000000000000000000000000000000000000	203c0fbaa8866bc354796d4305b4b83654161d0c	frontend/src/utils/modelDefaults.ts	no	adopt-upstream
M	100644	100644	f5bd1c55c58e62c08b3361d42f5e14e64011b37d	c865396d78b8c1faefe6d172c410551ed1ad9df8	frontend/src/utils/protectedFileAccess.test.ts	no	adopt-upstream
M	100644	100644	ccab611cf9dbaca8d3301be6593a81c88311f1fe	875e06e0ca51d3f420add94849932e57ef0bc44b	frontend/src/utils/protectedFileAccess.ts	no	adopt-upstream
M	100644	100644	c12ac32e9872207b1a570482167e1b85b076e543	a032317f62050b4bcf82b3e25683d33d2154032c	frontend/src/utils/request.ts	yes:M	three-way-preserve-musuw
A	000000	100644	0000000000000000000000000000000000000000	f1912f3da39559f3496287410ace84a370557d36	frontend/src/utils/sandboxArtifactRefs.test.ts	no	adopt-upstream
A	000000	100644	0000000000000000000000000000000000000000	62a0b5cb5e38cbfec41691945ed53ac6409d04ee	frontend/src/utils/sandboxArtifactRefs.ts	no	adopt-upstream
M	100644	100644	224a67cecdc0d21ffb7fc4fc5e3de16ec40b0580	09a6b62233ae1fe610ca3dd8718a0a5b291b7c34	frontend/src/utils/security.ts	no	adopt-upstream
A	000000	100644	0000000000000000000000000000000000000000	6183d161316464908f00a26ab810c1dc3c89f8a2	frontend/src/utils/shellExecResult.test.ts	no	adopt-upstream
A	000000	100644	0000000000000000000000000000000000000000	6d822b7b0d708b25f3879503b1fd0d31ed87f484	frontend/src/utils/shellExecResult.ts	no	adopt-upstream
A	000000	100644	0000000000000000000000000000000000000000	80e1a307db9e83d0e2104ed22e8636945146c57e	frontend/src/utils/skillArtifacts.test.ts	no	adopt-upstream
A	000000	100644	0000000000000000000000000000000000000000	6644f2dbe1a080432df86402e3b7e3da44e5bc87	frontend/src/utils/skillArtifacts.ts	no	adopt-upstream
A	000000	100644	0000000000000000000000000000000000000000	a69e9bbb859a4da40d5310343847a5c6874ddd47	frontend/src/utils/skillToolDisplay.test.ts	no	adopt-upstream
A	000000	100644	0000000000000000000000000000000000000000	b76843d101d6df9e6be7904302d23f5700447d2a	frontend/src/utils/skillToolDisplay.ts	no	adopt-upstream
M	100644	100644	39d5804c8e59fefba20636c511b53b3baf83ac20	b5dba02bdf70c3c48cdbfab58fc366f2b93d38d2	frontend/src/utils/tenantSwitch.ts	no	adopt-upstream
M	100644	100644	834c402dd67da78d28433fe0c79fdb8ad34e249b	fa4b03b4311f3cba19e11104f83c5cfe3ba66be3	frontend/src/views/agent/AgentEditorModal.test.mjs	yes:M	three-way-preserve-musuw
M	100644	100644	2561e9c89193642076014f7323fd9b2a00064642	c261d46a2bec6c75f1b21d607e996aeb5ba97dd1	frontend/src/views/agent/AgentEditorModal.vue	yes:M	three-way-preserve-musuw
M	100644	100644	8ae184e369cb6a1fa45d6da3ae9c5bcb470f92b6	1fa5e1eefbec6ce303c29c28dd4257068774d17b	frontend/src/views/agent/AgentList.vue	yes:M	three-way-preserve-musuw
M	100755	100755	b33a355b19f540398854de152d2f0468a21496da	edd29b1e2a41ad94ff7b7485cae03bfe3dfd4e08	frontend/src/views/auth/Login.vue	yes:M	three-way-preserve-musuw
M	100644	100644	55aaaba93cb0323084a343b6e4c414cd992892f7	6afcf6cff8b5dae77c14a1828ff55ee73c38e3ab	frontend/src/views/auth/WorkspaceOnboarding.vue	yes:M	three-way-preserve-musuw
M	100644	100644	ddc17c7abbcfb8fed22f235f45a42a5c404569b0	ddb85de20f2988639f1cdbccd9fe550490d8863e	frontend/src/views/chat/components/AgentStreamDisplay.style.test.mjs	no	adopt-upstream
M	100644	100644	069fb6763dd1067f5e54e7e3290b3e8def526c4e	96e87839f0cbda2960ddf008866cb22d752ad4ca	frontend/src/views/chat/components/AgentStreamDisplay.vue	yes:M	three-way-preserve-musuw
A	000000	100644	0000000000000000000000000000000000000000	051272c25131327370a6eb346d930ffdc9a21822	frontend/src/views/chat/components/ChatArtifactsDrawer.vue	no	adopt-upstream
A	000000	100644	0000000000000000000000000000000000000000	27cc324953732b6880e714dbe70a0f1e6273b349	frontend/src/views/chat/components/ChatMemoryStep.vue	no	adopt-upstream
M	100644	100644	b29b837eea4def18601b7f04e5dec7116025861a	52844c603a3e1b80d046ff163124fc7cba7c24a8	frontend/src/views/chat/components/RagPipelineProgress.style.test.mjs	yes:M	three-way-preserve-musuw
M	100644	100644	7e75ef52428adaf44eb97e5e5cee35932b18b5c8	d0d93597f5c61ca62ff835c8ed187ae39542f24f	frontend/src/views/chat/components/RagPipelineProgress.vue	yes:M	three-way-preserve-musuw
M	100644	100644	3c64818c8e76b5eea79648ef11201352c1bd4ef0	142abf9b0f83e97ce3f377c56f08c03bdddd18d4	frontend/src/views/chat/components/ToolResultRenderer.vue	no	adopt-upstream
M	100644	100644	b901e54e3a8ab1737992794590da11c9bfb5e669	3214c34fd8269bcba0b0d7b06c4e34c8939b5016	frontend/src/views/chat/components/answerToolbarCompletion.test.mjs	yes:M	three-way-preserve-musuw
M	100644	100644	f696550fc980c2a648ce19a631729950fe3b0e6b	be4064cf58c794114508a09a5ad0077aa9bbb364	frontend/src/views/chat/components/botmsg.vue	yes:M	three-way-preserve-musuw
M	100644	100644	73ab49b3da5f7f19a3bcca6d7e64868762aeb6cd	f7ea7536b2cc923212c404e6c6e96ec33df3f31c	frontend/src/views/chat/components/tool-results/ChunkDetail.vue	no	adopt-upstream
M	100644	100644	a8d1dc3f80e1274fc3a160b3f755fcd0fb7554a0	8fe01dec2454cda4d999e723e46234a2e68d825f	frontend/src/views/chat/components/tool-results/DocumentInfo.vue	no	adopt-upstream
A	000000	100644	0000000000000000000000000000000000000000	b5c70b6fe1d3e4f3ca00d0a2677cdf0352d6b0a8	frontend/src/views/chat/components/tool-results/ReadSkillResult.vue	no	adopt-upstream
A	000000	100644	0000000000000000000000000000000000000000	fe9031a5e9b65c1f2bad6542a18b8591129c8757	frontend/src/views/chat/components/tool-results/SandboxFilesResult.vue	no	adopt-upstream
A	000000	100644	0000000000000000000000000000000000000000	a70afe4dfa9afa6f212faa33acc1be81483282d3	frontend/src/views/chat/components/tool-results/ShellExecResult.vue	no	adopt-upstream
A	000000	100644	0000000000000000000000000000000000000000	c0cbc4e02cb7a78bfeadbcd2383b2e58386cab28	frontend/src/views/chat/components/tool-results/WriteSandboxFileResult.vue	no	adopt-upstream
M	100644	100644	6dd0f2e44e4fc382d6f40702aa4b5eebc2467fea	c85c6e0e5a8760bf1a216616e859cffee126db60	frontend/src/views/chat/components/usermsg.vue	yes:M	three-way-preserve-musuw
M	100644	100644	8544e69f1d153164af88bb9a3f2748a9ece735b8	0dbd60aae62aeac5a90bab59abefccff6562f61e	frontend/src/views/chat/index.vue	yes:M	three-way-preserve-musuw
M	100644	100644	93b40f9a39d3517c256403b9b0f75ea4d0416b62	66d8b680b2f90c9c1ef0e48278d9bf16d8b840ff	frontend/src/views/dev/MarkdownTestPage.vue	no	adopt-upstream
M	100644	100644	610a4ea75deb86a0743e05836849cafa1f1c6a8a	6845877bd8d57dd06e4d14e5ee202a252dabfb6a	frontend/src/views/embed/EmbedChatCore.vue	no	adopt-upstream
M	100644	100644	7a1dc9292d38b80b60ec8e4c8506b44a01dd5d42	91fa1c9d570b94fd40dea9e5647494cb7c1c75dd	frontend/src/views/integrations/ApiIntegrationSettings.vue	yes:M	three-way-preserve-musuw
M	100644	100644	eebacc93451ab798a0db4a7743fe0f9108418838	79801388a2edb701e789b23c3bd8e1c9aa27a29e	frontend/src/views/integrations/ChromeExtensionLanding.vue	no	adopt-upstream
M	100644	100644	5479b1fcd964cb538360c4fec91002e418657cf2	064c29aab3a8485dff298c4a1560c03bb1df6094	frontend/src/views/integrations/ClawSkillLanding.vue	no	adopt-upstream
A	000000	100644	0000000000000000000000000000000000000000	47a54c217cdeeb59f36c33b4c8f708ca453d07ea	frontend/src/views/integrations/apiKeyScope.test.ts	no	adopt-upstream
A	000000	100644	0000000000000000000000000000000000000000	b4183967c75e85869a4ccc1c92a8ea6717354a0c	frontend/src/views/integrations/apiKeyScope.ts	no	adopt-upstream
A	000000	100644	0000000000000000000000000000000000000000	524df8f458e187fbc33e36c029e19caeedfec32a	frontend/src/views/integrations/apiPlaygroundSSE.test.ts	no	adopt-upstream
A	000000	100644	0000000000000000000000000000000000000000	09f2a4eb231025f0e871e6cd034bf468905540be	frontend/src/views/integrations/apiPlaygroundSSE.ts	no	adopt-upstream
M	100644	100644	1b1963bfcea822a4aaec34d7df7352dc9de1ba3f	dfa0e41198093599de6c984bfa954a2c42563a87	frontend/src/views/knowledge/KnowledgeBase.vue	yes:M	three-way-preserve-musuw
M	100644	100644	372e181aba4bf95ebfcfc417a0469ce798121fab	59e4b6fb8e31e8d57ac3a11c1191dbb0cb328126	frontend/src/views/knowledge/KnowledgeBaseEditorModal.vue	yes:M	three-way-preserve-musuw
A	000000	100644	0000000000000000000000000000000000000000	cdd5ddd67100c002d821d55580e5ab28506cad0a	frontend/src/views/knowledge/KnowledgeBaseReferenceNavigation.test.ts	no	adopt-upstream
M	100644	100644	0d85aa2ab1ce2b5f85412427e9ee16530b6dab71	e9e115a38144a79e6f12181b14a1c1bd83562fed	frontend/src/views/knowledge/components/DocumentActionMenu.vue	yes:M	three-way-preserve-musuw
M	100644	100644	7fdddb98988e06b2cd6b99b7ab991574abc58964	92e98de85555509c12b7b477da30b5a1d45671ce	frontend/src/views/knowledge/components/DocumentCardView.vue	yes:M	three-way-preserve-musuw
M	100644	100644	dc553565d2c1818878c3c34631dc4d33010f96c6	2fb5fff81609e16d25f81facd20d95707389f36f	frontend/src/views/knowledge/components/DocumentListView.vue	yes:M	three-way-preserve-musuw
A	000000	100644	0000000000000000000000000000000000000000	727202d83934fa7419db9a427f0824b7ec86380a	frontend/src/views/knowledge/components/FAQBatchActions.test.ts	no	adopt-upstream
A	000000	100644	0000000000000000000000000000000000000000	496c43a9a71b05ac93504174fe073c7a6996467a	frontend/src/views/knowledge/components/FAQBatchBar.vue	no	adopt-upstream
M	100644	100644	8ef88177805cf7de9ea3cc64c62f24bc6411e275	1d29c9f7621af39046ad2a27c2136159ca1f8070	frontend/src/views/knowledge/components/FAQEntryManager.vue	yes:M	three-way-preserve-musuw
M	100644	100644	61c36c6e815817be9339ce4aa68cdcf82fd6feb8	c51d25157d09d267c086aac2053d16af08a8a96d	frontend/src/views/knowledge/components/KbFolderTree.test.ts	yes:M	three-way-preserve-musuw
A	000000	100644	0000000000000000000000000000000000000000	18dee61dcca980cf1509cdeeafd8f6b32c2700a0	frontend/src/views/knowledge/knowledgeDownloadFileName.test.ts	no	adopt-upstream
A	000000	100644	0000000000000000000000000000000000000000	08ceb8ceead50d07e25cfd4fc8780e4cc21e1545	frontend/src/views/knowledge/knowledgeDownloadFileName.ts	no	adopt-upstream
M	100644	100644	cd3cf4ccbcbbae4d78d753b7d306b6989a921070	c3cf2c42059997b866915235d2a69d934b6b8ec4	frontend/src/views/knowledge/settings/DataSourceEditorDialog.vue	no	adopt-upstream
M	100644	100644	ca727c3417026ac18f5a00e5a2b8cc4d52188160	d8ed8ed5ae09f6596cb1c3cf45e5793d16cfd943	frontend/src/views/knowledge/settings/DataSourceSettings.vue	no	adopt-upstream
M	100644	100644	163c38ea181dcd109b6c7006ffb306d93513beac	a3cf664a6036c78887856bf33bf943435de5e22d	frontend/src/views/knowledge/settings/DataSourceTypeIcon.vue	no	adopt-upstream
M	100644	100644	1b487d3ecae7980418bf8dc176a8415eda80398b	77006efeee86fe0b1fed043f5b5d5e74ebb3ff9c	frontend/src/views/knowledge/settings/KBAdvancedSettings.vue	no	adopt-upstream
M	100644	100644	1e6a440bb39c78e5493d658a639d8e99d32d1716	0c82d8f71847a1ce0652f887fd666181da6865e6	frontend/src/views/knowledge/settings/KBModelConfig.vue	yes:M	three-way-preserve-musuw
M	100644	100644	62033d32c78716a51c9a993b84d3dd76d60e58b2	2a8ee26e145de9f03597fcafb9d69ff3dc61fa35	frontend/src/views/knowledge/settings/KBParserSettings.vue	no	adopt-upstream
M	100644	100644	670636f8cc594c83c99c3c99acfb23c06f1e5561	fed001b9737d9157b8aac411e0858cdda6f94e91	frontend/src/views/knowledge/settings/datasourceIcons.ts	no	adopt-upstream
M	100644	100644	5803c8aa29b114efaea673c57cfd2911ccebdc2e	6e5c5acb478748af1d98133d6c216b4e4c83db4e	frontend/src/views/knowledge/wiki/WikiBrowser.vue	yes:M	three-way-preserve-musuw
M	100644	100644	48e549e9e2ad0376fa84f688ad0ffdfdfb98a439	8956b817c605758212ef8c1de67519f2f1f6243a	frontend/src/views/organization/OrganizationList.vue	no	adopt-upstream
M	100644	100644	f5b79c742cdaffae1a6e0faf80caecc2dd4f6407	02aabdca91dd33e5b09ee4dff28e78f4fb3a548d	frontend/src/views/organization/OrganizationSettingsModal.vue	no	adopt-upstream
A	000000	100644	0000000000000000000000000000000000000000	10d2c11ff0867360fab9a774161455b244cc8735	frontend/src/views/platform/collectDroppedFiles.test.ts	no	adopt-upstream
A	000000	100644	0000000000000000000000000000000000000000	dee556a9047fd9520ffb520301a628617fba9988	frontend/src/views/platform/collectDroppedFiles.ts	no	adopt-upstream
M	100644	100644	7b662caa8aa88513af19a1482e4a081aa6e3364e	4a7cfe7469cd2acd5c2798f1118e51a24c6a8729	frontend/src/views/platform/index.vue	yes:M	three-way-preserve-musuw
A	000000	100644	0000000000000000000000000000000000000000	c5ae02808469ef725306b22de3bc9af10e756f67	frontend/src/views/settings/EnvVarSettings.vue	no	adopt-upstream
A	000000	100644	0000000000000000000000000000000000000000	72627810ba07d46815fec7e55991f88f359fac1b	frontend/src/views/settings/MemorySettings.vue	no	adopt-upstream
A	000000	100644	0000000000000000000000000000000000000000	7e3c06334557b62a88dd12e31b23e060e5dc11af	frontend/src/views/settings/MemoryWorkspaceSettings.vue	no	adopt-upstream
M	100644	100644	afb70a96ca15fc792a3268fb2b2788987cd82060	ba50c641b8a125ebd79d4395a6f705efafc3d586	frontend/src/views/settings/ModelSettings.vue	yes:M	three-way-preserve-musuw
M	100644	100644	8024be5088730bf03e45a9874f921e50f7aa5355	d0c6739ca6d8148b99ab2745a491af028e093de3	frontend/src/views/settings/ParserEngineSettings.vue	no	adopt-upstream
A	000000	100644	0000000000000000000000000000000000000000	3adbd9a9b3bae1ad56771c58c427e71a71fe340a	frontend/src/views/settings/SandboxSettings.vue	no	adopt-upstream
M	100644	100644	df87f00af2982ac58411f40d3f080416a5214048	fabb91f61f0a44ae6e4c4b8f29b54f86badf465d	frontend/src/views/settings/Settings.vue	yes:M	three-way-preserve-musuw
A	000000	100644	0000000000000000000000000000000000000000	f76dba368fab3ad604b5972150fa538e7c976972	frontend/src/views/settings/SkillSettings.test.mjs	no	adopt-upstream
A	000000	100644	0000000000000000000000000000000000000000	7335a53ef9f8a1cc03845e134fabbad7fe1d4cff	frontend/src/views/settings/SkillSettings.vue	no	adopt-upstream
M	100644	100644	f69148621113524fda89bce04aee34cb08c55f25	57407d79f40fd84792316ad37a65b3bc0277e6cf	frontend/src/views/settings/TenantMembers.vue	yes:M	three-way-preserve-musuw
M	100644	100644	63d569aaaacf728ae333b8856fcd32790fafea53	cabc49bc90f0c5dd694942e3b5c96585acd79c97	frontend/src/views/settings/UserProfile.vue	yes:M	three-way-preserve-musuw
A	000000	100644	0000000000000000000000000000000000000000	c95f59ac40f96c4cf7dd85782002f53316c09467	frontend/src/views/settings/envVarState.test.ts	no	adopt-upstream
A	000000	100644	0000000000000000000000000000000000000000	04072c70fa2e106df42bab7dfa51e048828745b3	frontend/src/views/settings/envVarState.ts	no	adopt-upstream
M	100644	100644	e15b054e714bf13ad256ea09046c109eb4f1a063	53ed76771da57a549de3a976b9730b908afecad0	frontend/src/views/settings/providerLogos.ts	no	adopt-upstream
M	100644	100644	a9bba7319594ab17af39a46c29b24db9797912cd	0100e59d558fe996df239ee51dfa0cf6b2770522	frontend/src/views/system/PlatformAPIKeys.vue	no	adopt-upstream
M	100644	100644	35593daa61173a806f9efd5b634e50154dd19cff	af63f9d732df4253413f3969bbce6f1850737ec8	go.mod	yes:M	three-way-preserve-musuw
M	100644	100644	e9e289427716670a71862b3815a9f270dc6369d7	0eeb7bc83f1a3a303465a837832872887e5dbee3	go.sum	yes:M	three-way-preserve-musuw
M	100644	100644	f8f25e69044789f0f3859d3dcc00b07547330848	0072ff1f0a5f66992491c6f59245173c4de17b63	internal/agent/act.go	no	adopt-upstream
M	100644	100644	297ad0dbbc3d8d646bc60d7f38b28d52533d4482	125330ae147363a53f65351a831f32fa4a0b4223	internal/agent/const.go	no	adopt-upstream
A	000000	100644	0000000000000000000000000000000000000000	b347cde7601c2e7ce6efd221b393433d7bded40d	internal/agent/const_test.go	no	adopt-upstream
M	100644	100644	56188daa1132ab472d39fb11a5f2e33d72c49095	e710ef433ba1d0fb86c604d9da3b4e5cc48d1968	internal/agent/engine.go	yes:M	three-way-preserve-musuw
A	000000	100644	0000000000000000000000000000000000000000	db1a00aa095ec32d6af35a12b2b0490e0e90c7c5	internal/agent/engine_memory_test.go	no	adopt-upstream
M	100644	100644	20869d0344cfa295454819566bba7a9925082be6	5823ff88ed2d561129df8ab2215163e670854f2c	internal/agent/engine_test.go	no	adopt-upstream
M	100644	100644	c5c4b2fa6ae1af45a97597ccecc74eef97ab2392	498e5519480912874a617f2b8b9ce6960b5de1f0	internal/agent/finalize.go	yes:M	three-way-preserve-musuw
M	100644	100644	45e599d88b8cef26069bf9101b44a400662f2432	289406174a585dbbdaa0f9a69be26c882ccbc9cf	internal/agent/observe.go	yes:M	three-way-preserve-musuw
M	100644	100644	2ceb2cab079b510daed8447af3a04d7f21af1088	e920358030fbc54c3704d1395ab7c4a546331b1f	internal/agent/observe_test.go	no	adopt-upstream
M	100644	100644	a6b571a8cc577567f9546f7b7f3951f34b0583db	80d158d3514992456748c9052383866ac727dbef	internal/agent/prompts.go	no	adopt-upstream
A	000000	100644	0000000000000000000000000000000000000000	8a1fb68234efaff3f463f7bc8b9cd1342375f4ee	internal/agent/prompts_shell_test.go	no	adopt-upstream
A	000000	100644	0000000000000000000000000000000000000000	41a20ee0ec87eb0bbacfb2f9339017663fad285a	internal/agent/skills/env_resolver.go	no	adopt-upstream
A	000000	100644	0000000000000000000000000000000000000000	b749ae02aa912f6378425d039663b7b01be9f9db	internal/agent/skills/env_resolver_test.go	no	adopt-upstream
M	100644	100644	1557bc5210b3e40b87e81c0686421cb811b5f3f3	b88187e593d74967c49ee9ec0dd4fac65455afa1	internal/agent/skills/manager.go	no	adopt-upstream
M	100644	100644	e8dcb90253cb711b17859c836e514d23e56e12eb	550dd8463420c19fc7672de6d3dc68b6a9e1f9e9	internal/agent/skills/skill.go	no	adopt-upstream
A	000000	100644	0000000000000000000000000000000000000000	1f3819b41198477a8b29134a866f55ccdb8beef2	internal/agent/skills/skill_frontmatter.go	no	adopt-upstream
A	000000	100644	0000000000000000000000000000000000000000	495d547147c04d28041bbe613cd22dd2e8ca0e80	internal/agent/skills/skill_frontmatter_test.go	no	adopt-upstream
M	100644	100644	4e0fe0f9abcc91cac75cf41a7cb347d66953dd8e	cb2a4cf2c5eb1549ef03f090e737a44524714b99	internal/agent/skills/skills_test.go	no	adopt-upstream
A	000000	100644	0000000000000000000000000000000000000000	cce99245335d2969294df76da457d7d35d53812b	internal/agent/skills/source.go	no	adopt-upstream
A	000000	100644	0000000000000000000000000000000000000000	bf0098160fc37b648e4768f4b3b8c49f4b41b6a6	internal/agent/skills/tenant_source.go	no	adopt-upstream
A	000000	100644	0000000000000000000000000000000000000000	05dc426ea40a2e0d963c69aab2dc8db685689710	internal/agent/skills/tenant_source_test.go	no	adopt-upstream
A	000000	100644	0000000000000000000000000000000000000000	cbffce5db5bee5d8a441c727cdf6bebd0a1fdd3d	internal/agent/skills/testdata/skillhub_nested_name.md	no	adopt-upstream
M	100644	100644	d22d7f3db26512f03516c8431f4afcfb7d90c9c6	91004c0f0b62b7d4694ab97b44ce749ae3cdfd5f	internal/agent/think.go	yes:M	three-way-preserve-musuw
M	100644	100644	3d46b37a3ee0d2699a131176135e2934313aab3d	a809c74f00b515c174c8cda68be88589d6a327c3	internal/agent/tools/data_analysis_test.go	no	adopt-upstream
M	100644	100644	4bad50b25ef83bfd1a16d38f82c780bd3407c8d3	71803ecfe99eb7d600978077ba22514b2ec23709	internal/agent/tools/definitions.go	no	adopt-upstream
M	100644	100644	2b44a51d81b665b95192d9780a10b26a5d67a809	a89f8cbdc276e01e6e46019858fa2c7bc3a4aad0	internal/agent/tools/knowledge_search.go	no	adopt-upstream
A	000000	100644	0000000000000000000000000000000000000000	c0f3516c89e7633562caef2a9ba4e9385a96177e	internal/agent/tools/knowledge_search_mmr_test.go	no	adopt-upstream
M	100644	100644	7999b96de00c9839cba0ebdb7e1e68af5eb2c031	c64fccce5eb31e9715b50c15d01de575f857abe3	internal/agent/tools/knowledge_search_rerank_test.go	no	adopt-upstream
M	100644	100644	ba38641ad703fd9263c58ed0da915b9efabdb136	eaf14d28430588c42c5cecf7bb085bad66d52155	internal/agent/tools/persist.go	no	adopt-upstream
M	100644	100644	dd4b7ba664b7fe16b58ce5cd17238776737036a8	09f6996442a1ed3a58dc6be8a6b92650cd3612d1	internal/agent/tools/persist_test.go	no	adopt-upstream
A	000000	100644	0000000000000000000000000000000000000000	ce82f9d8a14357c4de8e09065dadd0537a05694b	internal/agent/tools/python_syntax.go	no	adopt-upstream
A	000000	100644	0000000000000000000000000000000000000000	876d0bc6612c35fa0b27e713e02a7ec0df65256c	internal/agent/tools/python_syntax_test.go	no	adopt-upstream
M	100644	100644	53b7014774dbfecb2330e6b6ff0d86e65cae92d3	f786126930c972877ffec2b729dbbe5a305b0c21	internal/agent/tools/registry.go	yes:M	three-way-preserve-musuw
A	000000	100644	0000000000000000000000000000000000000000	e7d34dd3c21f3f8c3f55a2f3bae78178f9f6701f	internal/agent/tools/sandbox_edit.go	no	adopt-upstream
A	000000	100644	0000000000000000000000000000000000000000	dfcbbef6267c03d5ac1b72f48ae29740acbc0bf8	internal/agent/tools/sandbox_edit_test.go	no	adopt-upstream
A	000000	100644	0000000000000000000000000000000000000000	38e73bd2a39845466daf90f76a0529bc5f441128	internal/agent/tools/sandbox_ls.go	no	adopt-upstream
A	000000	100644	0000000000000000000000000000000000000000	06f7e9aa1dd912c514d0b714447f89fb8105a445	internal/agent/tools/sandbox_read.go	no	adopt-upstream
A	000000	100644	0000000000000000000000000000000000000000	c77dd34b3ab3d3b0f9c81183155b2ba00f336620	internal/agent/tools/sandbox_read_test.go	no	adopt-upstream
A	000000	100644	0000000000000000000000000000000000000000	1de40aa60b486c8221984f16249b9e7f6bc0441e	internal/agent/tools/sandbox_write.go	no	adopt-upstream
A	000000	100644	0000000000000000000000000000000000000000	7119e5ad624006132535599ead5b2e569594500d	internal/agent/tools/sandbox_write_test.go	no	adopt-upstream
A	000000	100644	0000000000000000000000000000000000000000	a6d36f56f20f3630bbc18d0c7ad511674423b21b	internal/agent/tools/search_conversations.go	no	adopt-upstream
A	000000	100644	0000000000000000000000000000000000000000	d58109a1dde6090689b6af7b961aef622d8848db	internal/agent/tools/search_memory.go	no	adopt-upstream
A	000000	100644	0000000000000000000000000000000000000000	86fc2b30333041d76e74cff06f0be38d7104cbdf	internal/agent/tools/search_memory_test.go	no	adopt-upstream
A	000000	100644	0000000000000000000000000000000000000000	4ca3171e4725b933b0c0f9e8002510fa15736184	internal/agent/tools/shell_env_extract.go	no	adopt-upstream
A	000000	100644	0000000000000000000000000000000000000000	aae72e5b74d9cd734f37e90b2ba696d1fc43bf6e	internal/agent/tools/shell_env_extract_test.go	no	adopt-upstream
A	000000	100644	0000000000000000000000000000000000000000	bba36e7bf58e1c4f5d03d71aa6481a533a88a2c4	internal/agent/tools/shell_exec.go	no	adopt-upstream
A	000000	100644	0000000000000000000000000000000000000000	0944a5af4698acabdc2d98f963a966e76b4640f6	internal/agent/tools/shell_exec_test.go	no	adopt-upstream
M	100644	100644	be989861026713febb8186b1f42571a13b95961c	24e5fcfd57ddad02150d63b8cb203f39e831445c	internal/agent/tools/skill_execute.go	no	adopt-upstream
A	000000	100644	0000000000000000000000000000000000000000	2b38fa13b0d2f593c0e7aad9bab99a0c85c50ddb	internal/agent/tools/skill_execute_test.go	no	adopt-upstream
M	100644	100644	2a511a7a521275ec4499dd12157cff2dcd332fd7	b80a0879f58dc04b0a8c2ca977804bfc08a67eb0	internal/agent/tools/skill_read.go	no	adopt-upstream
A	000000	100644	0000000000000000000000000000000000000000	7c6e70961b795b54f6c5f5254244a25a044ab16b	internal/agent/tools/skill_read_environment_test.go	no	adopt-upstream
A	000000	100644	0000000000000000000000000000000000000000	cabf91b0bd3c4f0a72e5402184afddae46705784	internal/agent/tools/skill_read_path_test.go	no	adopt-upstream
A	000000	100644	0000000000000000000000000000000000000000	2709c498925680d6f0e96d4b24de698f93aa86fc	internal/agent/tools/skill_runtime_guard.go	no	adopt-upstream
A	000000	100644	0000000000000000000000000000000000000000	473cca761b1b0f3c5cb548b322ad3bf802396956	internal/agent/tools/skill_runtime_guard_test.go	no	adopt-upstream
M	100644	100644	942d727930d6834747ba64aa66f54f06c2c6db64	546a97c003e378345160505098a6641cf91b4035	internal/agent/tools/tool_policy_coverage_test.go	no	adopt-upstream
A	000000	100644	0000000000000000000000000000000000000000	195956b12f9452fb946821ac81c6cbf528803fb0	internal/agent/turn_usage_test.go	no	adopt-upstream
M	100644	100644	4f0aecbf45b1e9cf1491550eb61c9cbfae920a72	ccb9fe8710cdfd0f21d40c047e8712c689206da2	internal/application/repository/chunk.go	no	adopt-upstream
M	100644	100644	34163c8194a097db713900670b65cc6d27679f44	104652729310ed5fd9855127b4957874b8fb1892	internal/application/repository/chunk_sqlite_test.go	no	adopt-upstream
M	100644	100644	35bf1112a3315723323bfbc2eb1dae69b7a1cb18	eab35e72717fe4af9b0347105f907eadc2cd776e	internal/application/repository/custom_agent.go	no	adopt-upstream
M	100644	100644	4771aa15308b0da5b0711716ccb75b1e31b156f9	c3b2f58e4dd1e571dddc43ecb7a34c53d198af60	internal/application/repository/datasource_repo.go	no	adopt-upstream
M	100644	100644	e3ab5c260771a8fec7b349b7a2b1762a2238eed3	77ed065c34d81ff848c6e73849c054ba36df0136	internal/application/repository/datasource_repo_test.go	no	adopt-upstream
M	100644	100644	c2989e8f2ae5f171420932d65ba04b27572f3578	065912c69d7514d6382e52ae1728109952444967	internal/application/repository/knowledge.go	yes:M	three-way-preserve-musuw
A	000000	100644	0000000000000000000000000000000000000000	24d33f9599d738714c4f5c63866eab1dd21ea37e	internal/application/repository/knowledge_datasource_external_id_test.go	no	adopt-upstream
M	100644	100644	b27efd1b5ad01f5450630733fe5d435d4fc7da41	abcb68a97092d5b58018de71b456f9df7a6d656a	internal/application/repository/knowledge_finalize_test.go	no	adopt-upstream
M	100644	100644	d3b7e60bf9a61e62d73a7adaefe104ff50e1d6ee	5afafe5a8cbd589f0276478bb01ec2f293698e3f	internal/application/repository/knowledge_metadata_prefix_test.go	no	adopt-upstream
M	100644	100644	1defb0f786755dd481e415264f3a68ff78ef64fe	c610f1e9dbc425e3cb8bd789eead547e285905a5	internal/application/repository/knowledge_span_repo.go	no	adopt-upstream
M	100644	100644	341a3d4fd688937310b3ff49a1a5226c28258a25	72b70adec4f1885bd7de3c8054f3b8c38fe9cb15	internal/application/repository/knowledge_span_repo_test.go	no	adopt-upstream
M	100644	100644	d903b31bc39d23450bfd4880700292e823218e67	66b147e806fa31a2b5fcc28195839b72b5eb9263	internal/application/repository/knowledge_tag.go	no	adopt-upstream
M	100644	100644	2c31f493e79a147739b83fa1eacd9b0329ba4a36	aea5a745379eb5d9642f5afaa0007c39ab9ca989	internal/application/repository/knowledge_tag_test.go	no	adopt-upstream
M	100644	100644	64af88cb94140224da7a6bc37dc214ad6ad492ed	c6fdc87fe463b277f2f6762bee3caf138ec65570	internal/application/repository/knowledgebase_sqlite_test.go	no	adopt-upstream
A	000000	100644	0000000000000000000000000000000000000000	4b10bb80b62814c2c1cc27b6148cec02aae0f002	internal/application/repository/memory.go	no	adopt-upstream
M	100644	100644	22d83ac375b6236eb1265c32a400a1df3778d3f4	455b82fadeda9a1659bc4f98239973c45b15ac2e	internal/application/repository/message.go	no	adopt-upstream
A	000000	100644	0000000000000000000000000000000000000000	b4a29b9495d79cc27a3e13330710c1cc546f993f	internal/application/repository/message_owner_scope_test.go	no	adopt-upstream
M	100644	100644	f8336870ad5549e9be0b182e1190eb25d784f781	686b271ef9dde2348ce83bcecd4b57ebbcb94c71	internal/application/repository/model_usage.go	no	adopt-upstream
M	100644	100644	a8358fef35675187cf54cf3be40d2a29537812c3	f8777a1705f19a769084792eebb0877207931903	internal/application/repository/model_usage_test.go	no	adopt-upstream
M	100644	100644	e06836de11a70d252979c25b4a15fb9fa9a9c847	b3d724b73055698d3ab77792ca5ae5bf3d094ee9	internal/application/repository/resource.go	no	adopt-upstream
M	100644	100644	3877befd058c50cfabbbb8eeceeac20763e8771f	7859ca980c339304e1a47a2dfdaab27c652dd887	internal/application/repository/retriever/doris/compat.go	no	adopt-upstream
M	100644	100644	96a4ffd590899b270042898b6865e181fd96a9a4	e80470f33998e08639bb877a231e8195f0a38caa	internal/application/repository/retriever/doris/structs.go	no	adopt-upstream
M	100644	100644	61101d7811d216b394a6517f9dea6223661008f1	d2202c58ce251710277d2580852480ac9a8d4375	internal/application/repository/retriever/opensearch/retrieve.go	no	adopt-upstream
A	000000	100644	0000000000000000000000000000000000000000	790c9e87a23178f9840800f05087db3c9d111f01	internal/application/repository/retriever/opensearch/ssrf_test.go	no	adopt-upstream
M	100644	100644	c39fda27db9d95ca7eb1c94a1b0d69cb5675799d	fbe0e1b6da027730b426d1454ae672d52c38acc4	internal/application/repository/retriever/opensearch/transport.go	no	adopt-upstream
M	100644	100644	82ad99d90e9b21bc1a89da1a7f13f069a1de1c36	67c8f07208fae35920b1b926b38ea69a8bade3d6	internal/application/repository/session.go	no	adopt-upstream
M	100644	100644	5e9a7e4f2704175c53ceb598c84d8779c96611c5	554a67df971799f7ded6d0b6f7778ac606127096	internal/application/repository/session_test.go	no	adopt-upstream
M	100644	100644	1daff605a8b0718c50fbd483b6d46048a017d748	9cd4241d753ae5c536361c81edd61588080747f2	internal/application/repository/tenant_api_key.go	no	adopt-upstream
M	100644	100644	c7a3a0cfec8b788b9ec4f98cb974ec3298d6592e	c4653003bd480f04f545c0e8a32a44c69106b2d8	internal/application/repository/tenant_api_key_test.go	yes:M	three-way-preserve-musuw
A	000000	100644	0000000000000000000000000000000000000000	ff5939df3f5fdf1ab21ef78826e609e6adcc45c8	internal/application/repository/tenant_sandbox_config.go	no	adopt-upstream
A	000000	100644	0000000000000000000000000000000000000000	00e89427cc89a57674d703dea0c089ada0a91124	internal/application/repository/tenant_sandbox_config_test.go	no	adopt-upstream
A	000000	100644	0000000000000000000000000000000000000000	547a860529bdd1c1b8562c1b58f643cb7d249256	internal/application/repository/tenant_skill.go	no	adopt-upstream
A	000000	100644	0000000000000000000000000000000000000000	2661141e9d16c64ea86253cb47815e5a82286e84	internal/application/repository/tenant_skill_test.go	no	adopt-upstream
M	100644	100644	519dde17f98d0c647be147d89fae65bb01de7d2d	b5df908e2a502bbb3c9df35d70aa2e7f0f23453d	internal/application/repository/wiki_page.go	no	adopt-upstream
M	100644	100644	c9c2c68695d4ccb57f3b00c3ad3316b8501b9143	614f21d3233fca1be2f77a3b05a66c25703b9a5b	internal/application/service/agent_history.go	yes:M	three-way-preserve-musuw
M	100644	100644	69bcad3a574549512a7abfe87b47bad611cea0ed	9630087c6ceff80ce466f13b9480b48878bb6784	internal/application/service/agent_history_test.go	no	adopt-upstream
A	000000	100644	0000000000000000000000000000000000000000	2cc5cf7fa276fd0b10ac72f7b1423002ce6b3bf0	internal/application/service/agent_memory_config_test.go	no	adopt-upstream
A	000000	100644	0000000000000000000000000000000000000000	2622cf935aae2175be6fce682b5d3e13db61344b	internal/application/service/agent_memory_tool_test.go	no	adopt-upstream
M	100644	100644	171420eaae874b2f69c860afaba5c9c049f2b1c2	d05209c2feceb33ac3d4e4fdd16b82cb3f2ec5b1	internal/application/service/agent_service.go	no	adopt-upstream
A	000000	100644	0000000000000000000000000000000000000000	ab9634746b8b7c7baa0e847e13499aa8affbb4ea	internal/application/service/agent_service_install_shell_test.go	no	adopt-upstream
M	100644	100644	6a61b52f756cef83554bcdcd3bf13946d0e24ae8	85731d76a798ab5218ba50823bb9103e2a6184e9	internal/application/service/agent_service_scope_test.go	no	adopt-upstream
A	000000	100644	0000000000000000000000000000000000000000	ba10ba1bfbd12f6e515f332f25efd56073efabcb	internal/application/service/agent_service_shell_test.go	no	adopt-upstream
M	100644	100644	d74600ec46137014ea61fb42fb66012b09bd2597	cc2fd420d7d68fb663115f8fce1b40e5e4017d49	internal/application/service/agent_service_test.go	no	adopt-upstream
A	000000	100644	0000000000000000000000000000000000000000	a6fce1afd18625e3adb660c271dde6ea5d0053d3	internal/application/service/agent_service_user_env_test.go	no	adopt-upstream
M	100644	100644	9cdad5e8d0ab4536d05b01e2fbbdd63c32f15e30	eec993d639f7e6428ffb510a01ca8f1a7f2956eb	internal/application/service/agent_share.go	no	adopt-upstream
M	100644	100644	bd49389bc14ec00d69350b3a3bf5311004ff2210	582428edeef4848fbc944e252547831052d0662f	internal/application/service/agent_share_runtime_test.go	no	adopt-upstream
A	000000	100644	0000000000000000000000000000000000000000	6b364c73bab969659d79adf94bc322d4dba3481d	internal/application/service/artifact_collector.go	no	adopt-upstream
A	000000	100644	0000000000000000000000000000000000000000	6617c0508a36a7353a45d94fc124cac89104ee2e	internal/application/service/artifact_collector_store.go	no	adopt-upstream
A	000000	100644	0000000000000000000000000000000000000000	d37b513ef294cf4bd3bf7b3be815234169d4ac3a	internal/application/service/artifact_collector_test.go	no	adopt-upstream
M	100644	100644	d78551a2eb1786c7e0b1509e2c53a539cb9402a4	2c96056a6bf181cb17287468f1c67163d3d49a9b	internal/application/service/chat_pipeline/common.go	yes:M	three-way-preserve-musuw
A	000000	100644	0000000000000000000000000000000000000000	f78f37d5245b431b02d34f9c39cb546cc5e797a6	internal/application/service/chat_pipeline/memory_affinity.go	no	adopt-upstream
A	000000	100644	0000000000000000000000000000000000000000	643b31182aada6e29876c3e9c55d88d8529281f9	internal/application/service/chat_pipeline/memory_affinity_test.go	no	adopt-upstream
A	000000	100644	0000000000000000000000000000000000000000	79bc2107574ec4dcf654797d28497e8c6fff5c30	internal/application/service/chat_pipeline/memory_recall.go	no	adopt-upstream
A	000000	100644	0000000000000000000000000000000000000000	e75d57bbebeb217a4298ad3942b3cf91548e1966	internal/application/service/chat_pipeline/memory_recall_test.go	no	adopt-upstream
A	000000	100644	0000000000000000000000000000000000000000	f7b0d665f5b574f1078047097fbc676d51fb4c4f	internal/application/service/chat_pipeline/memory_retrieval_test.go	no	adopt-upstream
M	100644	100644	67516a3ff444caca0911199c054b119d2424fed9	5ae6688d79388d631045137924f67b1e83f75fda	internal/application/service/chat_pipeline/merge_parent_resolve_test.go	no	adopt-upstream
M	100644	100644	9750e4a79e259a4e8db8c806592f59f3163a8cb3	e5425c8280cc5b3bd18b6c303782df04a5a28096	internal/application/service/chat_pipeline/progress.go	no	adopt-upstream
M	100644	100644	d9770360132afeea00d86f6e76b625420df63935	23008e7450bb48dd4ae9cf532d0419616b360521	internal/application/service/chat_pipeline/progress_test.go	no	adopt-upstream
M	100644	100644	d234ad706cdf5dad7153d4b89c169ed19ac0684a	c8c29777229f2d4af90b89b136d628db4b2e894a	internal/application/service/chat_pipeline/query_understand.go	no	adopt-upstream
M	100644	100644	e63a0a427e2420c5474f08f8b1f36078889c51d2	ac2382f87e9965756af470d3a37b982fba2ec2ea	internal/application/service/chat_pipeline/query_understand_test.go	no	adopt-upstream
M	100644	100644	8cd38f38fa23d9e5529dee79d94961337e41c112	02be0a10e054a7e14666d64aecf823a299ce9c9c	internal/application/service/custom_agent.go	yes:M	three-way-preserve-musuw
M	100644	100644	eba1debeab9887c29141d8d5eb6330063cb29398	71eff04adef66568e10d7f00d8dc932f2a0591ed	internal/application/service/datasource_service.go	no	adopt-upstream
M	100644	100644	972653dfb8f57f63b8697e98728c32ccb1211610	a781f4c6acda55e8e8783f8fe1fac2a36ab85bd0	internal/application/service/datasource_service_test.go	no	adopt-upstream
M	100644	100644	22eee8369362153fdcf09a4a1d3b50fd089df3f1	18ebe23cfde54bddfcd5f085c6f68f45ab31509c	internal/application/service/datasource_stream_test.go	no	adopt-upstream
M	100644	100644	02dea3dbbcada2b28d524b310d0ece53e42e355d	e9ce5bc0a8a0e54777264efe96ff00a7c942d08c	internal/application/service/datasource_sweep_wiring_test.go	no	adopt-upstream
M	100644	100644	f9a9d59c8431163dc37c281e2ccbd3614ae68e3a	3d789d6d2da4d9bb5b2d2a262804c963978e6c39	internal/application/service/extract.go	no	adopt-upstream
A	000000	100644	0000000000000000000000000000000000000000	4c059ef7abdcea978048550e99cc6f52d5dceb7f	internal/application/service/extract_data_table_summary_test.go	no	adopt-upstream
M	100644	100644	6427bd8fdd491e9a03a393bdd6f690bc58424431	442584f20657b0d6c0e46c8b67914550fb063818	internal/application/service/file/cos.go	no	adopt-upstream
A	000000	100644	0000000000000000000000000000000000000000	55e6d09ffcea8e9f4d88b1a7c5294c37456d3d3a	internal/application/service/file/endpoint_security_test.go	no	adopt-upstream
M	100644	100644	f44899153ebeca17040fcf727251df483e9c9663	07b5528c27f345ef2e56a67767ad95f60227e099	internal/application/service/file/ks3.go	no	adopt-upstream
M	100644	100644	7ef51d4f70d8209820e18400f6f7b46edd18cb27	7ba432351a309cdef0777136d094388db86ff970	internal/application/service/file/minio.go	no	adopt-upstream
M	100644	100644	1b8ffe8e2c0ebb0c6e5b6755e137c863503acea5	451d92db5c6ac29702b9833f72c557b43feab5c5	internal/application/service/file/obs.go	no	adopt-upstream
M	100644	100644	48974c77b30dffe51fdd4182f564fa527abe51f7	bde515e68c827c38d575f01c497d9fa150b473da	internal/application/service/file/oss.go	no	adopt-upstream
M	100644	100644	4144f29e081b483b4e8054cfb42ee39f34b5d0ab	679f9402decde1f6f68f70f9f97a61323922a14e	internal/application/service/file/oss_test.go	no	adopt-upstream
M	100644	100644	ca1e6df21dd4106b821326ea595a6e6ac4fbf2bf	34a376d4db87b9e2339d0480b1235999b477925d	internal/application/service/file/resource_catalog.go	no	adopt-upstream
M	100644	100644	80b1292f713c7571c8a371133eb237428e9b097e	e9c0a9d8e1a168ad7aef56d31fe0da74e9ea73c6	internal/application/service/file/resource_catalog_test.go	no	adopt-upstream
M	100644	100644	ffd40c9d6d5751dfa1720dfc3efe646a20752005	f43bb3b510e42bf0ac7e0e514cdd277b61c718fc	internal/application/service/file/s3.go	no	adopt-upstream
M	100644	100644	8fff6945c2ab350584693cf6f07d741b4fe6cc16	0291e8b3c514988e05f9b4d553663cd919de668f	internal/application/service/file/s3_test.go	no	adopt-upstream
M	100644	100644	39f5f3445f473ee22456edebf63b93b8d94e0cfb	a260f7f3967eca4e184278d20932af7010608548	internal/application/service/file/tos.go	no	adopt-upstream
M	100644	100644	590a6b38ca2e20e1a1d64ea49ffe654c827e9e04	7a5139138b6bc4017238a6e7f8ec6e894417588c	internal/application/service/knowledge.go	yes:M	three-way-preserve-musuw
A	000000	100644	0000000000000000000000000000000000000000	a2459fe8fa5e2b6d94a06bc7b25a85c3cc6db63c	internal/application/service/knowledge_auto_tag.go	no	adopt-upstream
A	000000	100644	0000000000000000000000000000000000000000	4a2145295dc41b3e4e4882e65881cdc254a0e31d	internal/application/service/knowledge_auto_tag_test.go	no	adopt-upstream
A	000000	100644	0000000000000000000000000000000000000000	14b72ac9cf6fb88d39b431559ebbeb33a758bbb2	internal/application/service/knowledge_content_binding_test.go	no	adopt-upstream
M	100644	100644	b1d26ec430dd98fca1418f5784c6398f062f8883	410a2be867243bdd652462890feba420cab28f8b	internal/application/service/knowledge_create.go	yes:M	three-way-preserve-musuw
M	100644	100644	d3aa09a8c1b52750d87977908f9d80cda0179c6f	f550e09adca7ad80a5447122625d3dc035231a0b	internal/application/service/knowledge_delete.go	yes:M	three-way-preserve-musuw
M	100644	100644	95abd863bb4760760461d23a208bdc1acfd822de	4b4b3a9688f37781572c2c840b91d896abe81910	internal/application/service/knowledge_housekeeping.go	yes:M	three-way-preserve-musuw
M	100644	100644	9c290df2b013bc0182b597d4c9eb7eae6523376c	7339102d16391c700e7ca1d85ccd3dafb47d8715	internal/application/service/knowledge_housekeeping_test.go	no	adopt-upstream
M	100644	100644	53c9179f8ae8b8b39544aa715967874418fb3276	bf18bf01e4c3efceaddf6fe16fd19b9ad2c5938a	internal/application/service/knowledge_move_wiki_test.go	no	adopt-upstream
M	100644	100644	e08a7514f409869f413e8186884a0775e7322d57	f3f28a6b92570b37efd56b5a667d0da76ce5ed28	internal/application/service/knowledge_post_process.go	no	adopt-upstream
M	100644	100644	64b9eb6847e47fc0be822edd4be195b6f4756a63	ce9365fcd54c6117d0b9dd645f744f021c0c875c	internal/application/service/knowledge_process.go	yes:M	three-way-preserve-musuw
A	000000	100644	0000000000000000000000000000000000000000	a217a86a48c5b8f97ec6e6485e4e4e7444566951	internal/application/service/knowledge_process_parent_child_test.go	no	adopt-upstream
A	000000	100644	0000000000000000000000000000000000000000	db19e6f9ec11ff273601738caa993475a5e0fcbf	internal/application/service/knowledge_resource_release_test.go	no	adopt-upstream
A	000000	100644	0000000000000000000000000000000000000000	b5662a354ece1485cc1151216d52fd7c11e08f27	internal/application/service/knowledge_update_test.go	no	adopt-upstream
M	100644	100644	c3e8d0a90246ce5345059da821f59f5e383794e9	6a2a4df118ed4a7642029d47ecaeab348b44128d	internal/application/service/knowledge_util_ssrf_test.go	no	adopt-upstream
M	100644	100644	9f6b0169afb334ce6229e0cf1ebd0bd610fc0a15	42a52dfd29a63f6fddbf75ab595241b7c79592c1	internal/application/service/knowledgebase.go	yes:M	three-way-preserve-musuw
M	100644	100644	991024a797280d2a17baf2e02e6f785f4a9030c0	c4f7510d6a740e8a34ad0404830ba5d2b5d7d9b4	internal/application/service/knowledgebase_search.go	yes:M	three-way-preserve-musuw
M	100644	100644	124da2c004c2c4a71567f01f7960148486f55d81	e6f28a6fee196af7e334a045d4dd3040fb36d775	internal/application/service/knowledgebase_search_faq.go	no	adopt-upstream
A	000000	100644	0000000000000000000000000000000000000000	da8df5f7b4f8c4733918927280b613962f768c81	internal/application/service/knowledgebase_search_matchcount_test.go	no	adopt-upstream
M	100644	100644	9aadfd7479873c7c88e88ae38a29ba5746b7b792	f273b3353196c6b4e56321279742eb9a90b3cb93	internal/application/service/mcp_service.go	no	adopt-upstream
M	100644	100644	56750e626877e3dc2d5294b7a22c4a25d2c28c4c	31be6fbb673b1f75f6bd52de8190e6ed52ec82fd	internal/application/service/mcp_service_test.go	no	adopt-upstream
A	000000	100644	0000000000000000000000000000000000000000	c14a44cc0ccaf85595a6677fe2b0522ab0f733cb	internal/application/service/memory/consolidate.go	no	adopt-upstream
A	000000	100644	0000000000000000000000000000000000000000	d55d72388b6cc0cd9034d68a9d8ca7ad1c209e6d	internal/application/service/memory/consolidate_test.go	no	adopt-upstream
A	000000	100644	0000000000000000000000000000000000000000	6d12d6031952f9081a74ffc60cf39eb1e0fe952c	internal/application/service/memory/coverage_test.go	no	adopt-upstream
A	000000	100644	0000000000000000000000000000000000000000	d5b7d7bbe6d3f978523c7a1523dc19489e158495	internal/application/service/memory/doc_affinity_manager_test.go	no	adopt-upstream
A	000000	100644	0000000000000000000000000000000000000000	b0b71da2e924a20ec076ce5e9c2d85a2cacd2e75	internal/application/service/memory/eval_model_test.go	no	adopt-upstream
A	000000	100644	0000000000000000000000000000000000000000	0f95c9972e9650d4333080cbdd1c961f665d0727	internal/application/service/memory/eval_test.go	no	adopt-upstream
A	000000	100644	0000000000000000000000000000000000000000	82bb2117b2dd5da1a3848f8fb62a1c8465b0bf16	internal/application/service/memory/evalset.json	no	adopt-upstream
A	000000	100644	0000000000000000000000000000000000000000	da9b2685bd06ace7990db51b341cce288edc4cc3	internal/application/service/memory/extract.go	no	adopt-upstream
A	000000	100644	0000000000000000000000000000000000000000	111da5b40c3a65ee2f866d22b58bb69e52ccc086	internal/application/service/memory/extract_test.go	no	adopt-upstream
A	000000	100644	0000000000000000000000000000000000000000	e0d52c32dfb1bcf6e2b3f020884a59068587ebcc	internal/application/service/memory/lexical.go	no	adopt-upstream
A	000000	100644	0000000000000000000000000000000000000000	02909d9e9f5d6d0f71d70838926bdf8d90c47ee7	internal/application/service/memory/lexical_test.go	no	adopt-upstream
A	000000	100644	0000000000000000000000000000000000000000	1a67ecac49e504afd45492f3f9461ef3f95b5eeb	internal/application/service/memory/quality_test.go	no	adopt-upstream
A	000000	100644	0000000000000000000000000000000000000000	dd27efd40d0b46512838da3f59f3fa67c6aaf19c	internal/application/service/memory/recall_trace.go	no	adopt-upstream
A	000000	100644	0000000000000000000000000000000000000000	e8b5ef988c8f98176eef441086606c372f90877b	internal/application/service/memory/regression_test.go	no	adopt-upstream
A	000000	100644	0000000000000000000000000000000000000000	c4d3cb933b9c5aa71a23f594a319402f4c6014d5	internal/application/service/memory/retrieval_test.go	no	adopt-upstream
A	000000	100644	0000000000000000000000000000000000000000	3d655d7afca898cf4aa5e83bc5de2d4a58358363	internal/application/service/memory/scope.go	no	adopt-upstream
A	000000	100644	0000000000000000000000000000000000000000	309843fe0e5cbdec150c850d04d364f22291a71f	internal/application/service/memory/search.go	no	adopt-upstream
A	000000	100644	0000000000000000000000000000000000000000	7aeea3f0a7722532e61cf312e5ecb3df091423c6	internal/application/service/memory/search_test.go	no	adopt-upstream
A	000000	100644	0000000000000000000000000000000000000000	d8b89e92c001e97b34a1fe2daab1f4e70af939be	internal/application/service/memory/service.go	no	adopt-upstream
A	000000	100644	0000000000000000000000000000000000000000	d6981385b22d6018b824ebc76c85fec0b6cb45d8	internal/application/service/memory/service_test.go	no	adopt-upstream
A	000000	100644	0000000000000000000000000000000000000000	1ed00f1c80b50194330455cc62227c71b3ddf433	internal/application/service/memory/stubs_test.go	no	adopt-upstream
A	000000	100644	0000000000000000000000000000000000000000	9a24c6588bb3a361229bc2397a3cf3235bc254c5	internal/application/service/memory/topic_eval_test.go	no	adopt-upstream
A	000000	100644	0000000000000000000000000000000000000000	a5a5adcf8c09c051b50224249fe4fa5c87e1fb21	internal/application/service/memory/topic_evalset.json	no	adopt-upstream
A	000000	100644	0000000000000000000000000000000000000000	ae83d025257d9db40825502efce06c838b0b4d6c	internal/application/service/memory/topic_manager_test.go	no	adopt-upstream
A	000000	100644	0000000000000000000000000000000000000000	70750ceb64d078305eebb301717659e54ad5d8ce	internal/application/service/memory/topic_resolve.go	no	adopt-upstream
A	000000	100644	0000000000000000000000000000000000000000	d1e1d6ce226ca62bcf2067d5fc74cbc785cb76c9	internal/application/service/memory/topic_resolve_test.go	no	adopt-upstream
A	000000	100644	0000000000000000000000000000000000000000	105dacc905844e874705765524bbf37e58cbd1b2	internal/application/service/memory/vector.go	no	adopt-upstream
A	000000	100644	0000000000000000000000000000000000000000	02d5f9b68b4d050347f3c2f6b8a9686adfc4216e	internal/application/service/memory/vector_test.go	no	adopt-upstream
M	100644	100644	bc6adfad4d51c46ec07d394280e391d73dd0b404	0cfbc3970b0cb77635fc5a388c73b988bdb0e78d	internal/application/service/message.go	yes:M	three-way-preserve-musuw
M	100644	100644	1439c0be98432a444ccc4fb71ebd2e32540a8eb9	555264c4deaf770b53ea2f3da9d8ac1dfe4c39fd	internal/application/service/metric/precision.go	no	adopt-upstream
M	100644	100644	d25da56c56f3c588f6860ae25316e53feae06725	f213f28c1b2cffcea1c225bd413a714bdd3a0a38	internal/application/service/model.go	yes:M	three-way-preserve-musuw
M	100644	100644	ad66d4f9363d971eb576c70ed9005d35416656a6	a41acb3280af6dd18394d6117f146813e02dc646	internal/application/service/model_delete_test.go	no	adopt-upstream
M	100644	100644	f061218658e506d042d01dc7c78408a5d5fbaf2c	dfa5fb6e68a379afbbc64a0a35a346255dcc205d	internal/application/service/ocr_sanitizer.go	no	adopt-upstream
M	100644	100644	ad9ff09065af8848a74c4976ec00cbf1787c2fd2	b6a91c9c07a9ecba1e1c32452ab03a4c1aeecd7e	internal/application/service/ocr_sanitizer_test.go	no	adopt-upstream
M	100644	100644	0ca702e3533ae79a361ee18c0f0c6582f57104a9	14a74f7c315a34cd327dbccef5e2146250987f19	internal/application/service/organization.go	no	adopt-upstream
A	000000	100644	0000000000000000000000000000000000000000	cb2d3db3afee729d9db54e9eb93b6cd103a23e7d	internal/application/service/parser_url_security.go	no	adopt-upstream
A	000000	100644	0000000000000000000000000000000000000000	87c1efe8f0cf7a48f960d8ab35ed7debc6c97ee2	internal/application/service/parser_url_security_test.go	no	adopt-upstream
M	100644	100644	50479a9c67fbac7eaccfdc738243dcd078ad9d09	f6b257722d418a8dccc81014cf4e2a82a6cf0887	internal/application/service/resource.go	no	adopt-upstream
M	100644	100644	b870efa6163732d621d10cad0b9c50c066d611a1	1d714625ca725ed724dfeb28398bf40ab7901306	internal/application/service/resource_test.go	no	adopt-upstream
M	100644	100644	e1c3f58c11cb6dc4bf5c5d2034ae9a497ccb6752	00363eb649efc1e6c2d98a48d60ea17b97c78bb0	internal/application/service/retriever/normalizer.go	no	adopt-upstream
M	100644	100644	801bb5bbad3802e63a865fec5e878419fb544ea9	d7d07fce345cd38ccee6ba6abb12e4ced2b86ab3	internal/application/service/session.go	yes:M	three-way-preserve-musuw
M	100644	100644	aed7b305d962ccdd099241886a0ab3b674804686	fb09f4c8927f232063c85dc886a0fb5420024975	internal/application/service/session_agent_qa.go	yes:M	three-way-preserve-musuw
M	100644	100644	5ebb320afc0c2fe0caf22e30725ddfc59b674dcd	82d078964431de40286f9149b8832d48cb24563b	internal/application/service/session_agent_qa_scope_test.go	no	adopt-upstream
A	000000	100644	0000000000000000000000000000000000000000	2fb1e21c6e64771c89dc4743c6c264d036fa73d6	internal/application/service/session_attachment_staging.go	no	adopt-upstream
A	000000	100644	0000000000000000000000000000000000000000	18706b7619c92cd9d4afcc27a608564c330a86c0	internal/application/service/session_attachment_staging_test.go	no	adopt-upstream
M	100644	100644	938f1048fc90760c6daf48c00fa4fb9ac2c80658	bf0233b23c7b017d9a9c736b6c7de08fb6bedd14	internal/application/service/session_knowledge_qa.go	yes:M	three-way-preserve-musuw
M	100644	100644	7f73fdc24e5c89ad801b9da0c9b320893969ce19	4519d3e02e7e934f44cab9161be73d010bdf94dd	internal/application/service/session_knowledge_qa_test.go	yes:M	three-way-preserve-musuw
M	100644	100644	ee8897cf960d4dc7abc38a1c8a26b87f2e715cd2	bda57183069bbd0b2c046beb386c8d9aa2a53509	internal/application/service/session_model_requirement_test.go	yes:M	three-way-preserve-musuw
M	100644	100644	df3e9a1351c23d9224e0b1c7456f537c697fd14b	8bd82fc695f1ab4b75c33abcd9e9b7d7cb7ae2b9	internal/application/service/session_qa_helpers.go	yes:M	three-way-preserve-musuw
A	000000	100644	0000000000000000000000000000000000000000	1b6091ce310045f524cc04eaf35bd642ab35b2ec	internal/application/service/session_sandbox_entry_test.go	no	adopt-upstream
A	000000	100644	0000000000000000000000000000000000000000	86ee210ceb6d617156813d73a73e767986336a6e	internal/application/service/session_sandbox_gating_test.go	no	adopt-upstream
A	000000	100644	0000000000000000000000000000000000000000	0d3cb5b961e8d1f42c2d377c824eda7544e49530	internal/application/service/session_sandbox_pin.go	no	adopt-upstream
A	000000	100644	0000000000000000000000000000000000000000	ca5d809d8a18cbf5d51ead545a7eca0251da22f4	internal/application/service/session_sandbox_pin_test.go	no	adopt-upstream
A	000000	100644	0000000000000000000000000000000000000000	62f5ef1e9f4ff09ffcd5fad4ce25e16e3cfca3a5	internal/application/service/session_sandbox_turn_test.go	no	adopt-upstream
A	000000	100644	0000000000000000000000000000000000000000	45d57ed8a24d8ab1faf621769855cd123c044291	internal/application/service/session_title_test.go	no	adopt-upstream
M	100644	100644	d2e938df9b332c89395fab3e9dbf1bbc6475a9c0	04cb2096e4fb6d65a0543c0efabf3326264acda3	internal/application/service/session_user_scope_test.go	no	adopt-upstream
M	100644	100644	111faef64903292454becc7c169f550af1c31032	4ee25469651cfaef80ba91f75173cc9bdfb210f0	internal/application/service/slug_fuzzy_test.go	no	adopt-upstream
M	100644	100644	0676cf52e1fe3b7d876236634df6c707ac4a38db	6f1831f46b8bd0ef984387b146954f676cc956a2	internal/application/service/storagebackend.go	no	adopt-upstream
M	100644	100644	dbf669edb63288e595dc06a1f0deebf902351625	0e3e91d638b86cf52f42711ebda6f297341d4f8e	internal/application/service/storagebackend_test.go	no	adopt-upstream
M	100644	100644	fa3c586e8f6bd94e51b332b1474d768b60177c4d	c40696a68c01977f3b183dff1e07887b6657b7ab	internal/application/service/system_setting.go	yes:M	three-way-preserve-musuw
M	100644	100644	ad1062ae566e85174ae396bd4a254565b7b85bde	12786e6a968556c5b791ca6a6fa46ed728a0d57b	internal/application/service/temporary_document.go	no	adopt-upstream
M	100644	100644	f6a187e6ea0ac1a3cd56c45a345c751c50ee78dd	09a5243da7ba3e4a01a33a5c60f8f547a57f9a32	internal/application/service/tenant_api_key.go	no	adopt-upstream
M	100644	100644	7c192f77ef88a4d8c7852017f50a0dc6ca6abadd	ba9f56f93466f40b63167e00baf68b0e518ad965	internal/application/service/tenant_api_key_test.go	yes:M	three-way-preserve-musuw
M	100644	100644	cc3c11e8b7b7b649341441f4f4f7613d5374b0e2	48d73df9d84a6e0c0b04bce52be5aba87ded22c8	internal/application/service/tenant_invitation.go	no	adopt-upstream
M	100644	100644	1a0b3c2aa278f88469b673d3ba7d218f8c658900	f8b16f2979a9b3d23021194f00daa68ed4958a96	internal/application/service/tenant_invitation_test.go	no	adopt-upstream
M	100644	100644	06e610a75949e950a8f97f2fcaaea2ec8ea9ecf9	120da47ca41573d654b5c314e3a7e5893afe6eee	internal/application/service/tenant_member.go	no	adopt-upstream
M	100644	100644	9dc0807e8ba466c629535c4bfe142e823f8ecb8c	ae7643635a0bcb2708ae8e82480aa5f077700b1e	internal/application/service/tenant_member_test.go	no	adopt-upstream
A	000000	100644	0000000000000000000000000000000000000000	db953584df5684c572471cae03dbbc50fbd18d62	internal/application/service/tenant_sandbox_config.go	no	adopt-upstream
A	000000	100644	0000000000000000000000000000000000000000	96be778e66cae098d9af48c1ee4448c19cc7e42f	internal/application/service/tenant_sandbox_config_test.go	no	adopt-upstream
A	000000	100644	0000000000000000000000000000000000000000	67939a10e39772412e7d73bee09f112d5b2cafb4	internal/application/service/tenant_sandbox_resolve.go	no	adopt-upstream
A	000000	100644	0000000000000000000000000000000000000000	3aea6f7ba8e3dc2f2c5fd78458562829de16f850	internal/application/service/tenant_skill_admin.go	no	adopt-upstream
A	000000	100644	0000000000000000000000000000000000000000	06b131eb9dc5c18e1fb45d690fb085135cd53335	internal/application/service/tenant_skill_admin_test.go	no	adopt-upstream
A	000000	100644	0000000000000000000000000000000000000000	65911e8070f3f77266e7b5fa9c7a05929d2521f8	internal/application/service/tenant_skill_bundle.go	no	adopt-upstream
A	000000	100644	0000000000000000000000000000000000000000	ed5aeefbe549815fbf010bbb1e466e5de7b396ea	internal/application/service/tenant_skill_bundle_test.go	no	adopt-upstream
A	000000	100644	0000000000000000000000000000000000000000	ef9762b7b8d25414e2c36c0d473abbc4f9c61fd2	internal/application/service/tenant_skill_catalog.go	no	adopt-upstream
A	000000	100644	0000000000000000000000000000000000000000	8afaaa02b434d85544324f209f4b63db5799c796	internal/application/service/tenant_skill_catalog_test.go	no	adopt-upstream
A	000000	100644	0000000000000000000000000000000000000000	6fa9f683e6ee10984739cfe8b42254cf581d8845	internal/application/service/tenant_skill_effective.go	no	adopt-upstream
A	000000	100644	0000000000000000000000000000000000000000	ecdba59c839a5c60365bec0b94cce9388a2d4163	internal/application/service/tenant_skill_effective_test.go	no	adopt-upstream
A	000000	100644	0000000000000000000000000000000000000000	594d3ba63dceada9b6e57a80f78ed96db93cd17c	internal/application/service/tenant_skill_env_declare.go	no	adopt-upstream
A	000000	100644	0000000000000000000000000000000000000000	8aa63d05c179a64f4ffa8c0aee280eb4c95eadec	internal/application/service/tenant_skill_env_declare_test.go	no	adopt-upstream
A	000000	100644	0000000000000000000000000000000000000000	79fcb05e433a7be38a19091aad4522e947778018	internal/application/service/tenant_skill_files.go	no	adopt-upstream
A	000000	100644	0000000000000000000000000000000000000000	32af40d21723daca37a275b9cb92f4dc2fdc4bb4	internal/application/service/tenant_skill_files_test.go	no	adopt-upstream
A	000000	100644	0000000000000000000000000000000000000000	420685fc5646530f14bb7aa5b9ed5fbda9ab8eae	internal/application/service/tenant_skill_install.go	no	adopt-upstream
A	000000	100644	0000000000000000000000000000000000000000	f5f470979ad5b0024cb5263ba20d79ba42127fbe	internal/application/service/tenant_skill_install_test.go	no	adopt-upstream
A	000000	100644	0000000000000000000000000000000000000000	726b570850538ed87ac60f49be58bfb0a14337f7	internal/application/service/tenant_skill_progress.go	no	adopt-upstream
A	000000	100644	0000000000000000000000000000000000000000	e6f70f69af3bf9c535f8afcc0bd36cfa833fd52c	internal/application/service/tenant_skill_reaper.go	no	adopt-upstream
A	000000	100644	0000000000000000000000000000000000000000	f69657517f21778e93a6c4a630209f8e9d5e3643	internal/application/service/tenant_skill_reaper_test.go	no	adopt-upstream
A	000000	100644	0000000000000000000000000000000000000000	3f1856e9f9bbeecd4129c2fb775f6a5b1fbeb3f2	internal/application/service/tenant_skill_remove.go	no	adopt-upstream
A	000000	100644	0000000000000000000000000000000000000000	854e70becf42863a85bd2173657308d537bcd9a2	internal/application/service/tenant_skill_remove_test.go	no	adopt-upstream
A	000000	100644	0000000000000000000000000000000000000000	247775cc3ea972343ef52a491a6257de94386414	internal/application/service/tenant_skill_service.go	no	adopt-upstream
A	000000	100644	0000000000000000000000000000000000000000	e0aaa7bf0ba9e36a7c2c391dac2d9a7ae410470d	internal/application/service/tenant_skill_service_test.go	no	adopt-upstream
A	000000	100644	0000000000000000000000000000000000000000	caca05f9dbf947d1bfa7666227439c427c4ad716	internal/application/service/tenant_skill_source.go	no	adopt-upstream
A	000000	100644	0000000000000000000000000000000000000000	ba4059e98134b25266495de85cd11e9e5b8f4db8	internal/application/service/tenant_skill_source_test.go	no	adopt-upstream
A	000000	100644	0000000000000000000000000000000000000000	7d09dff33c3986d1a4e17ae655cf32468d88d8f2	internal/application/service/tenant_skill_stale_sandbox_test.go	no	adopt-upstream
A	000000	100644	0000000000000000000000000000000000000000	ed34d02ae35aa36a9259126ea9120ae13f0f03cb	internal/application/service/tenant_skill_transcript.go	no	adopt-upstream
A	000000	100644	0000000000000000000000000000000000000000	ddce68585c373f2f4633a9f39bf988f694e4237f	internal/application/service/tenant_skill_transcript_test.go	no	adopt-upstream
A	000000	100644	0000000000000000000000000000000000000000	1e63645ffd9669513edf5c35ce68674a23c5ae98	internal/application/service/tenant_skill_verify.go	no	adopt-upstream
A	000000	100644	0000000000000000000000000000000000000000	78d6264dda85bca9b8c408b89044aa432a48614d	internal/application/service/tenant_skill_verify.py	no	adopt-upstream
A	000000	100644	0000000000000000000000000000000000000000	1bfbf26a56dde63b2e7b1f99892290b402248715	internal/application/service/tenant_skill_verify_python_test.go	no	adopt-upstream
M	100644	100644	a007d26aeffc64982b86cf9435e25f6a72ce2ca9	001730aa1223bb3d29a13d6a65607139ac644cf5	internal/application/service/user.go	yes:M	three-way-preserve-musuw
A	000000	100644	0000000000000000000000000000000000000000	a10bdbd79d79a2f62532dda692214ec5b76b2dff	internal/application/service/user_admin_create_test.go	no	adopt-upstream
M	100644	100644	87d98e3cea0c92a99139e0811154936316a2adea	70f92729e1a79d61bcba950a6616212241fc59f4	internal/application/service/user_auth_token_test.go	yes:M	three-way-preserve-musuw
A	000000	100644	0000000000000000000000000000000000000000	27a021f7d32a0770e978063fc3ac92419f246214	internal/application/service/user_env.go	no	adopt-upstream
A	000000	100644	0000000000000000000000000000000000000000	193fb06ca953544148150135442b2e49bd5b599e	internal/application/service/user_env_resolver.go	no	adopt-upstream
A	000000	100644	0000000000000000000000000000000000000000	585619c60462015fd11a3974b050171748bdfc4b	internal/application/service/user_env_resolver_test.go	no	adopt-upstream
A	000000	100644	0000000000000000000000000000000000000000	a2e94314364f149f88f6b93f18da09e4ce604534	internal/application/service/user_env_test.go	no	adopt-upstream
M	100644	100644	87304787834a479fae757a94b889d80872e3c6be	52e8231adf32af729ef3b027ea16e9458ddc0f3d	internal/application/service/user_provisioning_test.go	no	adopt-upstream
M	100644	100644	36eadee915ce1e8ab6935e435c26acd04341c7f6	44f1caf9ff2d176778e79fcea21e1e4043c6eebf	internal/application/service/vectorstore_healthcheck.go	no	adopt-upstream
A	000000	100644	0000000000000000000000000000000000000000	2e23cf0049d8e94354805b178f49bec938282fa1	internal/application/service/vectorstore_healthcheck_ssrf_test.go	no	adopt-upstream
M	100644	100644	42605ee5b9feb9211556e3ac93f99dd6ad33976b	7a9fd2c1ef0fa59b438199723acdc222ac37209b	internal/application/service/vectorstore_test.go	no	adopt-upstream
M	100644	100644	2f1d3db5c2d85d24db80fd2632834158d158925e	cb472f4dd9689528ce74bc7a5245d06d43bd3ebb	internal/application/service/web_search_provider.go	no	adopt-upstream
M	100644	100644	4abbf631fe333a88d9f542f4ae8a6c1ca76a324e	14b3b8fe2dd13f129e130655f4d3a3ed728ca052	internal/application/service/web_search_provider_test.go	no	adopt-upstream
M	100644	100644	a6d6ce6edd239132dc9c3de894e05a254b847c81	0c838602f787e85117219b4ff7e33d0396186490	internal/application/service/weknoracloud.go	no	adopt-upstream
M	100644	100644	4b5d7caf8c7dfe4f19fc0da6f05505bd16cb63e5	a35428e6c62add623eea8b76cf1f3546a3e3d5a3	internal/application/service/wiki_ingest.go	yes:M	three-way-preserve-musuw
M	100644	100644	4fb7e7a9d3975c0b087ac528885c5643c771eada	cd94fee7a7d9b8ce9ff6039db8bb52dd7dd02ad9	internal/application/service/wiki_ingest_batch.go	yes:M	three-way-preserve-musuw
M	100644	100644	cf2f5fee5ae95e379cf2eb13524d2c813590621a	40282494a59eb9958bc38fa238e004fe2341b6be	internal/application/service/wiki_ingest_cite.go	no	adopt-upstream
M	100644	100644	75cbf903c61caca4f21d1302e685ca082b2a1996	899f2570ce749a2e4283098302d7f69370e683bc	internal/application/service/wiki_ingest_dedup.go	no	adopt-upstream
M	100644	100644	6261044d40d1e034b81ec7eb8e0a0eeff68532fa	fdbe4c54ef8ba360bb6a189d5848c3f8587ca26f	internal/application/service/wiki_ingest_dedup_test.go	no	adopt-upstream
M	100644	100644	21465dc3b60953335f40b72e0f6ee9f1b0eef143	25e785a8d74cf94d9ad75749ab5e0a5c26119410	internal/application/service/wiki_ingest_taxonomy_test.go	no	adopt-upstream
M	100644	100644	71712e7ad1fe04fe9604a3a54e0688b0468a85a0	091927df9ccf9f1f8e6cff872c68b57b9fc24c89	internal/application/service/wiki_ingest_test.go	no	adopt-upstream
M	100644	100644	49812d1a0c62115237a0a0e013c897e00398ee82	8dfc502acd7257631513da91d50e80f2d7e770d4	internal/application/service/wiki_page.go	no	adopt-upstream
M	100644	100644	7ffa8819d6a4ac71c3b379fbe1105a0dbca4cbc5	af353c0176358e797ba39900d0e2ebafd55247c3	internal/application/service/wiki_page_test.go	no	adopt-upstream
A	000000	100644	0000000000000000000000000000000000000000	18bb4b1f41c8704acac849e051434208de9250bf	internal/common/redislock/token_lock.go	no	adopt-upstream
A	000000	100644	0000000000000000000000000000000000000000	50c47b3908d219843b93a9c469d70fcb05ebbffb	internal/common/redislock/token_lock_test.go	no	adopt-upstream
M	100644	100644	783354ff98328b64167ded90310194ef1e4e79eb	93db4158cf74c6a7b688734987a383fe1f00667a	internal/common/tools.go	no	adopt-upstream
M	100644	100644	6b75caf47d7faa33a5cd09142eb52e55c12cafd2	53ec83d8b6805582777b90b724351196e39c28b3	internal/common/tools_test.go	no	adopt-upstream
M	100644	100644	170c78badff5bc47230bc24ef5e3dd234341b814	fcf6d066238b734e1a7b7b865da439e05295edef	internal/config/auth_legacy_env_test.go	no	adopt-upstream
M	100644	100644	769d9fd03b88a3bc9c46ea1158ea6dfbd83db974	2408a8dcf0c5c521de448555127de32fc4ebed6e	internal/config/config.go	no	adopt-upstream
M	100644	100644	a5fe47f9f55c75b15d8f998c4ad449166d617903	19230a14a28f6c586d991628ef44eeac93c32404	internal/container/container.go	yes:M	three-way-preserve-musuw
M	100644	100644	1567a8b7dac96ee9c527adeaf8b41235e454ecdf	c37f757d5b4e0e76df05b8e6b1e1ad0b8e1d3649	internal/container/engine_factory.go	no	adopt-upstream
M	100644	100644	bd61c4186c15bbb871b70393b602151b4e045de7	6114df4a5070263bd04cf68cdca919c3e8dc46c4	internal/container/engine_factory_test.go	no	adopt-upstream
A	000000	100644	0000000000000000000000000000000000000000	d1e203d101c7e64a72d2bdeffd00089e673ace50	internal/container/sandbox.go	no	adopt-upstream
A	000000	100644	0000000000000000000000000000000000000000	abbaecb407f5fb52a39e535ca18a37e17bb35ab1	internal/container/sandbox_test.go	no	adopt-upstream
A	000000	100644	0000000000000000000000000000000000000000	69173a501b23417d3b6e2bed7b710fa2d78d840f	internal/container/ssrf_test.go	no	adopt-upstream
A	000000	100644	0000000000000000000000000000000000000000	dcaa83e6215c47d679901e491bbba1eb1a573050	internal/database/migration_sqlite_test.go	no	adopt-upstream
A	000000	100644	0000000000000000000000000000000000000000	e38a2bc7080f4b10824f49286803cd703162cdcc	internal/database/migration_sqlite_versioned_schema_test.go	no	adopt-upstream
M	100644	100644	bce382eb416a0a099fa88e7eba65cf0b986581ec	c7c51baab45ce17262d198c7ee1ed02cc6390322	internal/datasource/connector.go	no	adopt-upstream
A	000000	100644	0000000000000000000000000000000000000000	710d51f894fbd5130452073328467133461a0d2a	internal/datasource/connector/gitlab/client.go	no	adopt-upstream
A	000000	100644	0000000000000000000000000000000000000000	3654bbdd158ae87042ad876293eaa086500c14cd	internal/datasource/connector/gitlab/client_test.go	no	adopt-upstream
A	000000	100644	0000000000000000000000000000000000000000	ec512e7199d2e84f316e2bca4486c241edd5c498	internal/datasource/connector/gitlab/connector.go	no	adopt-upstream
A	000000	100644	0000000000000000000000000000000000000000	4b018ecb08aa3aadf87addfcc17c356bd78252c3	internal/datasource/connector/gitlab/types.go	no	adopt-upstream
A	000000	100644	0000000000000000000000000000000000000000	449613ca08c3b16c39e1afbc6e75b502360097f5	internal/datasource/connector/gitlab/types_test.go	no	adopt-upstream
A	000000	100644	0000000000000000000000000000000000000000	743dadf0458f41f839797c30a5abf528c252450b	internal/datasource/connector/ima/client.go	no	adopt-upstream
A	000000	100644	0000000000000000000000000000000000000000	89c305a19c99b53d25d411a87fedc0c2fade4e19	internal/datasource/connector/ima/connector.go	no	adopt-upstream
A	000000	100644	0000000000000000000000000000000000000000	d1a447e786714c534d40cc946ccd90a77b433a89	internal/datasource/connector/ima/connector_test.go	no	adopt-upstream
A	000000	100644	0000000000000000000000000000000000000000	f0026c62e5669cbc2070c0b5b6d73f64ad45b6e7	internal/datasource/connector/ima/fake_ima_test.go	no	adopt-upstream
A	000000	100644	0000000000000000000000000000000000000000	48569f2e38f36441d3e18f9d7b51b371ec62b707	internal/datasource/connector/ima/types.go	no	adopt-upstream
A	000000	100644	0000000000000000000000000000000000000000	d7859c04c74707b624942be38c62b70e4148c007	internal/datasource/connector/ima/types_test.go	no	adopt-upstream
M	100644	100644	6341f6d86d1ed4bde7f6f302af9eeffa2909cc5e	d5d07171e1af2ce3ea3a8cae56546e5294cfafc1	internal/datasource/connector/notion/client.go	no	adopt-upstream
M	100644	100644	b74d50d373caf052790543bd639fe503260764bc	8280fed8febd4d0827a2cb612a1b1a2cb63f3391	internal/datasource/connector/notion/types.go	no	adopt-upstream
M	100644	100644	670d0c88c0af9441a7b38f01d0e6d78e7be21ca4	35118e97152ce6d1147f326ad9be0bf651aba560	internal/datasource/connector/yuque/connector_test.go	yes:M	three-way-preserve-musuw
M	100644	100644	373f12723acd947f10e022a7c629ba88e4ee85ea	e32d98d79e5d10beaa49b6e60d613c6b17f31e46	internal/event/event.go	no	adopt-upstream
M	100644	100644	09353da585343cafbe23e75b54a327e59c2ed772	fa4557037a734a3479fd1818aa57bc0bbff78395	internal/event/event_data.go	no	adopt-upstream
M	100644	100644	ed2c112bae6fb0b31307dba958c815800afaa624	0384fcb38c8f07dc44b4d18db45a8c53eeb3d907	internal/handler/auth.go	yes:M	three-way-preserve-musuw
A	000000	100644	0000000000000000000000000000000000000000	137696b13e49bea4a3d36d8e15d07a2e5c5980eb	internal/handler/auth_change_password_test.go	no	adopt-upstream
A	000000	100644	0000000000000000000000000000000000000000	1b7b2335f648843297db736e916c86ac8bc74d8b	internal/handler/auth_oidc_start_test.go	no	adopt-upstream
M	100644	100644	7218388da024facefa548011cc1eecc92d00798d	c205dc29a769e5e5055a53477c7e6c8681ae771a	internal/handler/custom_agent.go	no	adopt-upstream
A	000000	100644	0000000000000000000000000000000000000000	982fd02a6b44c3a68156297620ae96054025c98c	internal/handler/custom_agent_sandbox_test.go	no	adopt-upstream
A	000000	100644	0000000000000000000000000000000000000000	e6d88588432b8fc04995b7deb336bfaf8f2d5906	internal/handler/deployment_capabilities.go	no	adopt-upstream
A	000000	100644	0000000000000000000000000000000000000000	2b4ff8ecff72b3ffa00bc715912664eb26f5a2fb	internal/handler/deployment_capabilities_test.go	no	adopt-upstream
M	100644	100644	a2f00749f6fa854b2ce53f11491614af12c38bc4	3afe35f32442742c2320b4b25cb5639f49b342a9	internal/handler/dto/auth.go	no	adopt-upstream
M	100644	100644	2e7f6644c672b0d5e2519c089790858fb26fbbd6	a3e4f52066ac5ab601169b494fd1ba022550081e	internal/handler/dto/datasource.go	no	adopt-upstream
M	100644	100644	23a90b7257331d020d8a1313d9d7146e09568b6f	881719f80583b69b95a0b7346a4049db326bbf4a	internal/handler/dto/tenant.go	no	adopt-upstream
M	100644	100644	cb30419aa8a67d4ef2b4df645937af7e468b8224	17fcf7feea206b2cca5d9c26b22f8a83d2ae8faf	internal/handler/dto/web_search_provider.go	no	adopt-upstream
M	100644	100644	b93b5b397864ca5330dde82dd50b54eea2f592d6	df5e1040a94b22527a7a00cfbf097b6993334fce	internal/handler/embed_channel_exchange_test.go	no	adopt-upstream
M	100644	100644	24330a88a6183393ff65e2f5253e7c279f0954ec	4613381392aee678f6c424ef1c287003ed3cb752	internal/handler/embed_resource_urls_test.go	no	adopt-upstream
M	100644	100644	f3151c46ef30590b96a6c51f60b3f00f89c72b26	c553e2e1e333c74aa7d64298c924b36dded9ef8a	internal/handler/embed_session_test.go	no	adopt-upstream
M	100644	100644	64268fa52b29accb7a6e9f4e0c296677909d94eb	2453efde41ddc35078415d66b62cebb0a2b3db08	internal/handler/im.go	no	adopt-upstream
M	100644	100644	8bf2fe5aa2c83f9ed99ea2128de8edf8abcc783a	7e4e4e8c0d4a00ab275919947895127b63a36bbb	internal/handler/knowledge.go	yes:M	three-way-preserve-musuw
M	100644	100644	387f59be06f66120b6c7bb36cd720229d7a16ae7	f531b8f3ec994dbd7c0903306b431c285e4d542e	internal/handler/knowledgebase.go	yes:M	three-way-preserve-musuw
A	000000	100644	0000000000000000000000000000000000000000	513110dc86cae6ec9612d19521d20344d951c206	internal/handler/knowledgebase_hybrid_search_resource_urls_test.go	no	adopt-upstream
M	100644	100644	e1d6e28a7e813442a0e8f52c7d855625b06cb620	4ded29b65d6528a1642264b04039c4f79a3a9c3f	internal/handler/knowledgebase_hybrid_search_test.go	no	adopt-upstream
M	100644	100644	eb6f7a2812a6c33353e107eb265d55a6b3e82cb7	9e8a7caa224145da2968326efe87e34e9a3db2dd	internal/handler/knowledgebase_not_found_test.go	no	adopt-upstream
M	100644	100644	d574b7447972a5872658f89564b0eb0a423574bc	3e470db6b63c1deb5559fbebe0966bea2f3f07b2	internal/handler/list_pagination.go	no	adopt-upstream
A	000000	100644	0000000000000000000000000000000000000000	4d0ffefacbc984ac63350a4de1c35054a7b0a732	internal/handler/list_pagination_test.go	no	adopt-upstream
M	100644	100644	9d3255f4b51188943a56d59282fdd6f2164936a5	a27b37098c90904519469af954d74c0005b71e2b	internal/handler/mcp_service.go	no	adopt-upstream
A	000000	100644	0000000000000000000000000000000000000000	b2a36ae5f06f6eb2c3190fe0be777c52816cae36	internal/handler/me_env_var.go	no	adopt-upstream
A	000000	100644	0000000000000000000000000000000000000000	68259bcc2fd25205a9e2826ce6aed6f404074dc1	internal/handler/me_env_var_test.go	no	adopt-upstream
A	000000	100644	0000000000000000000000000000000000000000	47b32eb7b8ecb9fc7cab593f0f417b9508b2cf00	internal/handler/memory.go	no	adopt-upstream
M	100644	100644	1b82aa348cd088b5bc51b4152bd56f2e2213e4ef	a018be6d86b21ee89f8d3c8a6ae468bb6ab0d0c5	internal/handler/organization.go	no	adopt-upstream
A	000000	100644	0000000000000000000000000000000000000000	6158b84ba27085a78e94eec5f938fd0d4dcd3692	internal/handler/sandbox_check.go	no	adopt-upstream
A	000000	100644	0000000000000000000000000000000000000000	5c2b5227a0e81834f53ab033a80dc4520d17b8e0	internal/handler/sandbox_check_test.go	no	adopt-upstream
A	000000	100644	0000000000000000000000000000000000000000	98e4ddcd04a88d3896710f569789f784a7232381	internal/handler/sandbox_config.go	no	adopt-upstream
A	000000	100644	0000000000000000000000000000000000000000	1e88b207d2f44306c7d8f560a550491e01cf16cc	internal/handler/sandbox_config_test.go	no	adopt-upstream
A	000000	100644	0000000000000000000000000000000000000000	d00b6bd0857cbc4757a09ca3701a479bccaa9729	internal/handler/sandbox_skill.go	no	adopt-upstream
A	000000	100644	0000000000000000000000000000000000000000	644eed7bc42a74745b33c57ddb55cdc1cb64d7be	internal/handler/sandbox_skill_env_test.go	no	adopt-upstream
A	000000	100644	0000000000000000000000000000000000000000	34b8b8f1b11662801bd90e2ffbb280f04396311b	internal/handler/sandbox_skill_test.go	no	adopt-upstream
M	100644	100644	cde73e89245c41e619681e550ded1b891dd05067	db535b224b57d32fb7d289bf186feb5ae68d65a0	internal/handler/session/agent_stream_handler.go	yes:M	three-way-preserve-musuw
A	000000	100644	0000000000000000000000000000000000000000	6186bed8b3bea9a895f489d34e805aed08c348cb	internal/handler/session/artifact_download.go	no	adopt-upstream
A	000000	100644	0000000000000000000000000000000000000000	e58a1d202b494ff345889551555df249eaed6eac	internal/handler/session/artifact_download_test.go	no	adopt-upstream
A	000000	100644	0000000000000000000000000000000000000000	1152b10bb4c15a5b9f84f869960635cbf1dc04eb	internal/handler/session/artifact_reference.go	no	adopt-upstream
A	000000	100644	0000000000000000000000000000000000000000	c17f276976a483995ad2c4f8c5b116cff274b182	internal/handler/session/artifact_reference_test.go	no	adopt-upstream
M	100644	100644	12be0cea3fa75b8c9651037e0d27ced0463a3e1b	358b4219c83b2aa3f2b573974e86b4868797c0c4	internal/handler/session/attachment_processor.go	no	adopt-upstream
M	100644	100644	37174998bf8946fba04d20dc86ea2c9b41cc6b8c	7498998f8c1b4f004131169ef4b05340522ada41	internal/handler/session/handler.go	no	adopt-upstream
M	100644	100644	dbac22269624c4f72e60d63b4b9f15bd5f61faca	2f05ee139a5ed81cb0f6538e211dc32bc25550fd	internal/handler/session/helpers.go	no	adopt-upstream
M	100644	100644	b21a7e2df82a0cdabf8839759f7a8edefdd72ff7	f9537da1200583e627030c3ef2ef5713eec8f502	internal/handler/session/helpers_test.go	no	adopt-upstream
M	100644	100644	9fac5fea3c0c9756f5a40dd13aab0f9d7d94a18b	595d524a1af5ba1a17b1a270d86c8c4e1e82c5ac	internal/handler/session/qa.go	yes:M	three-way-preserve-musuw
A	000000	100644	0000000000000000000000000000000000000000	9e4056bc25e60c0d552ce838570b7ce0f170bb58	internal/handler/session/qa_attachment_test.go	no	adopt-upstream
A	000000	100644	0000000000000000000000000000000000000000	1c6f1508313dc9dccb228bc638f6548c6863115a	internal/handler/session/quick_answer_timeline.go	no	adopt-upstream
A	000000	100644	0000000000000000000000000000000000000000	433893db5873231ee8306bc1e3514ce8b6556996	internal/handler/session/quick_answer_timeline_test.go	no	adopt-upstream
A	000000	100644	0000000000000000000000000000000000000000	2832efe0dea9208233d9f8a2d932fecafc58ba08	internal/handler/session/stream_usage_test.go	no	adopt-upstream
A	000000	100644	0000000000000000000000000000000000000000	333947aa41d11ef146643ba6ce480f6bdda516ed	internal/handler/skill_catalog.go	no	adopt-upstream
A	000000	100644	0000000000000000000000000000000000000000	8648489a9bcb4584f43ffdda5327d6c320f0a2ea	internal/handler/skill_catalog_test.go	no	adopt-upstream
M	100644	100644	56395e7a6b28a45c45a04761befa99637bb7018e	9f84c86cffcb311b512a559d5c67f140047e68e4	internal/handler/skill_handler.go	no	adopt-upstream
A	000000	100644	0000000000000000000000000000000000000000	7ffaba1331b7d3deb5c9ed4f2be2c6695c19af26	internal/handler/skill_handler_test.go	no	adopt-upstream
M	100644	100644	c55e6cf494b5c5afae48bb83d5fe97368ffc4f80	3f9add9ca111e7675997d151146d8a2b34b70fc8	internal/handler/system.go	yes:M	three-way-preserve-musuw
M	100644	100644	0084115c749f8bfa8acbdd90b3797559039cb5f1	c7e3c3c83cc5d749f7272c70d7bcfc42a426ad69	internal/handler/system_runtime_test.go	yes:M	three-way-preserve-musuw
A	000000	100644	0000000000000000000000000000000000000000	4b9af3cbf1632c33593e792c95d5c66fb8f0770d	internal/handler/system_user_create_test.go	no	adopt-upstream
M	100644	100644	5f92a329da3a41857ede47b1373cad9a231897da	5467bc0aee951a8e7e1cf79fab53a7c3626b189e	internal/handler/tenant.go	yes:M	three-way-preserve-musuw
M	100644	100644	ecce5547afecc02979b5230d3087f0134cf964cb	020cfd777f789d552536b48a7193846e0365671c	internal/handler/tenant_api_key_validation_test.go	no	adopt-upstream
M	100644	100644	73beadb780edfc615c9ceb32b2809ce880eef654	6b705526fb08c3ff69109820bba5d85096cc13e1	internal/handler/tenant_invitation.go	no	adopt-upstream
A	000000	100644	0000000000000000000000000000000000000000	66f07a9fbb135a24549c4359c5910e06413a1473	internal/handler/tenant_invitation_accept_by_token_test.go	no	adopt-upstream
A	000000	100644	0000000000000000000000000000000000000000	e950bb001d6e5d64d2e1b21b49490920502e0f39	internal/handler/tenant_invitation_auto_accept_test.go	no	adopt-upstream
M	100644	100644	445dd63f9d9ffdc5e588763ff078d93de3936dd6	cfcf6603712aab52c4b9bf5b522370d2296eee50	internal/handler/tenant_member.go	no	adopt-upstream
M	100644	100644	cd94f2b321c75fa2a4dc8fddd754024604c4418c	e3d2b6b80c1816e31c3343518f39b86588d78f0f	internal/handler/tenant_member_test.go	no	adopt-upstream
M	100644	100644	92d86afc4b3e04a519cc723483c0646a60480d14	29106a4d0a82e66536627a55834d61b2cc3e1c4e	internal/handler/wiki_page.go	no	adopt-upstream
M	100644	100644	943be0a5ed735a8b4e9bba58fad80501012eaf67	6db12da68643bd56f8c9a0fcc164308b000da113	internal/im/adapter.go	no	adopt-upstream
A	000000	100644	0000000000000000000000000000000000000000	dde8f79f76438f64441b0ffb838262c5a127c16c	internal/im/channel_agent_name_test.go	no	adopt-upstream
M	100644	100644	db574015509942785cd38b1ee54ba06e961bb41a	45d96e4bddfd3f3c71601e64e63fb9283ce1cf88	internal/im/dingtalk/adapter.go	no	adopt-upstream
M	100644	100644	216de9bab31ecca75438f53f42797925a8900dda	1c33cac2d26d37f8d84e0818dd1ede2dc77ba4bc	internal/im/dingtalk/adapter_test.go	no	adopt-upstream
M	100644	100644	a3a8f6d721da90b9b21af13ce2ae91c7287be365	1eeb5dee9999f22f43944cb42d87349651ea7950	internal/im/dingtalk/download_test.go	no	adopt-upstream
M	100644	100644	0b7449542d96f0080015911c3d9d9b0cb160abf9	6b6d124ccfe6c4907f2a4560342cbc4d40ce9341	internal/im/feishu/adapter.go	no	adopt-upstream
M	100644	100644	b40501cec891c14da235afb42ee445320bdf2e23	c9ef1c4a7063b72c18041e66f0a7808519086d44	internal/im/feishu/factory.go	no	adopt-upstream
M	100644	100644	342f42b1d1b008b942be3d900682c77d5c6d5c60	40873398309c1d23c9a915a9dbf2ce4fd34e5804	internal/im/feishu/longconn.go	no	adopt-upstream
M	100644	100644	8671927e6927af80de6f4e68f6ee43deaf5fe304	53f1dc9f8c2277ba739a734efdb71f2ebe379810	internal/im/feishu/region_test.go	no	adopt-upstream
M	100644	100644	4322519befe37aeaa5d395c67945e9d147b2e62d	762e2262c2948030de458775f368ab11bd1a9347	internal/im/feishu/send_e2e_test.go	no	adopt-upstream
A	000000	100644	0000000000000000000000000000000000000000	3653fb612c9c2d640b657b6fb9e89a693238f263	internal/im/file_message_test.go	no	adopt-upstream
M	100644	100644	751eecc3cadc213dfca8a237681f3a14028f2527	0fd3811238c36d39c65fcb7b5656302ee03ad05f	internal/im/mattermost/adapter.go	no	adopt-upstream
M	100644	100644	ca79501e917780992a95582d57a02de976fe5aab	7e468c3c213ca3df3789f9099f47f1c92d0b736b	internal/im/qqbot/longconn.go	no	adopt-upstream
M	100644	100644	6e57005200731962736dc0d685d5c5b417bf50cc	a960720048c23dc873dda1722018560693dcc03c	internal/im/service.go	no	adopt-upstream
M	100644	100644	0da73b4c6812cf2920703c08c8a9264c14796953	4501fe53aa9254955b1fde8e9c4a49adf13421a2	internal/im/slack/adapter_test.go	no	adopt-upstream
M	100644	100644	83dd412aae84182f8ab6643275f8e8a362264bcc	915ea326169e70be8d3d047fe31eab544df3bc5b	internal/im/stream_display_test.go	no	adopt-upstream
M	100644	100644	6dd46b7c2ad4f469abebdc456840a7441fd9d539	e82c2a0aa1cc3dedf664e401123b64015ef25f9e	internal/im/stream_test.go	no	adopt-upstream
M	100644	100644	cbb0d042460cc61c38467e5dc90c284dbcd6f631	998594694b31e48f261b089179276c86f79fdc4f	internal/im/telegram/adapter.go	no	adopt-upstream
M	100644	100644	363736778dace0af59d166a965c3026935c4d5f0	7d85d5e5caf21d0f34cefbf3885a32dfeb35a252	internal/im/telegram/longconn.go	no	adopt-upstream
M	100644	100644	46198a121cbe152e10b3351eea43181f8c2ef409	25f5b600459bdecb2ac89c38a74189af81689795	internal/im/think_test.go	no	adopt-upstream
M	100644	100644	204c7a7ebef191422c81b25c849b15690d8a5ead	992293f4832a5e3c99ed2867203ebc512d73d70c	internal/im/tool_display.go	no	adopt-upstream
M	100644	100644	94ada0762ee043f19f69061e9595e1de71667996	e6a0f380e9f1f84a5d578f6d047bf3b98627bbe6	internal/im/tool_display_test.go	no	adopt-upstream
M	100644	100644	4a3c3fdb0d001e9f10fcb0f603ec5a7d21aec9d6	52411069246f17dffb3cb15683884056f7c40e77	internal/im/wechat/adapter.go	no	adopt-upstream
M	100644	100644	b7358c3b968bd6fc2856da5ee28a0f4c8b447038	e892279e6bd09e2ee841278ca78a35ebc5e84ba3	internal/im/wechat/longpoll.go	no	adopt-upstream
M	100644	100644	176de300adf36b0b111603e84e289313fb3e4251	3bed70173f9ef5ea14d506a329ed78acedb05d71	internal/im/wechat/qrcode.go	no	adopt-upstream
M	100644	100644	b545c90dc1ffbef32b1dcda8873423d1489268c1	3ecd6cf451a7dcf8eeafa1f9ccb8fc32e4075e83	internal/im/wecom/longconn.go	no	adopt-upstream
M	100644	100644	ce58031cc61ca5c5f764080a4f3724edfa25ff77	f38c6be1acedacc0dda08948aa1f3c89fe359bc4	internal/im/wecom/quote_test.go	no	adopt-upstream
M	100644	100644	1166eb850dac56f67bed6d58f84f390fa5471d47	963f62a8ed580fdf5ca84af2e1adb09e622794d7	internal/im/wecom/webhook_adapter.go	no	adopt-upstream
A	000000	100644	0000000000000000000000000000000000000000	0e8a35e62759d23996717475e40d85fa0b5a94df	internal/im/wecom/webhook_adapter_test.go	no	adopt-upstream
M	100644	100644	c9aae1d8e1562029c6a83277092d73d5cea28048	7492609401970f2de729e326b31855cc671e27b6	internal/im/yunzhijia/adapter.go	no	adopt-upstream
M	100644	100644	702f3cf07f8696e151b966fd93e294353273920b	c1c739d91911f16d287a27d78e96d82c4e7f9f18	internal/im/yunzhijia/adapter_test.go	no	adopt-upstream
M	100644	100644	f7b86f669d0d882d22cb97fd119ac68d3deb8400	7fdb4bad394780a7526ab8ab0835f8fa3dde8774	internal/im/yunzhijia/types.go	no	adopt-upstream
M	100644	100644	fd953b27c57be70d131cfc262ca5ba058003c50b	e60d6c4a2aa07be09ae9b2b6e3f1c069986b0fe2	internal/infrastructure/chunker/patterns_test.go	no	adopt-upstream
M	100644	100644	9fc8d319cf29dfdd83c6f1e7ca44d26f7c86ac16	053bf39573ab4d20498f1319c4d0a0de96d092c5	internal/infrastructure/chunker/strategy.go	no	adopt-upstream
M	100644	100644	91677c75fe595ce803937117d9bcf6f6b4ec779c	4c565ec00390ec9feac4e010348cdfa5c1c86275	internal/infrastructure/chunker/strategy_test.go	no	adopt-upstream
A	000000	100644	0000000000000000000000000000000000000000	5965f26e6dcc7a4a654b054d2b7e477f1e69d140	internal/infrastructure/docparser/anydoc/anydoc.go	no	adopt-upstream
A	000000	100644	0000000000000000000000000000000000000000	b54024e4372cea40b57520d0bce206f858166e5e	internal/infrastructure/docparser/anydoc/anydoc_test.go	no	adopt-upstream
A	000000	100644	0000000000000000000000000000000000000000	4a1040222fcd341e24f3824664a0976d6602689f	internal/infrastructure/docparser/anydoc/backend_cgo.go	no	adopt-upstream
A	000000	100644	0000000000000000000000000000000000000000	2f36ccae2ac490844136550a75db3fd0379c344f	internal/infrastructure/docparser/anydoc/backend_stub.go	no	adopt-upstream
A	000000	100644	0000000000000000000000000000000000000000	daf8512fbf9c93f2ec88572fa0ac20df6d7989c1	internal/infrastructure/docparser/anydoc/convert_linked_test.go	no	adopt-upstream
A	000000	100644	0000000000000000000000000000000000000000	10a38e472c229fe40b31569864586d673aa43222	internal/infrastructure/docparser/anydoc_reader.go	no	adopt-upstream
A	000000	100644	0000000000000000000000000000000000000000	d09bf4aeb90939870db2164c3cf49b9b5e81b845	internal/infrastructure/docparser/anydoc_reader_test.go	no	adopt-upstream
A	000000	100644	0000000000000000000000000000000000000000	d3bc5cf874b05038bddaa7964d104a917eb91204	internal/infrastructure/docparser/doc.go	no	adopt-upstream
M	100644	100644	4d59f966095da32760a32bda5cdd01dd1be3559f	998792182315bde7497b415eeec6f67bf7782612	internal/infrastructure/docparser/engine_registry.go	no	adopt-upstream
A	000000	100644	0000000000000000000000000000000000000000	2b37b06d9a0bff67ff6c6e1573d2b2fc59731191	internal/infrastructure/docparser/engine_registry_reader_test.go	no	adopt-upstream
M	100644	100644	f2a9b07bca3e06608f2901585075b59491e82a05	26ba84e7573ca7552dddec71b6535738de07acc4	internal/infrastructure/docparser/engine_registry_test.go	no	adopt-upstream
A	000000	100644	0000000000000000000000000000000000000000	0dafa648d2bd4fda413367f4ba1219379ec2ba91	internal/infrastructure/docparser/engines.go	no	adopt-upstream
M	100644	100644	7d0267d8e5f7046be38b341de95d35e40b6975e0	aeca68e60f08c54d81fe384032bce1a133cbdd6b	internal/infrastructure/docparser/http_parser.go	no	adopt-upstream
M	100644	100644	4527dca3e52b54bd56e57f91f92a1caebd7778bc	a2231b364489b664eec59367cafaa11c602085a0	internal/infrastructure/docparser/json_converter_test.go	no	adopt-upstream
M	100644	100644	ba902aee9dcfd0ce299da74a799390fcf6021960	1c7f1372a453546803e49c3c50f1b562dd13e5a4	internal/infrastructure/docparser/mineru_converter.go	no	adopt-upstream
M	100644	100644	0df9ff0cc2b484be3bb98d65f095adcb6d1c24fa	4310d9fdb8e00da78f7dcc60d7aa3c723be34f13	internal/infrastructure/docparser/mineru_converter_test.go	no	adopt-upstream
M	100644	100644	9beba0389b01c5934ac8225c51be82f21b8bded7	98cfc01336c4cb01ad2058a22393576cf98d90b4	internal/infrastructure/docparser/paddleocr_vl_cloud_converter.go	no	adopt-upstream
M	100644	100644	5ab7fdcb9a469ef643aa7dbbb0b4d053b5cffc45	313d3b74e74cc8a6f8a5066838f1d011c8018b8d	internal/infrastructure/docparser/paddleocr_vl_converter.go	no	adopt-upstream
M	100644	100644	866085f783088f63af031673f5b41d7b1827dc68	f19ef7106e9a9e66d8f8620a761a57b08c48390b	internal/infrastructure/docparser/weknoracloud_http_reader.go	no	adopt-upstream
M	100644	100644	3b2ce698f6b34a19a0812ec763940f032f4a1243	3a8490e12fdad5b6b556643e303da4d68cbdb125	internal/infrastructure/web_search/baidu.go	no	adopt-upstream
A	000000	100644	0000000000000000000000000000000000000000	5e04520940cf1a6d7d3c2ca31b585b414b2e1cf6	internal/infrastructure/web_search/exa.go	no	adopt-upstream
A	000000	100644	0000000000000000000000000000000000000000	23544c159e8bb13b5adfb74748fa11d66f2bcb88	internal/infrastructure/web_search/exa_test.go	no	adopt-upstream
A	000000	100644	0000000000000000000000000000000000000000	e3fa5f05eb5fd4c6a3e45ce2c77edf19af469fca	internal/infrastructure/web_search/metaso.go	no	adopt-upstream
A	000000	100644	0000000000000000000000000000000000000000	0ceed0bfdf111104c65a66caf3b436643a924c53	internal/infrastructure/web_search/metaso_test.go	no	adopt-upstream
M	100644	100644	c555597ad47b02916bc82926b3cbf2743f4499eb	b4e3fa8fefe5fee05e41daa91397aeb42b66ac98	internal/infrastructure/web_search/ollama.go	no	adopt-upstream
M	100644	100644	d7bc06890feb274ff6aeeabc9a94aad4ed47d786	3dc3881664a57da80128a83d89123b73258b0876	internal/infrastructure/web_search/proxy.go	no	adopt-upstream
M	100644	100644	46f318d134fb03da42f1035bfe62f79ca76111f7	9a2fc121b57ab938eb914b9392984d857550b3d3	internal/infrastructure/web_search/proxy_test.go	no	adopt-upstream
M	100644	100644	919005c939b7360ab1bb48db35cc82ac5ef5a1d9	74cdbd7dbd1a0d90286bbb27d046d94e39b778de	internal/infrastructure/web_search/test_errors.go	no	adopt-upstream
M	100644	100644	8540b85e6e522c61c961600e6049350c3fcafb0f	7433fc2d61c9aebb5f5480954f5355b1bca6e59f	internal/infrastructure/web_search/test_errors_test.go	no	adopt-upstream
M	100644	100644	12ddd55ba7821ac5b5e3f2b28aede805f61da308	4058a8421229f73f803ad940067e19f26b5b2fb8	internal/logger/llm_logger.go	no	adopt-upstream
M	100644	100644	6cf9d1d9c5a089a9fda469bd87b0efb939ca6ba4	d7ff2d45e13e1dafad1b4974798696b465dd15c9	internal/logger/logger.go	no	adopt-upstream
M	100644	100644	841b2bb9afd18bae1f203b4a0d2e5e7ea0bfd291	ff9663b4843d662280bc8cfb1493177d3d4dbee6	internal/logger/logger_test.go	no	adopt-upstream
M	100644	100644	63b2bb94378cc90412ee36b56edfaa280dfe90d7	c49962f9d99b463afdc4478b54b5e525045077f1	internal/mcp/client.go	no	adopt-upstream
M	100644	100644	761e5fd194310122d7d63fa377b023f99d088521	0791e4aadb147c55a63bfa41993575194cb8692b	internal/mcp/oauth_manager.go	no	adopt-upstream
A	000000	100644	0000000000000000000000000000000000000000	d614e3ff38980c86e80b09877c84a4c5a02229cd	internal/mcp/security.go	no	adopt-upstream
A	000000	100644	0000000000000000000000000000000000000000	b79ecc8c64b9abc22e346a627670574492e7fdf1	internal/mcp/security_test.go	no	adopt-upstream
M	100644	100644	2ea5a54ee82baf0dab97c798364f202e4634b7bc	f9ac6f6a2f157085be261eda814b87918aa36060	internal/middleware/auth.go	yes:M	three-way-preserve-musuw
M	100644	100644	b47cec1d1f28a96117723f18c5def6fe4645c8a3	d756f16d50c56eadd4ca0429c536be12f032bd51	internal/middleware/auth_context_test.go	no	adopt-upstream
M	100644	100644	70c9f29397c067b567a862fc1e775087518cfff2	9e02193fe7bd0fb54e653320df87e05aa385c6dc	internal/middleware/embed_auth.go	no	adopt-upstream
M	100644	100644	b11d7ab94e240bec3fdc088430a776c6fddc1b38	d552ab8f24af876d07bbfbf743a77fa802b9b804	internal/middleware/kb_access_test.go	no	adopt-upstream
M	100644	100644	ad7c5b920c8e2f5ef2d8059d3df46c7231076954	4f1569a37ad854fde404e7869fb72f4ac108117b	internal/middleware/logger.go	yes:M	three-way-preserve-musuw
M	100644	100644	765f7eeb81e52c7a4e055b30cb80b28640d91853	7a31790740e907fa783cae6c8c392bf152a0165a	internal/middleware/recovery.go	no	adopt-upstream
M	100644	100644	80d358d6c53f770aa3a0aa9afed1a23b16294280	1d9b6bbd7fe333c1feb7d4891d473480cfe0f1d4	internal/modelcontext/model_output.go	no	adopt-upstream
M	100644	100644	591e1f61846845fdcf54e987b310f433c5f45dc7	233f70ebe38684d17ec894abcdb70848524ce72c	internal/modelcontext/registry.go	no	adopt-upstream
M	100644	100644	061dc4b5e6a84283b3d1af17c6b60644f24bf437	dd7e4f09fa9dcf4a730f94f6cc2f07b2cdb38a8a	internal/modelcontext/registry_test.go	no	adopt-upstream
M	100644	100644	867a64ef49ecfab639485e9ceca26e4c61c1f153	3577eb09acfaa8aec2ce1de73c15c058dacff06f	internal/modelcontext/tool_policy.go	no	adopt-upstream
M	100644	100644	9364cb710a53185e695e1a99c7d118b4831bddbc	02b93d0f02b0fc37566055c6b6983d3c1439a9a8	internal/models/chat/remote_api.go	yes:M	three-way-preserve-musuw
M	100644	100644	8496bd1f392c2ee1a01b7a960f11a16f15b48a89	91b3dc26c656b0f870473bb4cd0e9c2d4cebda17	internal/models/chat/transport.go	yes:M	three-way-preserve-musuw
M	100644	100644	aed550afbdd4dc96420a6285318b63e8e217969b	f51189e02505ec409afdd0491057dd7d2deaaa78	internal/models/chat/usage.go	no	adopt-upstream
A	000000	100644	0000000000000000000000000000000000000000	0425260a5068967e147c378112d4a239309e492e	internal/models/chat/usage_attribution_test.go	no	adopt-upstream
M	100644	100644	551406a63018295bbbfe4002f5f21d6bbe5d7b2b	5ea3358aae795e22b28c029d240c1e3670310858	internal/models/embedding/transport_test.go	no	adopt-upstream
M	100644	100644	d2285056bd503d0afb449e0123c51f4ff01fceae	f5c855442b05715fe990f99bc4960bc16df6cd63	internal/models/embedding/weknoracloud.go	no	adopt-upstream
A	000000	100644	0000000000000000000000000000000000000000	fe221c4e7ded30bfb97cf7f8e4e7ae81184ae36b	internal/models/embedding/weknoracloud_test.go	no	adopt-upstream
M	100644	100644	71f1c698a412a4ec59613b7050f85ac1338e24dd	6d4515c3546779f32e888657b8ac9355f8a819dd	internal/models/provider/novita.go	no	adopt-upstream
M	100644	100644	f62e7856f558aa91a193f00a8e50636acb00d4f9	1905cb3a098e6e1f1e75ff8b08af6d04441db821	internal/models/rerank/langfuse_wrapper.go	no	adopt-upstream
M	100644	100644	c707ca415642af2196102332e5e4d5bff35eb1d2	0d85d19b3cf760c1c1d20b887466c3dd3fb91506	internal/models/vlm/langfuse_wrapper.go	yes:M	three-way-preserve-musuw
M	100644	100644	a05d1a94265f53273586731ca5d2ebdd93b72a28	2c9afbd7b9a84dc6bfffb4ecf95f6b4f54aea706	internal/models/vlm/ollama.go	no	adopt-upstream
M	100644	100644	6b511282302808694478640523e5131615056194	2544d11af5bdd6dbbddf4ebc8e356ed27cabf613	internal/models/vlm/remote_api.go	yes:M	three-way-preserve-musuw
A	000000	100644	0000000000000000000000000000000000000000	c376abbd609263358ba64214ea899a8ea4637fa4	internal/models/vlm/remote_api_reasoning_test.go	yes:A	three-way-preserve-musuw
A	000000	100644	0000000000000000000000000000000000000000	9daffaaac6bc6ff6fd95dbe9f5737f363d2e32ee	internal/router/deployment_capabilities.go	no	adopt-upstream
A	000000	100644	0000000000000000000000000000000000000000	041c7069253deb7a2e1cb3b6668cca27f12b3bec	internal/router/deployment_capabilities_test.go	no	adopt-upstream
M	100644	100644	20c059f0bf286938550b333a87931d289b0d0dce	ff8e857dfb18b1e048560f943c4eaf72e821f2a2	internal/router/files.go	no	adopt-upstream
M	100644	100644	3820a1147eba1da2f7db37f49ba9a2c7d3b35daa	ce872ead66af469c24390c8a59209ef389c042fc	internal/router/rbac.go	no	adopt-upstream
M	100644	100644	90e950687f2431bc614071ea2c1fe84a28b6d60a	1e587b567a16bc5b29d21805792f7f33e349140c	internal/router/router.go	yes:M	three-way-preserve-musuw
M	100644	100644	5127a606462101a9dda90af3349c597667620abd	c9b9c421d49b72df3626e9438c476cd6998c7516	internal/router/router_api_key_capabilities_test.go	yes:M	three-way-preserve-musuw
M	100644	100644	1d3718ae9c706892652304e0a66c6e958c7affa1	b5f2b91529a33f82b5dbe35dfdb31eece4623811	internal/router/router_api_key_management_test.go	no	adopt-upstream
M	100644	100644	d818d734ff7b068b9c47b142228fa7c862f93640	22b3b12a0c067f476ff54f2a1305423b8f6adb00	internal/router/router_files_test.go	no	adopt-upstream
M	100644	100644	37a9158db395e959191c51765dfd06e74c0787fe	e1157b85c5e21d20d92fe2ad8d42caa9992580a3	internal/router/routes_agent.go	no	adopt-upstream
M	100644	100644	97370ce2f75693585d459faa2a47e9d3e9c9d741	d495723d83c2bdb75a42fa6c860f3a67e110692a	internal/router/routes_auth_tenant.go	yes:M	three-way-preserve-musuw
M	100644	100644	dfd23af17634b55f0512611f55f630b3c294af52	8cd2cc78cdfae4d0b7efa67249d4e71a2809eb4d	internal/router/routes_chat.go	no	adopt-upstream
M	100644	100644	784d2a5f286ef47b190db83aa77a65e7ce8076a0	065d7346f78b902dfcd2b778fd468e3a2ecc6206	internal/router/routes_infra.go	yes:M	three-way-preserve-musuw
A	000000	100644	0000000000000000000000000000000000000000	60024efafc9ec6a7f62d44400cff5f2f07f1d8f3	internal/router/routes_memory.go	no	adopt-upstream
M	100644	100644	c31650032635e28dc0fac044bd1caf1b6aa2bd00	e65b96a2ff7b6ccc294f6064005f05e9ba529f53	internal/router/sync_task.go	yes:M	three-way-preserve-musuw
M	100644	100644	3097fa2abb6f4dd04572f78fc2bad7e14e412a8d	7dcd6d3f3a07d3b9e700775acd42ca614fc673c2	internal/router/task.go	yes:M	three-way-preserve-musuw
A	000000	100644	0000000000000000000000000000000000000000	4067fcae4babe2b878660bfc2acc165b412a06e0	internal/sandbox/capabilities.go	no	adopt-upstream
A	000000	100644	0000000000000000000000000000000000000000	184293bc9cc3456560b9134bd124b4e6734b8a46	internal/sandbox/check_client_guard_test.go	no	adopt-upstream
A	000000	100644	0000000000000000000000000000000000000000	16ff8e70abcb283cee4a60febd34c31353c35019	internal/sandbox/config_identity.go	no	adopt-upstream
A	000000	100644	0000000000000000000000000000000000000000	8d26c0849d9848c7f481a26dba160835d5a6245b	internal/sandbox/config_identity_test.go	no	adopt-upstream
A	000000	100644	0000000000000000000000000000000000000000	5403315333bfaf414c6f412f70b7a6d031dd2c9c	internal/sandbox/config_required.go	no	adopt-upstream
A	000000	100644	0000000000000000000000000000000000000000	0f57a77ae343d2a9ffca112509e0edc8878fb3b5	internal/sandbox/config_sandboxes.go	no	adopt-upstream
A	000000	100644	0000000000000000000000000000000000000000	ed34c60acb4490937ec274e853a89460fdb5cc30	internal/sandbox/config_sandboxes_test.go	no	adopt-upstream
A	000000	100644	0000000000000000000000000000000000000000	43ad1bc6f6dc40bd65ebdd28ba90c61086c5cdb0	internal/sandbox/cube_dns.go	no	adopt-upstream
A	000000	100644	0000000000000000000000000000000000000000	36293f601890b2f619fdc46f982b3d7f6ef2af52	internal/sandbox/cube_dns_test.go	no	adopt-upstream
A	000000	100644	0000000000000000000000000000000000000000	01c54f21fa4b4cda5540949323b28f32eb10d622	internal/sandbox/cube_egress_integration_test.go	no	adopt-upstream
A	000000	100644	0000000000000000000000000000000000000000	b68a9f211167d50adc7db4db7996da143bc04095	internal/sandbox/cube_integration_test.go	no	adopt-upstream
A	000000	100644	0000000000000000000000000000000000000000	baa6c5c59c2d84e68bd546ab570f1bb643faf3f8	internal/sandbox/cube_mock_test.go	no	adopt-upstream
A	000000	100644	0000000000000000000000000000000000000000	c10de2fb441aeb7af91a1bc3bf541c22e84e1056	internal/sandbox/cube_remote_client.go	no	adopt-upstream
A	000000	100644	0000000000000000000000000000000000000000	c5eca9104c0db9f59041f312d52a56aab85b7f90	internal/sandbox/cube_remote_client_test.go	no	adopt-upstream
A	000000	100644	0000000000000000000000000000000000000000	fd57596f0111532eb468c0362c7850445eecce74	internal/sandbox/cube_template_catalog_test.go	no	adopt-upstream
D	100644	000000	11e82a5cd1ef608f1f6ce9411e0e394fb6e80a26	0000000000000000000000000000000000000000	internal/sandbox/docker.go	no	adopt-upstream
A	000000	100644	0000000000000000000000000000000000000000	c5e07d13b2f6bc69f3f951402a4139f8d7508551	internal/sandbox/docker_engine.go	no	adopt-upstream
A	000000	100644	0000000000000000000000000000000000000000	74c69ed63b7cba02f40390afa42a0682faed0429	internal/sandbox/docker_host.go	no	adopt-upstream
A	000000	100644	0000000000000000000000000000000000000000	5eb9218bd9c76710030c7086b7ebf7e346912c44	internal/sandbox/docker_host_test.go	no	adopt-upstream
A	000000	100644	0000000000000000000000000000000000000000	10b4bbf7eed45d295d7109bd51562bc374436d3c	internal/sandbox/docker_idle_sweeper.go	no	adopt-upstream
A	000000	100644	0000000000000000000000000000000000000000	723bcd82b37c78b4435fb5c8c29f4d77c49c9017	internal/sandbox/docker_idle_sweeper_test.go	no	adopt-upstream
A	000000	100644	0000000000000000000000000000000000000000	7575de36ac077a2a12ca80efff0be179be031932	internal/sandbox/docker_integration_test.go	no	adopt-upstream
A	000000	100644	0000000000000000000000000000000000000000	0f82ca4ceb51905d78ea42234edc0b7cae1e2a8d	internal/sandbox/docker_remote_client.go	no	adopt-upstream
A	000000	100644	0000000000000000000000000000000000000000	ecb8ba5b325e68edddc72cb2a9cf15828b35517f	internal/sandbox/docker_remote_client_test.go	no	adopt-upstream
A	000000	100644	0000000000000000000000000000000000000000	0fb892d7ac2b0ce3e38491a730789d0e302c9e47	internal/sandbox/docker_rpc_timeout.go	no	adopt-upstream
A	000000	100644	0000000000000000000000000000000000000000	bd2f70fbd3f88b73621f6af26f6b469bfff5e853	internal/sandbox/docker_snapshot.go	no	adopt-upstream
A	000000	100644	0000000000000000000000000000000000000000	8f731d0fab8d004df4d407c34954a0c41f440c5f	internal/sandbox/docker_snapshot_test.go	no	adopt-upstream
A	000000	100644	0000000000000000000000000000000000000000	b17a89bdfb61aecf8c3d835e07944766754059c7	internal/sandbox/docker_template_catalog.go	no	adopt-upstream
A	000000	100644	0000000000000000000000000000000000000000	0919e695f81d9a54dabcf87d2201973171beb54e	internal/sandbox/e2b_compatible_integration_test.go	no	adopt-upstream
A	000000	100644	0000000000000000000000000000000000000000	6c575529de06bb2358ab4f17303b7f9783153f94	internal/sandbox/e2b_integration_test.go	no	adopt-upstream
A	000000	100644	0000000000000000000000000000000000000000	f835044f9aa0b4b5ffbd33d512c7af654fc695ca	internal/sandbox/e2b_remote_client.go	no	adopt-upstream
A	000000	100644	0000000000000000000000000000000000000000	09737b58a8e38ccf8c2eb2ae2531a4d2e8a07130	internal/sandbox/e2b_remote_client_test.go	no	adopt-upstream
A	000000	100644	0000000000000000000000000000000000000000	4f3783c5f7158bc97bc5176c6f849108fbf877eb	internal/sandbox/envd_compat_transport.go	no	adopt-upstream
A	000000	100644	0000000000000000000000000000000000000000	d06226f4d643f2fe010cd4984e1d102927609aa5	internal/sandbox/envd_compat_transport_test.go	no	adopt-upstream
A	000000	100644	0000000000000000000000000000000000000000	90525d26b338add893b4e7e1cf37c27839e9f0d2	internal/sandbox/gateway_transport.go	no	adopt-upstream
A	000000	100644	0000000000000000000000000000000000000000	db09985e0ba11c78935a3b51f4aee6ff03d3a6ba	internal/sandbox/gateway_transport_test.go	no	adopt-upstream
D	100644	000000	80a4591e41b577e41e8ee62ce548ac2996a1cef8	0000000000000000000000000000000000000000	internal/sandbox/local.go	no	adopt-upstream
D	100644	000000	ec03e6a367c808d310b8ba3b0ba0b25ca9f708c0	0000000000000000000000000000000000000000	internal/sandbox/local_unix.go	no	adopt-upstream
D	100644	000000	17141b0c291a0269ee4e3b13f74c4f09467034e5	0000000000000000000000000000000000000000	internal/sandbox/local_windows.go	no	adopt-upstream
M	100644	100644	afd330e68c8fe16ea144d4ee85ff0fedaa8a9bc1	266a2a5656d6f1010daa3ecf56387272cb7ecf08	internal/sandbox/manager.go	no	adopt-upstream
A	000000	100644	0000000000000000000000000000000000000000	b6dfc5d50da14ec83a00f21922b7de387835e1be	internal/sandbox/orphan_reaper.go	no	adopt-upstream
A	000000	100644	0000000000000000000000000000000000000000	ca30a26e848503211aefbbfb31e42feec9a8c092	internal/sandbox/orphan_reaper_test.go	no	adopt-upstream
A	000000	100644	0000000000000000000000000000000000000000	244fa07d425418f8f80025668dec51106d753cf1	internal/sandbox/remote_client.go	no	adopt-upstream
A	000000	100644	0000000000000000000000000000000000000000	11506cc3538aea0c81f777d1f77527bb7a8fc4fa	internal/sandbox/remote_client_test.go	no	adopt-upstream
A	000000	100644	0000000000000000000000000000000000000000	b504124011bbf2e43e20e9905654e40a1dc2cdea	internal/sandbox/remote_errors.go	no	adopt-upstream
A	000000	100644	0000000000000000000000000000000000000000	cc7df8316ed2d76f81edd74be82656be052ffc3b	internal/sandbox/remote_errors_test.go	no	adopt-upstream
A	000000	100644	0000000000000000000000000000000000000000	df103504ea69122a4383d1538fbd49535ffa73f0	internal/sandbox/remote_fake_test.go	no	adopt-upstream
A	000000	100644	0000000000000000000000000000000000000000	e5257b369c8e164db144093bd5621ce2bc75be30	internal/sandbox/remote_sandbox.go	no	adopt-upstream
A	000000	100644	0000000000000000000000000000000000000000	fbb1eb9789b4759c498a04dad95043262814e858	internal/sandbox/remote_sandbox_test.go	no	adopt-upstream
A	000000	100644	0000000000000000000000000000000000000000	e4bd8d69c5b423590ba75270dc657abef8f69950	internal/sandbox/remote_snapshot_test.go	no	adopt-upstream
A	000000	100644	0000000000000000000000000000000000000000	a5ae97b83497dc109e987597186e11193671846b	internal/sandbox/runtime_defaults.go	no	adopt-upstream
M	100644	100644	29f22cf62c14c5c4ec3631e449f673ffabf6a206	7a33bd982d8b37db2c5b1b1ac417655f6877de82	internal/sandbox/sandbox.go	no	adopt-upstream
M	100644	100644	dfc1383cefd1a600762df006af6383e6cbeb75fb	7ae9392ffd78317cb52472d2f0781ef78dffa293	internal/sandbox/sandbox_test.go	no	adopt-upstream
A	000000	100644	0000000000000000000000000000000000000000	5c8b39acd253e64cba2285888ca9e0ae6de7a79e	internal/sandbox/session_binding.go	no	adopt-upstream
A	000000	100644	0000000000000000000000000000000000000000	377f5ac2b70b6b1ce8e9fffcc73ec06cf703c442	internal/sandbox/session_binding_redis.go	no	adopt-upstream
A	000000	100644	0000000000000000000000000000000000000000	39c02b84af1bf73eb19762d2875c8eb2d14ec10f	internal/sandbox/session_binding_redis_test.go	no	adopt-upstream
A	000000	100644	0000000000000000000000000000000000000000	593650f8649e14264f400300d40be32e80e6b7d5	internal/sandbox/session_binding_tenant_test.go	no	adopt-upstream
A	000000	100644	0000000000000000000000000000000000000000	b3902054eacfebf8fffe313a805b680c73741c97	internal/sandbox/session_binding_test.go	no	adopt-upstream
A	000000	100644	0000000000000000000000000000000000000000	467ea5e37e8d7bb8064160d78a35d5847b3663aa	internal/sandbox/session_lifecycle.go	no	adopt-upstream
A	000000	100644	0000000000000000000000000000000000000000	c0dcbc6d05cd7944ab9b9f37248ca6539de1976e	internal/sandbox/session_lifecycle_test.go	no	adopt-upstream
A	000000	100644	0000000000000000000000000000000000000000	9c8215662b36393a4bdad63dd10890a9bb6c8798	internal/sandbox/session_manager.go	no	adopt-upstream
A	000000	100644	0000000000000000000000000000000000000000	26da57f4514615e697e8defda964b709a29d8338	internal/sandbox/session_manager_test.go	no	adopt-upstream
A	000000	100644	0000000000000000000000000000000000000000	7af59e620a8a50ec1def3c4d76ed6e345bfd611c	internal/sandbox/shell_quote.go	no	adopt-upstream
A	000000	100644	0000000000000000000000000000000000000000	7a039079bea9596460a287e720a988345a0153aa	internal/sandbox/shell_quote_test.go	no	adopt-upstream
A	000000	100644	0000000000000000000000000000000000000000	c1ba8d16a0abe04be34a972788f68edb0b4382bf	internal/sandbox/skill_image.go	no	adopt-upstream
A	000000	100644	0000000000000000000000000000000000000000	0102e66e4223d57f613c02af0fe5a8739aba818e	internal/sandbox/skill_paths.go	no	adopt-upstream
A	000000	100644	0000000000000000000000000000000000000000	efb37e50873f579957ca00cf7d207978d015d7c0	internal/sandbox/skill_paths_test.go	no	adopt-upstream
A	000000	100644	0000000000000000000000000000000000000000	669566220e785bfa6ea7006a88395055942c08e0	internal/sandbox/template_catalog.go	no	adopt-upstream
A	000000	100644	0000000000000000000000000000000000000000	a255ae6cbfd4c1059263fe96c275629f21d60be7	internal/sandbox/template_catalog_test.go	no	adopt-upstream
A	000000	100644	0000000000000000000000000000000000000000	53dfe29e4e7db91567bf873499c1339c62fc39b1	internal/sandbox/tenant_config.go	no	adopt-upstream
A	000000	100644	0000000000000000000000000000000000000000	b5596fcde3b4ba534df1287dd8375ad144b5f627	internal/sandbox/tenant_config_test.go	no	adopt-upstream
A	000000	100644	0000000000000000000000000000000000000000	dd3653cc142b1b8473ef417ea125d981dbf0efbe	internal/sandbox/tenant_resolver.go	no	adopt-upstream
A	000000	100644	0000000000000000000000000000000000000000	3813916e667c28a6a3ac33f2f5ad68b27a27670c	internal/sandbox/tenant_resolver_test.go	no	adopt-upstream
A	000000	100644	0000000000000000000000000000000000000000	838fc67c9c6cd843198015b3c3eb3035ed73a410	internal/sandbox/url_guard.go	no	adopt-upstream
A	000000	100644	0000000000000000000000000000000000000000	304f6a3002623e7274789952d8be96bfe6850bb3	internal/sandbox/url_guard_test.go	no	adopt-upstream
M	100644	100644	a8fd3a9441323ebef590d4016c6662c12c17b6b2	67b461559e6540503af69289e37fc27de7410ac8	internal/sandbox/validator_test.go	no	adopt-upstream
M	100644	100644	7c8669b0f7d3607c24195fea4f1d8cbe2a8f9b56	a8149577b7325a87fd0f558e4904a5eae71409c8	internal/searchutil/chunkmerge.go	no	adopt-upstream
M	100644	100644	e8982bb8648e01f0b7a1399d653b34ab346e3318	17de0dbe8cda870ca2c899b136ca1023dfa4d454	internal/searchutil/chunkmerge_test.go	no	adopt-upstream
M	100644	100644	7cba563fd566b902e50ce4dc2fabd5bbc7fcf3c3	487563aea15991072f5c72bce047964a15843e03	internal/searchutil/imageinfo.go	no	adopt-upstream
A	000000	100644	0000000000000000000000000000000000000000	6d4e414959cb661841a46a2c8bbf844b7ab020d1	internal/searchutil/imageinfo_disabled_test.go	no	adopt-upstream
A	000000	100644	0000000000000000000000000000000000000000	304741364e7e752c40d0f30c16a9de78b183a8ef	internal/tracing/langfuse/memory_obs.go	no	adopt-upstream
A	000000	100644	0000000000000000000000000000000000000000	5edfbcd027af605b47f0272a1b43da101b5c7eab	internal/tracing/langfuse/memory_obs_test.go	no	adopt-upstream
M	100644	100644	cfe38b33d035728b28b48d57fe3d0df882e72651	5915609648456b9c76ff2f847ef82716119b17fc	internal/tracing/langfuse/retrieval_obs.go	no	adopt-upstream
M	100644	100644	9d76868edb8d27d2702c447ac333124c427d7567	0b70430f96037aa13e54be179b7bfcc1326505e1	internal/tracing/langfuse/tracer.go	no	adopt-upstream
M	100644	100644	d14a154da6c314ebb4e9602780047dfcc57c6f09	cdbb16293ffb4ef55b8d4edede0c06076697423e	internal/types/agent.go	yes:M	three-way-preserve-musuw
M	100644	100644	383e9511b37cab35e2d9ef87cf2cc893f401c874	47006e45d1bc875b525cf33cf50f56af0a970400	internal/types/agent_test.go	no	adopt-upstream
M	100644	100644	70b3bf1ecf0ec069488b3df378a9ee0690d3f3da	fb59239590adf4f19169ecd60f1795e25835e293	internal/types/audit_log.go	yes:M	three-way-preserve-musuw
M	100644	100644	f15a336c295259dda2437c1020839adaef139fc8	d4a38cdec1df3bd175719adbff807ce292c55ebd	internal/types/audit_log_test.go	no	adopt-upstream
M	100644	100644	26a9b73d371112eb36b97f2865447f3f856ab489	bd7899edd70b7052c38c88a4eceda7aec5ed99a9	internal/types/builtin_agent_config.go	no	adopt-upstream
A	000000	100644	0000000000000000000000000000000000000000	83151ba26e3066d2610583da7157ae78b0315fb0	internal/types/builtin_agent_localization_test.go	no	adopt-upstream
M	100644	100644	a05c7c18684f6847a0971abd238202ddf943e044	1a43d8fa8585d03277ccf58ec21d1765d9391d65	internal/types/chat.go	yes:M	three-way-preserve-musuw
M	100644	100644	9206bb8fb9edc052386aa057a35e96eb2528f93e	a74cbec8968e566e5e91068f6efb9029b66a5d24	internal/types/chat_manage.go	no	adopt-upstream
M	100644	100644	23389980505cce78a253a7f04103d3f18619b08e	6c669c485b854dc36cd0e537720ce7ba577b2fcc	internal/types/config_redaction.go	yes:M	three-way-preserve-musuw
A	000000	100644	0000000000000000000000000000000000000000	2baa4433f254ec8847462b27deaa7f670a482d8d	internal/types/config_redaction_sandbox_test.go	no	adopt-upstream
M	100644	100644	82d61134580fb73bd98792b6228141ea993c13d7	32234409272377ff4af85b1739731d6035172bf7	internal/types/const.go	no	adopt-upstream
A	000000	100644	0000000000000000000000000000000000000000	ba49c6cf4094e7ae5cfbe96b84c601cc32364d6a	internal/types/context_clone.go	no	adopt-upstream
A	000000	100644	0000000000000000000000000000000000000000	deb8f375a12bde19d73bd15f49347eb82af2f098	internal/types/context_clone_coverage_test.go	no	adopt-upstream
M	100644	100644	9a641fdca5e94a543aab2eda8d408b980478768d	01aaeac7fccf6dee797d04bcb3e74d881ed9c865	internal/types/context_helpers.go	no	adopt-upstream
M	100644	100644	bbba158a48fddd3654ea90e288e061f082cba575	ed207deba48c19f6480ac85cf7b2d9560f6eb941	internal/types/custom_agent.go	no	adopt-upstream
M	100644	100644	83e6677346756189a64df92eddbfe04020292c3e	83e5e9e26f53635e502f340f9c47bead71cb386d	internal/types/custom_agent_test.go	no	adopt-upstream
M	100644	100644	914e6b2872e1d03a077059b5acbd9919b72c64f2	a1ba855cd8fe32a99695f02b71ff0b73de9f6355	internal/types/datasource.go	yes:M	three-way-preserve-musuw
M	100644	100644	4a541c279be6c79f5a5da9ec2c7c222d63364d7b	4abbea2142694c74e91bc8f6fa5090d6e6f2a8cc	internal/types/embed_channel_test.go	no	adopt-upstream
M	100644	100644	2b4a2a689a1be1f184f9173abeebe9202f9d38ad	dbc98ef7270544ced384829dfbc148a72e98eec4	internal/types/faq_test.go	no	adopt-upstream
M	100644	100644	130933bb3aa2d4c2f8c526d69f0ee15a0eecb02e	889b0428fa5f6a7ef4910a600ab1a073186b180a	internal/types/interfaces/agent.go	no	adopt-upstream
M	100644	100644	9f6434d61de3cfdea41429be556840b0523a1d90	28cf8a4c6f460ac7a311411e76ebb6077294aed3	internal/types/interfaces/chunk.go	no	adopt-upstream
M	100644	100644	f45b5d803d546cf99b9e1824d301865521fb07d6	28a4b2c17a6a225cae217c239732138d7341159e	internal/types/interfaces/custom_agent.go	no	adopt-upstream
M	100644	100644	d615c8bb37b3e1980abbfa4372abd6276c421bea	b8179351c5717e617b7e9432078311246885a319	internal/types/interfaces/knowledge.go	yes:M	three-way-preserve-musuw
M	100644	100644	e3173779979975aa1b88b6db2ce77acbf93289c7	6bc7046107f18d7a5a93cfb60be2abce04aec04b	internal/types/interfaces/mcp_service.go	no	adopt-upstream
A	000000	100644	0000000000000000000000000000000000000000	a5647574bcce47ee5ec504ea6a8dbe0ba99e3f71	internal/types/interfaces/memory.go	no	adopt-upstream
M	100644	100644	310d3c01812d20fe1556600f25b9c4a6c798e739	b6ad52487471407a5ad666a2d0f56c578b908b1e	internal/types/interfaces/message.go	no	adopt-upstream
M	100644	100644	33bc533dda2bf76c0c16962325be51300275489c	b29f27563423ee6ff85358f704f515b7affcf15d	internal/types/interfaces/model.go	no	adopt-upstream
M	100644	100644	7d358f08266f694ba72291c1ef3d469c7308aadc	12dd33f643b77c006b23be6eae3d1f6797c93138	internal/types/interfaces/resource.go	no	adopt-upstream
M	100644	100644	41499d05616c0c2734ce2aae33eccb8c8963438a	6ff3acd92a93afb903cb6335cd5b0725ec4b3be6	internal/types/interfaces/stream_manager.go	no	adopt-upstream
M	100644	100644	15e6d2b7e206be42acecd2afb715f9a94d2de309	5beea60d87481a2b6bb20b49fe9e7aa3c34d38a2	internal/types/interfaces/tenant.go	yes:M	three-way-preserve-musuw
M	100644	100644	865c3b0b641cb7329a93e9d163cb7e15df1515ab	6c891beee8fcad52530f5889fe6b3de8c3c396a7	internal/types/interfaces/tenant_invitation_service.go	no	adopt-upstream
M	100644	100644	1633fda46ab2f62d4e45a9c770f047b55f691358	f39da46d8154fe0c99f611e9e2808b6bb2c9bdba	internal/types/interfaces/user.go	yes:M	three-way-preserve-musuw
M	100644	100644	985062d731ed1ab274d44c54110b2ea844d10922	13517c1f362b0786c3a227f4d40e9007e5bb6fae	internal/types/interfaces/wiki_page.go	no	adopt-upstream
M	100644	100644	2133997ac4e67847f978b3586d70d7a5cae683c8	aeac79bcf5c9a6d8c031bd8b6ba3dd84912053be	internal/types/knowledge.go	yes:M	three-way-preserve-musuw
M	100644	100644	6ca36ac381429dd276b38ef2b7f6c375f3b395b0	f934cbbb82c221e6bfe75691bf5cfc69022cded7	internal/types/knowledgebase.go	yes:M	three-way-preserve-musuw
A	000000	100644	0000000000000000000000000000000000000000	772360a9bd27c5b06430f6af67a0578700a871e1	internal/types/knowledgebase_auto_tag_test.go	no	adopt-upstream
M	100644	100644	599495346a9ff89b903c07af51295fb9f9e891a1	62febaed4735414e5374aa952920afae2e511ac6	internal/types/knowledgebase_test.go	no	adopt-upstream
A	000000	100644	0000000000000000000000000000000000000000	8e4b236c26825d2282a9c8f97cb414ec156bb77e	internal/types/memory.go	no	adopt-upstream
A	000000	100644	0000000000000000000000000000000000000000	af9899394aaafd75bf442d25369937c6b85b7459	internal/types/memory_test.go	no	adopt-upstream
M	100644	100644	c352b267ee836838de6415733f2430589e0c3a83	fc0d9d91714fe730686d3442c7fdc976507c636c	internal/types/message.go	no	adopt-upstream
M	100644	100644	2df67ec7982d2972abf3405077347b5c0d9296b0	95edcd189cabd25c2cd008ad96032091f785fcf6	internal/types/message_attachment_test.go	no	adopt-upstream
A	000000	100644	0000000000000000000000000000000000000000	9f8abf429fe2ef0816cdfa08de45ad83da53bf50	internal/types/message_test.go	no	adopt-upstream
M	100644	100644	94e9ff42fedfd1a2a95e15ad24af1fdc4db1236d	7569cf5aae76bac83c5f2894a736dc292cf37f01	internal/types/parser_engine_config_test.go	no	adopt-upstream
M	100644	100644	3cfad32f0dae652b9f87cbf1641ad24b3ae87937	4b47e6e78bfda507bf1690587149cfc2ae76f095	internal/types/prompt_instructions.go	no	adopt-upstream
M	100644	100644	0da9bbfe1e29101f591b98e39e8518ab38b7a0e6	1acacd6bdac5ac79acd814ff59e9556bba4f326a	internal/types/resource.go	no	adopt-upstream
A	000000	100644	0000000000000000000000000000000000000000	d74c9c658ae604c83a9f5074df3acc15ba0db08a	internal/types/resource_test.go	no	adopt-upstream
M	100644	100644	f62604a17ab2b89a1ac54d16f77ad2721bd433ae	fe5ab23b465dab812d50068fcfa0f6c487a45877	internal/types/retrieval_config.go	no	adopt-upstream
A	000000	100644	0000000000000000000000000000000000000000	0e78fb62aeca44aa3ea56290f3469c69724fe910	internal/types/sandbox_tenant_context_test.go	no	adopt-upstream
M	100644	100644	e6f3b7a7482c6e51ff3f39ed7be4794185d0fc1c	11951206164d4b1c3c2f885e417a99a6b7da3134	internal/types/session.go	yes:M	three-way-preserve-musuw
M	100644	100644	4ca4c462380e441963b7bf141c17c5c7f797dd36	98cf545662985ca8349076a8eadd538289a84325	internal/types/session_access_test.go	no	adopt-upstream
M	100644	100644	9f16b2e727e68c875fd1e0a6d1b2c07be5d96b11	6b8495ac0d0517132a8aff78e5601e5b9145b5fc	internal/types/task.go	yes:M	three-way-preserve-musuw
M	100644	100644	4b24f397da25fdb24880a2526611600336e7ad16	d2d946b1e54d4b530327f9bee3d1637a287e66e7	internal/types/task_queue_test.go	no	adopt-upstream
M	100644	100644	ce24d61dc31545166967d777bceb6d29dad6fb81	6480d5df1a70d4341f0a44bbf04888f3439e0e99	internal/types/tenant.go	yes:M	three-way-preserve-musuw
A	000000	100644	0000000000000000000000000000000000000000	9015c8604e269012a36d3650280749dab49aa05f	internal/types/tenant_env_vars.go	no	adopt-upstream
A	000000	100644	0000000000000000000000000000000000000000	b7875cf5fdd3010555b2638bbd2a7cec30cbe355	internal/types/tenant_env_vars_test.go	no	adopt-upstream
A	000000	100644	0000000000000000000000000000000000000000	07c4775be3c5549d677612fdaf8529066cc35ee4	internal/types/tenant_sandbox_config_entity.go	no	adopt-upstream
A	000000	100644	0000000000000000000000000000000000000000	8608c42875c6d12b12fd59725b9ef957966abb99	internal/types/tenant_sandbox_config_entity_test.go	no	adopt-upstream
A	000000	100644	0000000000000000000000000000000000000000	f46350a561223db06ea08f2b102d2a5951eb22e0	internal/types/tenant_sandbox_config_test.go	no	adopt-upstream
A	000000	100644	0000000000000000000000000000000000000000	25af15d8a21d6ec22b7e3cee5a26ded4f4715b3e	internal/types/tenant_skill.go	no	adopt-upstream
A	000000	100644	0000000000000000000000000000000000000000	3b27dea2d2389809f310b7799972a859e52d3433	internal/types/token_usage_test.go	no	adopt-upstream
M	100644	100644	8f5580971e3f5809aabc59a9729ee79c5e3db564	454d19f7dc452b782287731878030c466af29076	internal/types/user.go	yes:M	three-way-preserve-musuw
M	100644	100644	45a7ea3c701ab772e071eb90d525ebcfbf3e78b2	0a21cfbc6beb0bfc65a8b414f54c38f270285311	internal/types/web_search_provider.go	yes:M	three-way-preserve-musuw
M	100644	100644	9a5ca711fd4ee0000df4b1b807f58e7c57bf24c9	43fa4d90a5fafb5316bc3fdf4502ca4dd65e8e1d	internal/types/web_search_provider_test.go	no	adopt-upstream
M	100644	100644	e9035e2398a99585e6bfd77a178a51c4241b1d85	c05639113a66ed236b934004f6316e5c02f77047	internal/types/wiki_page.go	no	adopt-upstream
M	100644	100644	d16df422cd0935cc3cc3eec028f679de7cf2d9ea	530b225ac5f291bbca5d8594a2b7e26e016c3ee4	internal/types/wiki_page_test.go	no	adopt-upstream
M	100644	100644	581df76a3e3265f4c00ed5133d5337651f116c63	4d1265c810f1694e1fa41bff0c590aeadd37a44c	internal/utils/debug.go	no	adopt-upstream
M	100644	100644	fd504466d715a9d23f43af28634dcc718ec2d6f2	b32d54f8e931bbd0599e977d71d7d1fa27d64523	internal/utils/extraheaders.go	no	adopt-upstream
M	100644	100644	e24f972ab6cecb492c622481a0792fbd55c6e4f1	5f4ecf3305bbd3149fb170c8e9049d1543614eda	internal/utils/extraheaders_test.go	no	adopt-upstream
M	100644	100644	b1d3ed0a79ee5f11510c5f0d8aadfdeb829fb380	9fd05cca4e038ce3c332364bbf6336e96d1f1203	internal/utils/httputil.go	no	adopt-upstream
M	100644	100644	9e04c48c3677c3d5b3c72bd4151b26da27159e9e	03c061fb19d6bb1338a59d1579339c484d5eb4da	internal/utils/log_sanitize.go	no	adopt-upstream
A	000000	100644	0000000000000000000000000000000000000000	e45dfc901673122461273a4f82f11df65034b9c7	internal/utils/mysql_ssrf.go	no	adopt-upstream
M	100644	100644	5b8b4157c56a3d4049622844cdebfc4d2bfb51f0	df6427789c09fe242eae20b7809cc8855b684449	internal/utils/security.go	yes:M	three-way-preserve-musuw
M	100644	100644	22fba126ad1856d7c52717b1408f5630c64eff3d	30e55628e8212ef5bcb2e8e927be963240d54685	internal/utils/security_test.go	yes:M	three-way-preserve-musuw
M	100644	100644	296e2417cc6b826b125f107661b25e01e5e2d07d	303df5aec721448361673c3835803003f699e2e4	internal/utils/security_transport_test.go	no	adopt-upstream
A	000000	100644	0000000000000000000000000000000000000000	d7ffdbba835760d31a50ffcdb84941877528fbaa	internal/utils/ssrf_outbound_cache.go	no	adopt-upstream
A	000000	100644	0000000000000000000000000000000000000000	b3856478dcaabe3109c28b832b816a2a4698dc7c	internal/utils/ssrf_outbound_cache_test.go	no	adopt-upstream
M	100644	100644	45d6e5553395a2ab9973d1ed4ac7fe3d1761d144	89f7cc0ebf9a35215742ac0a5b50aed4d8689e62	internal/utils/taskid.go	yes:M	three-way-preserve-musuw
M	100644	100644	a4c7aec6083d0f8df83b49a1978c541827ef4b32	4f88a46cdd5ab2f4bf9dc5d55676e0d0eaa7648d	migrations/mysql/00-init-db.sql	yes:M	three-way-preserve-musuw
M	100644	100644	73802249600f99e602db9078abb36faf07f3b084	49416bdf6b045c6cb0f60c2ef4e525a939a75998	migrations/paradedb/00-init-db.sql	yes:M	three-way-preserve-musuw
M	100644	100644	d1baea4af009d9951a4d7f72b559068e2971070b	635cce402bf4f99cd3a9861cc00c7f04d5716037	migrations/sqlite/000000_init.up.sql	yes:M	three-way-preserve-musuw
A	000000	100644	0000000000000000000000000000000000000000	7e5bca01d17369c015e675132e1066cc6d6c74e6	migrations/sqlite/000003_knowledge_base_auto_tag_config.down.sql	no	adopt-upstream
A	000000	100644	0000000000000000000000000000000000000000	091f82221b18dd8ec3b9eb9f3a55833a3dc62fe8	migrations/sqlite/000003_knowledge_base_auto_tag_config.up.sql	no	adopt-upstream
A	000000	100644	0000000000000000000000000000000000000000	cdce23540f6baabd586ff05a2d7b7a6332991f1c	migrations/sqlite/000004_memory.down.sql	no	adopt-upstream
A	000000	100644	0000000000000000000000000000000000000000	f5a21a8636a7438d28e1c8e64e543cfc0d361470	migrations/sqlite/000004_memory.up.sql	no	adopt-upstream
A	000000	100644	0000000000000000000000000000000000000000	0d66f4f9ca5b3b3fdcf9b84226a9ec21ddd9667c	migrations/sqlite/000005_messages_attachments_and_invitation_fields.down.sql	no	adopt-upstream
A	000000	100644	0000000000000000000000000000000000000000	982470a5c38d332fdd921066f3e66439938e2a06	migrations/sqlite/000005_messages_attachments_and_invitation_fields.up.sql	no	adopt-upstream
A	000000	100644	0000000000000000000000000000000000000000	360a70124d451519fb5de72b5a23ae583d3a379b	migrations/sqlite/000006_task_queue_and_dead_letters.down.sql	no	adopt-upstream
A	000000	100644	0000000000000000000000000000000000000000	84393d3920853e168546343f294aaa5fe6f83d33	migrations/sqlite/000006_task_queue_and_dead_letters.up.sql	no	adopt-upstream
A	000000	100644	0000000000000000000000000000000000000000	3d1d8f45f2e550e665d368f4be2e2f1cdcff75ea	migrations/sqlite/000007_system_admin_and_settings.down.sql	no	adopt-upstream
A	000000	100644	0000000000000000000000000000000000000000	f002f787cc2fb38184140884a4a945293eba6321	migrations/sqlite/000007_system_admin_and_settings.up.sql	no	adopt-upstream
A	000000	100644	0000000000000000000000000000000000000000	e9f804eccaeeb6caab72cfececb9586c4fa81218	migrations/sqlite/000008_processing_spans_and_pending_subtasks.down.sql	no	adopt-upstream
A	000000	100644	0000000000000000000000000000000000000000	9b0c3ba8d5df25501de29549c56f972a2a757732	migrations/sqlite/000008_processing_spans_and_pending_subtasks.up.sql	no	adopt-upstream
A	000000	100644	0000000000000000000000000000000000000000	b61abf1d44a836cc6c65b546a736b05113158755	migrations/sqlite/000009_embed_channel_memory_flag.down.sql	no	adopt-upstream
A	000000	100644	0000000000000000000000000000000000000000	91941659d08064b1283e5e5f505917f3937e11e4	migrations/sqlite/000009_embed_channel_memory_flag.up.sql	no	adopt-upstream
A	000000	100644	0000000000000000000000000000000000000000	263be724372618810a362035fafda37f3782a9c9	migrations/sqlite/000010_knowledge_multi_tags.down.sql	no	adopt-upstream
A	000000	100644	0000000000000000000000000000000000000000	547a5861032c9b60415318facca2944671331822	migrations/sqlite/000010_knowledge_multi_tags.up.sql	no	adopt-upstream
A	000000	100644	0000000000000000000000000000000000000000	cd4f11518d30de93f1fe9371044189c727165adf	migrations/sqlite/000011_principal_model.down.sql	no	adopt-upstream
A	000000	100644	0000000000000000000000000000000000000000	49b671b5442a66c5ca06e82e8258b309705145f3	migrations/sqlite/000011_principal_model.up.sql	no	adopt-upstream
A	000000	100644	0000000000000000000000000000000000000000	0ee025eb5803734abea5f89ae933cf04fd04ed0a	migrations/sqlite/000012_message_usage.down.sql	no	adopt-upstream
A	000000	100644	0000000000000000000000000000000000000000	cbc3bc8fefa94c6d3bb37458b11de7899094c982	migrations/sqlite/000012_message_usage.up.sql	no	adopt-upstream
A	000000	100644	0000000000000000000000000000000000000000	795ccb812402741949a267d6838ea3c4cc9a16d9	migrations/versioned/000080_knowledge_base_auto_tag_config.down.sql	no	adopt-upstream
A	000000	100644	0000000000000000000000000000000000000000	10e7f41557e964121c5224931d89d7b146ed5156	migrations/versioned/000080_knowledge_base_auto_tag_config.up.sql	no	adopt-upstream
A	000000	100644	0000000000000000000000000000000000000000	13b3fb1d3f7be499efb49ad4619abcd8ff019889	migrations/versioned/000081_message_artifacts.down.sql	no	adopt-upstream
A	000000	100644	0000000000000000000000000000000000000000	c1c82850612a1bf25b57cc9227a6353b0b9d065f	migrations/versioned/000081_message_artifacts.up.sql	no	adopt-upstream
A	000000	100644	0000000000000000000000000000000000000000	fa6b53b323300ac1f46ae3cd7e8eb64ca7c01d5a	migrations/versioned/000082_tenant_sandbox_config.down.sql	no	adopt-upstream
A	000000	100644	0000000000000000000000000000000000000000	32e51e18c52b2db69305f71f9421ac8ff4558dd3	migrations/versioned/000082_tenant_sandbox_config.up.sql	no	adopt-upstream
A	000000	100644	0000000000000000000000000000000000000000	986b8903f58b35960f77c03eec6d3ec8df5eb338	migrations/versioned/000083_session_sandbox_config.down.sql	no	adopt-upstream
A	000000	100644	0000000000000000000000000000000000000000	05fbfa82852d795ad8e2682fe3707b35f03179d3	migrations/versioned/000083_session_sandbox_config.up.sql	no	adopt-upstream
A	000000	100644	0000000000000000000000000000000000000000	043eab0da666b4a1f2f4d5e5ef440092d8b2297e	migrations/versioned/000084_memory.down.sql	no	adopt-upstream
A	000000	100644	0000000000000000000000000000000000000000	3178978b7106ab17e93c816071d4d3e4cf405de5	migrations/versioned/000084_memory.up.sql	no	adopt-upstream
A	000000	100644	0000000000000000000000000000000000000000	9688136a7f6ab498cebcfe6f3671c5580da6eb58	migrations/versioned/000085_message_usage.down.sql	no	adopt-upstream
A	000000	100644	0000000000000000000000000000000000000000	d0b5106154fe50435855f0129211f332819f15ab	migrations/versioned/000085_message_usage.up.sql	no	adopt-upstream
A	000000	100644	0000000000000000000000000000000000000000	e9d23eca3cfc29c1d6a14a36f0f4ad269298e1bb	migrations/versioned/000086_tenant_skills.down.sql	no	adopt-upstream
A	000000	100644	0000000000000000000000000000000000000000	ad3028bfe8d38a2ea408f2a1bd0f7a8f92370942	migrations/versioned/000086_tenant_skills.up.sql	no	adopt-upstream
A	000000	100644	0000000000000000000000000000000000000000	f5d5a483dab11b8b09810c867e1fa4f980c48379	migrations/versioned/000087_skill_install_transcript.down.sql	no	adopt-upstream
A	000000	100644	0000000000000000000000000000000000000000	3f9517a2cf86bce1ec54e4d61e19232536665977	migrations/versioned/000087_skill_install_transcript.up.sql	no	adopt-upstream
A	000000	100644	0000000000000000000000000000000000000000	38d39d1d27139f1cd1121570807d8746b770193d	migrations/versioned/000088_skill_snapshot_planned_name.down.sql	no	adopt-upstream
A	000000	100644	0000000000000000000000000000000000000000	7d1fc8433e14ea0c28d3f227588845f591f8581c	migrations/versioned/000088_skill_snapshot_planned_name.up.sql	no	adopt-upstream
A	000000	100644	0000000000000000000000000000000000000000	3b152089fa3bc96a7631e34b9f1a2878c6ae6c4c	migrations/versioned/000089_env_vars.down.sql	no	adopt-upstream
A	000000	100644	0000000000000000000000000000000000000000	7e59f9f6559b5527d62529020fd9c578e318aedc	migrations/versioned/000089_env_vars.up.sql	no	adopt-upstream
A	000000	100644	0000000000000000000000000000000000000000	f6d3c397218522301d0eaa15e64f40497e9e8122	migrations/versioned/000090_skill_catalog.down.sql	no	adopt-upstream
A	000000	100644	0000000000000000000000000000000000000000	a8c4f724b3b22867c797d192a166b161af35f14f	migrations/versioned/000090_skill_catalog.up.sql	no	adopt-upstream
A	000000	100644	0000000000000000000000000000000000000000	1eae0cf6700cebfee743504d0bdeaf642a11f012	packages/dsh-weknora/.gitignore	no	adopt-upstream
A	000000	100644	0000000000000000000000000000000000000000	5b556bfffe552cccbcc20aa427be85f3be9f0e1c	packages/dsh-weknora/README.md	no	adopt-upstream
A	000000	100644	0000000000000000000000000000000000000000	6875b18e3cc855c65acf13d2d77bee36cb83de57	packages/dsh-weknora/README_CN.md	no	adopt-upstream
A	000000	100644	0000000000000000000000000000000000000000	331cd44b4e2221e3858cf8fc2c9cf7f5e1568b57	packages/dsh-weknora/contract/contract_test.go	no	adopt-upstream
A	000000	100644	0000000000000000000000000000000000000000	8c340035b48b4a3fb7d9e75df55bfdaa8a8bc396	packages/dsh-weknora/cordis.patch.yml	no	adopt-upstream
A	000000	100644	0000000000000000000000000000000000000000	169529e51e2d66bf7fefc5cf3b0184086bc6448a	packages/dsh-weknora/package-lock.json	no	adopt-upstream
A	000000	100644	0000000000000000000000000000000000000000	3f075bcbce59a70e0f4bc30fa438517f94d42e86	packages/dsh-weknora/package.json	no	adopt-upstream
A	000000	100644	0000000000000000000000000000000000000000	1975a972354e6a4ae41c8fbb6638579e52af376d	packages/dsh-weknora/src/client.ts	no	adopt-upstream
A	000000	100644	0000000000000000000000000000000000000000	5cbe4c4dcdebc18507913d037baa42edc25a80b2	packages/dsh-weknora/src/config.ts	no	adopt-upstream
A	000000	100644	0000000000000000000000000000000000000000	a8e49f03238d98d87d2b7e15bdfb20d0e6aa739e	packages/dsh-weknora/src/harness.ts	no	adopt-upstream
A	000000	100644	0000000000000000000000000000000000000000	ae165708c12b8108d6b8b99212486d0ae8961b77	packages/dsh-weknora/src/index.ts	no	adopt-upstream
A	000000	100644	0000000000000000000000000000000000000000	2bcbdb01e5dce750f9694fc0340cb330111c5b17	packages/dsh-weknora/src/render.ts	no	adopt-upstream
A	000000	100644	0000000000000000000000000000000000000000	5be1999e38e74cd7d1bdd18551929084c5f2c7f3	packages/dsh-weknora/src/tools.ts	no	adopt-upstream
A	000000	100644	0000000000000000000000000000000000000000	8a03566bab4639bf633928f26a70a96a76c1f901	packages/dsh-weknora/test/client.test.mjs	no	adopt-upstream
A	000000	100644	0000000000000000000000000000000000000000	a7b5d7e37ecd1b44082f8b94ed429df1e1ecb0d6	packages/dsh-weknora/test/config.test.mjs	no	adopt-upstream
A	000000	100644	0000000000000000000000000000000000000000	c09c740fe8e6d5aeb9ea0b1492717a654bfcf40d	packages/dsh-weknora/test/contract.test.mjs	no	adopt-upstream
A	000000	100644	0000000000000000000000000000000000000000	b736ea7374d0674ae11314eb442c97f085daad51	packages/dsh-weknora/test/e2e/fake-model.mjs	no	adopt-upstream
A	000000	100644	0000000000000000000000000000000000000000	d77900aaf9ea940dd9d3f41b21a10f738a362e13	packages/dsh-weknora/test/e2e/run-in-dsh.mjs	no	adopt-upstream
A	000000	100644	0000000000000000000000000000000000000000	162bc53670ec8921b3dfcec6fb0831848a33b176	packages/dsh-weknora/test/fixtures/api-contract.json	no	adopt-upstream
A	000000	100644	0000000000000000000000000000000000000000	d1efb0148f610d62a5d05aea00b61dc286a76b3d	packages/dsh-weknora/test/helpers/json-schema.mjs	no	adopt-upstream
A	000000	100644	0000000000000000000000000000000000000000	9ce3eb8c936dd61e4c27880149f4f82c2f8f88c3	packages/dsh-weknora/test/helpers/mock-weknora.mjs	no	adopt-upstream
A	000000	100644	0000000000000000000000000000000000000000	8be07a9ad34d0baec4a75ceafc9d1cd24a397e15	packages/dsh-weknora/test/tools.test.mjs	no	adopt-upstream
A	000000	100644	0000000000000000000000000000000000000000	a0bfcab3e31a4ae6ab6950442ec90db6ea16ef87	packages/dsh-weknora/tsconfig.build.json	no	adopt-upstream
A	000000	100644	0000000000000000000000000000000000000000	989ac8ae2a365152c72bb428f2e61c20ce40b76b	packages/dsh-weknora/tsconfig.json	no	adopt-upstream
A	000000	100755	0000000000000000000000000000000000000000	d59aeeb48ab44dda37b2d9348286685192822df4	scripts/build-anydoc-lib.sh	no	adopt-upstream
M	100755	100755	b448d865700ee9de3e4bb377dcc7458fde3a2321	725f8b9f87fa3c551888ee2c21b36a57f3a54950	scripts/build_images.sh	no	adopt-upstream
M	100755	100755	18c4f0f60f607579f4a1e1d3da750968f7abab76	6f7b5eb6a4338ed44656b1586ff33907aa3f5ae3	scripts/cloud-image/prepare.sh	no	adopt-upstream
M	100755	100755	315b3161f7a8697bac97c27f77e89b388e846c44	d3836a5575346b622776ac894922d24f7ff6abb5	scripts/dev.sh	no	adopt-upstream
A	000000	100755	0000000000000000000000000000000000000000	e6370489620e0c0026896187d3bdc7e04c59d770	scripts/git-hooks/common.sh	no	adopt-upstream
A	000000	100755	0000000000000000000000000000000000000000	cc7ba3a8866beab8cab60da9f45c72181a814596	scripts/git-hooks/pre-commit	no	adopt-upstream
A	000000	100755	0000000000000000000000000000000000000000	0580687f26ed49cf87358d92b0e50a55b96327ab	scripts/git-hooks/pre-push	no	adopt-upstream
A	000000	100755	0000000000000000000000000000000000000000	0b2e950abb685306a69055b742f491eb0e7e1918	scripts/install-git-hooks.sh	no	adopt-upstream
A	000000	100644	0000000000000000000000000000000000000000	a5a68772c1496bcaa9f6c013257257e50dafc700	third_party/anydoc-go/.gitignore	no	adopt-upstream
A	000000	100644	0000000000000000000000000000000000000000	b33122f56e8c0ea6cddd868aad60854ab7b3a937	third_party/anydoc-go/Cargo.lock	no	adopt-upstream
A	000000	100644	0000000000000000000000000000000000000000	945ef5ff86f763b1e96e297999e95a7911c49e9c	third_party/anydoc-go/Cargo.toml	no	adopt-upstream
A	000000	100644	0000000000000000000000000000000000000000	7ad9f5abd403a43dfcb7b5559e5bc5fac003b2de	third_party/anydoc-go/LICENSE	no	adopt-upstream
A	000000	100644	0000000000000000000000000000000000000000	7448e0254a807fc63f2c33c07396fa02cffc703c	third_party/anydoc-go/README.md	no	adopt-upstream
A	000000	100644	0000000000000000000000000000000000000000	5830e758312f83e5dab483f55bb79ca2d31f86b0	third_party/anydoc-go/anydoc.go	no	adopt-upstream
A	000000	100644	0000000000000000000000000000000000000000	09bb51ba28bb92f51282c90146b5343352def1f5	third_party/anydoc-go/build.rs	no	adopt-upstream
A	000000	100644	0000000000000000000000000000000000000000	9000e8378018e80d232f491b1e3fa2db17f7ca31	third_party/anydoc-go/errors.go	no	adopt-upstream
A	000000	100644	0000000000000000000000000000000000000000	05bed7c88748000fe69cd9c3200a687f5ceaed3b	third_party/anydoc-go/format.go	no	adopt-upstream
A	000000	100644	0000000000000000000000000000000000000000	d0780b92d64ac73dafb6dfeaf9b8bcd878a41f38	third_party/anydoc-go/go.mod	no	adopt-upstream
A	000000	100644	0000000000000000000000000000000000000000	179ff5ce466d9469e91e22d9d15a4924f459ea56	third_party/anydoc-go/include/anydoc.h	no	adopt-upstream
A	000000	100644	0000000000000000000000000000000000000000	1618280e2a108d1861c8e7cadc4f7dcd11e2942c	third_party/anydoc-go/lib_linux_gnu.go	no	adopt-upstream
A	000000	100644	0000000000000000000000000000000000000000	5c710676c99ea3b41b25066d5cd04339a81cb136	third_party/anydoc-go/lib_linux_musl.go	no	adopt-upstream
A	000000	100644	0000000000000000000000000000000000000000	c0656950ca0246ba8c0aa895c9ca22925b4a04d6	third_party/anydoc-go/model.go	no	adopt-upstream
A	000000	100644	0000000000000000000000000000000000000000	b5247df7714e1b2c6579c8f66a2a8cee647062f5	third_party/anydoc-go/src/asset_links.rs	no	adopt-upstream
A	000000	100644	0000000000000000000000000000000000000000	18b787f790be22a240fe8897d0e2e5c0698f6661	third_party/anydoc-go/src/lib.rs	no	adopt-upstream
A	000000	100644	0000000000000000000000000000000000000000	5a97b044874c6b03caa9eaf6305d148e4848d7ab	third_party/anydoc-go/src/model.rs	no	adopt-upstream
A	000000	100644	0000000000000000000000000000000000000000	e493d82fdd6ac06fe1fbacf88b22f016b419db2d	third_party/anydoc-go/version.go	no	adopt-upstream
M	100644	100644	ff7a7c67d11b9369eef6290a43d5f1988f0209b7	d8ee8ae1d4fcf069e34a2aa3352bc69bf2effaa5	website-docs/01-getting-started/01-introduction.md	yes:M	three-way-preserve-musuw
M	100644	100644	acae69c149dcd04621cad185c9cd511fe3568c40	cd67705d63d7633d368b1f26c77f93066c72af6f	website-docs/01-getting-started/02-installation.md	no	adopt-upstream
M	100644	100644	019522ebd496558abd9351ea0e4ef8fa3bc171cb	2839a5f316adafaf6793cc745f9c17972174a019	website-docs/01-getting-started/04-configuration.md	yes:M	three-way-preserve-musuw
M	100644	100644	1eab010cadfceb62ed6400be2d8762bad4269890	f67c725c98d715572c47b6ee178325dce283c6f6	website-docs/02-architecture/01-overview.md	no	adopt-upstream
M	100644	100644	990a7aef37216213dcaaf912e18476cd697064d1	3c2086d16d43a54ada4a0a4495cdd5b2ee861440	website-docs/02-architecture/03-document-pipeline.md	yes:M	three-way-preserve-musuw
M	100644	100644	7e57c3838b4ba38850bb30f980a05dc49cc3f2de	c7dd2ccc1b10121fb58b08cdb8bd084947770f42	website-docs/02-architecture/04-rag-pipeline.md	no	adopt-upstream
M	100644	100644	4b476842424e982cd2253af205816e7f29a15034	69ea1e4fb5e02b2414db7bd43420420c733cfe5a	website-docs/03-features/03-document-parsing.md	no	adopt-upstream
M	100644	100644	56046c96679fc541f86adfffc045a629e55f68b5	a015a9742599f0a8087e48e15c74673aa3489277	website-docs/03-features/07-agent.md	no	adopt-upstream
M	100644	100644	21f21095707ef3fe3859dcce6ab0d9f86b450709	d15dab22ff5eae8fe03fd69013a3d99349e133cb	website-docs/03-features/12-im-integration.md	no	adopt-upstream
M	100644	100644	643fc8cebf8470ddca288f6dd48606c6575d4027	42c5d673f831a928c75000b33fe75bbca7f59c20	website-docs/03-features/17-faq.md	no	adopt-upstream
M	100644	100644	305ed63eab979022ff19dda89cf851885ac17849	c0387b26cd8f399c1281a259c4857ee6fedbf72a	website-docs/04-api/01-api-overview.md	no	adopt-upstream
M	100644	100644	d4f49197e02ea9336fe7177ecdcd20879420958d	40ce28f0895a2e1aba0923ba9f0ca4c5f7c1d2cd	website-docs/04-api/02-api-knowledge.md	no	adopt-upstream
M	100644	100644	add8c312b77433b75ec852545afebf667eb8a44c	fd8095e90e4dc5ab9d4a6556a7373ebae9fcbf09	website-docs/05-clients/01-frontend.md	yes:M	three-way-preserve-musuw
M	100644	100644	94a5d744c1972778756eaec0afc46efcc1de0868	797f98f0a5517b0ac3f04862025b058d3a155b4f	website-docs/05-clients/03-go-sdk.md	no	adopt-upstream
M	100644	100644	14a5d32908d5e9076c6d644090bee86ad5d0f489	551a06f15ac00d484d5f44a9768d00ab91564e31	website-docs/README.md	no	adopt-upstream
